Filepath,Bird-Species
data\spectrogram_dataset\train\Asian-Koel\Asian-Koel-0.png,Asian-Koel
data\spectrogram_dataset\train\Asian-Koel\Asian-Koel-1.png,Asian-Koel
data\spectrogram_dataset\train\Asian-Koel\Asian-Koel-10.png,Asian-Koel
data\spectrogram_dataset\train\Asian-Koel\Asian-Koel-100.png,Asian-Koel
data\spectrogram_dataset\train\Asian-Koel\Asian-Koel-101.png,Asian-Koel
data\spectrogram_dataset\train\Asian-Koel\Asian-Koel-102.png,Asian-Koel
data\spectrogram_dataset\train\Asian-Koel\Asian-Koel-103.png,Asian-Koel
data\spectrogram_dataset\train\Asian-Koel\Asian-Koel-104.png,Asian-Koel
data\spectrogram_dataset\train\Asian-Koel\Asian-Koel-105.png,Asian-Koel
data\spectrogram_dataset\train\Asian-Koel\Asian-Koel-106.png,Asian-Koel
data\spectrogram_dataset\train\Asian-Koel\Asian-Koel-107.png,Asian-Koel
data\spectrogram_dataset\train\Asian-Koel\Asian-Koel-108.png,Asian-Koel
data\spectrogram_dataset\train\Asian-Koel\Asian-Koel-109.png,Asian-Koel
data\spectrogram_dataset\train\Asian-Koel\Asian-Koel-11.png,Asian-Koel
data\spectrogram_dataset\train\Asian-Koel\Asian-Koel-110.png,Asian-Koel
data\spectrogram_dataset\train\Asian-Koel\Asian-Koel-111.png,Asian-Koel
data\spectrogram_dataset\train\Asian-Koel\Asian-Koel-112.png,Asian-Koel
data\spectrogram_dataset\train\Asian-Koel\Asian-Koel-113.png,Asian-Koel
data\spectrogram_dataset\train\Asian-Koel\Asian-Koel-114.png,Asian-Koel
data\spectrogram_dataset\train\Asian-Koel\Asian-Koel-115.png,Asian-Koel
data\spectrogram_dataset\train\Asian-Koel\Asian-Koel-116.png,Asian-Koel
data\spectrogram_dataset\train\Asian-Koel\Asian-Koel-117.png,Asian-Koel
data\spectrogram_dataset\train\Asian-Koel\Asian-Koel-118.png,Asian-Koel
data\spectrogram_dataset\train\Asian-Koel\Asian-Koel-119.png,Asian-Koel
data\spectrogram_dataset\train\Asian-Koel\Asian-Koel-12.png,Asian-Koel
data\spectrogram_dataset\train\Asian-Koel\Asian-Koel-120.png,Asian-Koel
data\spectrogram_dataset\train\Asian-Koel\Asian-Koel-121.png,Asian-Koel
data\spectrogram_dataset\train\Asian-Koel\Asian-Koel-122.png,Asian-Koel
data\spectrogram_dataset\train\Asian-Koel\Asian-Koel-123.png,Asian-Koel
data\spectrogram_dataset\train\Asian-Koel\Asian-Koel-124.png,Asian-Koel
data\spectrogram_dataset\train\Asian-Koel\Asian-Koel-125.png,Asian-Koel
data\spectrogram_dataset\train\Asian-Koel\Asian-Koel-126.png,Asian-Koel
data\spectrogram_dataset\train\Asian-Koel\Asian-Koel-127.png,Asian-Koel
data\spectrogram_dataset\train\Asian-Koel\Asian-Koel-128.png,Asian-Koel
data\spectrogram_dataset\train\Asian-Koel\Asian-Koel-129.png,Asian-Koel
data\spectrogram_dataset\train\Asian-Koel\Asian-Koel-13.png,Asian-Koel
data\spectrogram_dataset\train\Asian-Koel\Asian-Koel-130.png,Asian-Koel
data\spectrogram_dataset\train\Asian-Koel\Asian-Koel-131.png,Asian-Koel
data\spectrogram_dataset\train\Asian-Koel\Asian-Koel-132.png,Asian-Koel
data\spectrogram_dataset\train\Asian-Koel\Asian-Koel-133.png,Asian-Koel
data\spectrogram_dataset\train\Asian-Koel\Asian-Koel-134.png,Asian-Koel
data\spectrogram_dataset\train\Asian-Koel\Asian-Koel-135.png,Asian-Koel
data\spectrogram_dataset\train\Asian-Koel\Asian-Koel-136.png,Asian-Koel
data\spectrogram_dataset\train\Asian-Koel\Asian-Koel-137.png,Asian-Koel
data\spectrogram_dataset\train\Asian-Koel\Asian-Koel-138.png,Asian-Koel
data\spectrogram_dataset\train\Asian-Koel\Asian-Koel-139.png,Asian-Koel
data\spectrogram_dataset\train\Asian-Koel\Asian-Koel-14.png,Asian-Koel
data\spectrogram_dataset\train\Asian-Koel\Asian-Koel-140.png,Asian-Koel
data\spectrogram_dataset\train\Asian-Koel\Asian-Koel-141.png,Asian-Koel
data\spectrogram_dataset\train\Asian-Koel\Asian-Koel-142.png,Asian-Koel
data\spectrogram_dataset\train\Asian-Koel\Asian-Koel-143.png,Asian-Koel
data\spectrogram_dataset\train\Asian-Koel\Asian-Koel-144.png,Asian-Koel
data\spectrogram_dataset\train\Asian-Koel\Asian-Koel-145.png,Asian-Koel
data\spectrogram_dataset\train\Asian-Koel\Asian-Koel-146.png,Asian-Koel
data\spectrogram_dataset\train\Asian-Koel\Asian-Koel-147.png,Asian-Koel
data\spectrogram_dataset\train\Asian-Koel\Asian-Koel-148.png,Asian-Koel
data\spectrogram_dataset\train\Asian-Koel\Asian-Koel-149.png,Asian-Koel
data\spectrogram_dataset\train\Asian-Koel\Asian-Koel-15.png,Asian-Koel
data\spectrogram_dataset\train\Asian-Koel\Asian-Koel-150.png,Asian-Koel
data\spectrogram_dataset\train\Asian-Koel\Asian-Koel-151.png,Asian-Koel
data\spectrogram_dataset\train\Asian-Koel\Asian-Koel-152.png,Asian-Koel
data\spectrogram_dataset\train\Asian-Koel\Asian-Koel-153.png,Asian-Koel
data\spectrogram_dataset\train\Asian-Koel\Asian-Koel-154.png,Asian-Koel
data\spectrogram_dataset\train\Asian-Koel\Asian-Koel-155.png,Asian-Koel
data\spectrogram_dataset\train\Asian-Koel\Asian-Koel-156.png,Asian-Koel
data\spectrogram_dataset\train\Asian-Koel\Asian-Koel-157.png,Asian-Koel
data\spectrogram_dataset\train\Asian-Koel\Asian-Koel-158.png,Asian-Koel
data\spectrogram_dataset\train\Asian-Koel\Asian-Koel-159.png,Asian-Koel
data\spectrogram_dataset\train\Asian-Koel\Asian-Koel-16.png,Asian-Koel
data\spectrogram_dataset\train\Asian-Koel\Asian-Koel-160.png,Asian-Koel
data\spectrogram_dataset\train\Asian-Koel\Asian-Koel-161.png,Asian-Koel
data\spectrogram_dataset\train\Asian-Koel\Asian-Koel-162.png,Asian-Koel
data\spectrogram_dataset\train\Asian-Koel\Asian-Koel-163.png,Asian-Koel
data\spectrogram_dataset\train\Asian-Koel\Asian-Koel-164.png,Asian-Koel
data\spectrogram_dataset\train\Asian-Koel\Asian-Koel-165.png,Asian-Koel
data\spectrogram_dataset\train\Asian-Koel\Asian-Koel-166.png,Asian-Koel
data\spectrogram_dataset\train\Asian-Koel\Asian-Koel-167.png,Asian-Koel
data\spectrogram_dataset\train\Asian-Koel\Asian-Koel-168.png,Asian-Koel
data\spectrogram_dataset\train\Asian-Koel\Asian-Koel-169.png,Asian-Koel
data\spectrogram_dataset\train\Asian-Koel\Asian-Koel-17.png,Asian-Koel
data\spectrogram_dataset\train\Asian-Koel\Asian-Koel-170.png,Asian-Koel
data\spectrogram_dataset\train\Asian-Koel\Asian-Koel-171.png,Asian-Koel
data\spectrogram_dataset\train\Asian-Koel\Asian-Koel-172.png,Asian-Koel
data\spectrogram_dataset\train\Asian-Koel\Asian-Koel-173.png,Asian-Koel
data\spectrogram_dataset\train\Asian-Koel\Asian-Koel-174.png,Asian-Koel
data\spectrogram_dataset\train\Asian-Koel\Asian-Koel-175.png,Asian-Koel
data\spectrogram_dataset\train\Asian-Koel\Asian-Koel-176.png,Asian-Koel
data\spectrogram_dataset\train\Asian-Koel\Asian-Koel-177.png,Asian-Koel
data\spectrogram_dataset\train\Asian-Koel\Asian-Koel-178.png,Asian-Koel
data\spectrogram_dataset\train\Asian-Koel\Asian-Koel-179.png,Asian-Koel
data\spectrogram_dataset\train\Asian-Koel\Asian-Koel-18.png,Asian-Koel
data\spectrogram_dataset\train\Asian-Koel\Asian-Koel-180.png,Asian-Koel
data\spectrogram_dataset\train\Asian-Koel\Asian-Koel-181.png,Asian-Koel
data\spectrogram_dataset\train\Asian-Koel\Asian-Koel-182.png,Asian-Koel
data\spectrogram_dataset\train\Asian-Koel\Asian-Koel-183.png,Asian-Koel
data\spectrogram_dataset\train\Asian-Koel\Asian-Koel-184.png,Asian-Koel
data\spectrogram_dataset\train\Asian-Koel\Asian-Koel-185.png,Asian-Koel
data\spectrogram_dataset\train\Asian-Koel\Asian-Koel-186.png,Asian-Koel
data\spectrogram_dataset\train\Asian-Koel\Asian-Koel-187.png,Asian-Koel
data\spectrogram_dataset\train\Asian-Koel\Asian-Koel-188.png,Asian-Koel
data\spectrogram_dataset\train\Asian-Koel\Asian-Koel-189.png,Asian-Koel
data\spectrogram_dataset\train\Asian-Koel\Asian-Koel-19.png,Asian-Koel
data\spectrogram_dataset\train\Asian-Koel\Asian-Koel-190.png,Asian-Koel
data\spectrogram_dataset\train\Asian-Koel\Asian-Koel-191.png,Asian-Koel
data\spectrogram_dataset\train\Asian-Koel\Asian-Koel-192.png,Asian-Koel
data\spectrogram_dataset\train\Asian-Koel\Asian-Koel-193.png,Asian-Koel
data\spectrogram_dataset\train\Asian-Koel\Asian-Koel-194.png,Asian-Koel
data\spectrogram_dataset\train\Asian-Koel\Asian-Koel-195.png,Asian-Koel
data\spectrogram_dataset\train\Asian-Koel\Asian-Koel-196.png,Asian-Koel
data\spectrogram_dataset\train\Asian-Koel\Asian-Koel-197.png,Asian-Koel
data\spectrogram_dataset\train\Asian-Koel\Asian-Koel-198.png,Asian-Koel
data\spectrogram_dataset\train\Asian-Koel\Asian-Koel-199.png,Asian-Koel
data\spectrogram_dataset\train\Asian-Koel\Asian-Koel-2.png,Asian-Koel
data\spectrogram_dataset\train\Asian-Koel\Asian-Koel-20.png,Asian-Koel
data\spectrogram_dataset\train\Asian-Koel\Asian-Koel-200.png,Asian-Koel
data\spectrogram_dataset\train\Asian-Koel\Asian-Koel-201.png,Asian-Koel
data\spectrogram_dataset\train\Asian-Koel\Asian-Koel-202.png,Asian-Koel
data\spectrogram_dataset\train\Asian-Koel\Asian-Koel-203.png,Asian-Koel
data\spectrogram_dataset\train\Asian-Koel\Asian-Koel-204.png,Asian-Koel
data\spectrogram_dataset\train\Asian-Koel\Asian-Koel-205.png,Asian-Koel
data\spectrogram_dataset\train\Asian-Koel\Asian-Koel-206.png,Asian-Koel
data\spectrogram_dataset\train\Asian-Koel\Asian-Koel-207.png,Asian-Koel
data\spectrogram_dataset\train\Asian-Koel\Asian-Koel-208.png,Asian-Koel
data\spectrogram_dataset\train\Asian-Koel\Asian-Koel-209.png,Asian-Koel
data\spectrogram_dataset\train\Asian-Koel\Asian-Koel-21.png,Asian-Koel
data\spectrogram_dataset\train\Asian-Koel\Asian-Koel-210.png,Asian-Koel
data\spectrogram_dataset\train\Asian-Koel\Asian-Koel-211.png,Asian-Koel
data\spectrogram_dataset\train\Asian-Koel\Asian-Koel-212.png,Asian-Koel
data\spectrogram_dataset\train\Asian-Koel\Asian-Koel-213.png,Asian-Koel
data\spectrogram_dataset\train\Asian-Koel\Asian-Koel-214.png,Asian-Koel
data\spectrogram_dataset\train\Asian-Koel\Asian-Koel-215.png,Asian-Koel
data\spectrogram_dataset\train\Asian-Koel\Asian-Koel-216.png,Asian-Koel
data\spectrogram_dataset\train\Asian-Koel\Asian-Koel-217.png,Asian-Koel
data\spectrogram_dataset\train\Asian-Koel\Asian-Koel-218.png,Asian-Koel
data\spectrogram_dataset\train\Asian-Koel\Asian-Koel-219.png,Asian-Koel
data\spectrogram_dataset\train\Asian-Koel\Asian-Koel-22.png,Asian-Koel
data\spectrogram_dataset\train\Asian-Koel\Asian-Koel-220.png,Asian-Koel
data\spectrogram_dataset\train\Asian-Koel\Asian-Koel-221.png,Asian-Koel
data\spectrogram_dataset\train\Asian-Koel\Asian-Koel-222.png,Asian-Koel
data\spectrogram_dataset\train\Asian-Koel\Asian-Koel-223.png,Asian-Koel
data\spectrogram_dataset\train\Asian-Koel\Asian-Koel-224.png,Asian-Koel
data\spectrogram_dataset\train\Asian-Koel\Asian-Koel-225.png,Asian-Koel
data\spectrogram_dataset\train\Asian-Koel\Asian-Koel-226.png,Asian-Koel
data\spectrogram_dataset\train\Asian-Koel\Asian-Koel-227.png,Asian-Koel
data\spectrogram_dataset\train\Asian-Koel\Asian-Koel-228.png,Asian-Koel
data\spectrogram_dataset\train\Asian-Koel\Asian-Koel-229.png,Asian-Koel
data\spectrogram_dataset\train\Asian-Koel\Asian-Koel-23.png,Asian-Koel
data\spectrogram_dataset\train\Asian-Koel\Asian-Koel-230.png,Asian-Koel
data\spectrogram_dataset\train\Asian-Koel\Asian-Koel-231.png,Asian-Koel
data\spectrogram_dataset\train\Asian-Koel\Asian-Koel-232.png,Asian-Koel
data\spectrogram_dataset\train\Asian-Koel\Asian-Koel-233.png,Asian-Koel
data\spectrogram_dataset\train\Asian-Koel\Asian-Koel-234.png,Asian-Koel
data\spectrogram_dataset\train\Asian-Koel\Asian-Koel-235.png,Asian-Koel
data\spectrogram_dataset\train\Asian-Koel\Asian-Koel-236.png,Asian-Koel
data\spectrogram_dataset\train\Asian-Koel\Asian-Koel-237.png,Asian-Koel
data\spectrogram_dataset\train\Asian-Koel\Asian-Koel-238.png,Asian-Koel
data\spectrogram_dataset\train\Asian-Koel\Asian-Koel-239.png,Asian-Koel
data\spectrogram_dataset\train\Asian-Koel\Asian-Koel-24.png,Asian-Koel
data\spectrogram_dataset\train\Asian-Koel\Asian-Koel-240.png,Asian-Koel
data\spectrogram_dataset\train\Asian-Koel\Asian-Koel-241.png,Asian-Koel
data\spectrogram_dataset\train\Asian-Koel\Asian-Koel-242.png,Asian-Koel
data\spectrogram_dataset\train\Asian-Koel\Asian-Koel-243.png,Asian-Koel
data\spectrogram_dataset\train\Asian-Koel\Asian-Koel-244.png,Asian-Koel
data\spectrogram_dataset\train\Asian-Koel\Asian-Koel-245.png,Asian-Koel
data\spectrogram_dataset\train\Asian-Koel\Asian-Koel-246.png,Asian-Koel
data\spectrogram_dataset\train\Asian-Koel\Asian-Koel-247.png,Asian-Koel
data\spectrogram_dataset\train\Asian-Koel\Asian-Koel-248.png,Asian-Koel
data\spectrogram_dataset\train\Asian-Koel\Asian-Koel-249.png,Asian-Koel
data\spectrogram_dataset\train\Asian-Koel\Asian-Koel-25.png,Asian-Koel
data\spectrogram_dataset\train\Asian-Koel\Asian-Koel-250.png,Asian-Koel
data\spectrogram_dataset\train\Asian-Koel\Asian-Koel-251.png,Asian-Koel
data\spectrogram_dataset\train\Asian-Koel\Asian-Koel-252.png,Asian-Koel
data\spectrogram_dataset\train\Asian-Koel\Asian-Koel-253.png,Asian-Koel
data\spectrogram_dataset\train\Asian-Koel\Asian-Koel-254.png,Asian-Koel
data\spectrogram_dataset\train\Asian-Koel\Asian-Koel-255.png,Asian-Koel
data\spectrogram_dataset\train\Asian-Koel\Asian-Koel-256.png,Asian-Koel
data\spectrogram_dataset\train\Asian-Koel\Asian-Koel-257.png,Asian-Koel
data\spectrogram_dataset\train\Asian-Koel\Asian-Koel-258.png,Asian-Koel
data\spectrogram_dataset\train\Asian-Koel\Asian-Koel-259.png,Asian-Koel
data\spectrogram_dataset\train\Asian-Koel\Asian-Koel-26.png,Asian-Koel
data\spectrogram_dataset\train\Asian-Koel\Asian-Koel-260.png,Asian-Koel
data\spectrogram_dataset\train\Asian-Koel\Asian-Koel-261.png,Asian-Koel
data\spectrogram_dataset\train\Asian-Koel\Asian-Koel-262.png,Asian-Koel
data\spectrogram_dataset\train\Asian-Koel\Asian-Koel-263.png,Asian-Koel
data\spectrogram_dataset\train\Asian-Koel\Asian-Koel-264.png,Asian-Koel
data\spectrogram_dataset\train\Asian-Koel\Asian-Koel-265.png,Asian-Koel
data\spectrogram_dataset\train\Asian-Koel\Asian-Koel-266.png,Asian-Koel
data\spectrogram_dataset\train\Asian-Koel\Asian-Koel-267.png,Asian-Koel
data\spectrogram_dataset\train\Asian-Koel\Asian-Koel-268.png,Asian-Koel
data\spectrogram_dataset\train\Asian-Koel\Asian-Koel-269.png,Asian-Koel
data\spectrogram_dataset\train\Asian-Koel\Asian-Koel-27.png,Asian-Koel
data\spectrogram_dataset\train\Asian-Koel\Asian-Koel-270.png,Asian-Koel
data\spectrogram_dataset\train\Asian-Koel\Asian-Koel-271.png,Asian-Koel
data\spectrogram_dataset\train\Asian-Koel\Asian-Koel-272.png,Asian-Koel
data\spectrogram_dataset\train\Asian-Koel\Asian-Koel-273.png,Asian-Koel
data\spectrogram_dataset\train\Asian-Koel\Asian-Koel-274.png,Asian-Koel
data\spectrogram_dataset\train\Asian-Koel\Asian-Koel-275.png,Asian-Koel
data\spectrogram_dataset\train\Asian-Koel\Asian-Koel-276.png,Asian-Koel
data\spectrogram_dataset\train\Asian-Koel\Asian-Koel-277.png,Asian-Koel
data\spectrogram_dataset\train\Asian-Koel\Asian-Koel-278.png,Asian-Koel
data\spectrogram_dataset\train\Asian-Koel\Asian-Koel-279.png,Asian-Koel
data\spectrogram_dataset\train\Asian-Koel\Asian-Koel-28.png,Asian-Koel
data\spectrogram_dataset\train\Asian-Koel\Asian-Koel-280.png,Asian-Koel
data\spectrogram_dataset\train\Asian-Koel\Asian-Koel-281.png,Asian-Koel
data\spectrogram_dataset\train\Asian-Koel\Asian-Koel-282.png,Asian-Koel
data\spectrogram_dataset\train\Asian-Koel\Asian-Koel-283.png,Asian-Koel
data\spectrogram_dataset\train\Asian-Koel\Asian-Koel-284.png,Asian-Koel
data\spectrogram_dataset\train\Asian-Koel\Asian-Koel-285.png,Asian-Koel
data\spectrogram_dataset\train\Asian-Koel\Asian-Koel-286.png,Asian-Koel
data\spectrogram_dataset\train\Asian-Koel\Asian-Koel-287.png,Asian-Koel
data\spectrogram_dataset\train\Asian-Koel\Asian-Koel-288.png,Asian-Koel
data\spectrogram_dataset\train\Asian-Koel\Asian-Koel-29.png,Asian-Koel
data\spectrogram_dataset\train\Asian-Koel\Asian-Koel-3.png,Asian-Koel
data\spectrogram_dataset\train\Asian-Koel\Asian-Koel-30.png,Asian-Koel
data\spectrogram_dataset\train\Asian-Koel\Asian-Koel-31.png,Asian-Koel
data\spectrogram_dataset\train\Asian-Koel\Asian-Koel-32.png,Asian-Koel
data\spectrogram_dataset\train\Asian-Koel\Asian-Koel-33.png,Asian-Koel
data\spectrogram_dataset\train\Asian-Koel\Asian-Koel-34.png,Asian-Koel
data\spectrogram_dataset\train\Asian-Koel\Asian-Koel-35.png,Asian-Koel
data\spectrogram_dataset\train\Asian-Koel\Asian-Koel-36.png,Asian-Koel
data\spectrogram_dataset\train\Asian-Koel\Asian-Koel-37.png,Asian-Koel
data\spectrogram_dataset\train\Asian-Koel\Asian-Koel-38.png,Asian-Koel
data\spectrogram_dataset\train\Asian-Koel\Asian-Koel-39.png,Asian-Koel
data\spectrogram_dataset\train\Asian-Koel\Asian-Koel-4.png,Asian-Koel
data\spectrogram_dataset\train\Asian-Koel\Asian-Koel-40.png,Asian-Koel
data\spectrogram_dataset\train\Asian-Koel\Asian-Koel-41.png,Asian-Koel
data\spectrogram_dataset\train\Asian-Koel\Asian-Koel-42.png,Asian-Koel
data\spectrogram_dataset\train\Asian-Koel\Asian-Koel-43.png,Asian-Koel
data\spectrogram_dataset\train\Asian-Koel\Asian-Koel-44.png,Asian-Koel
data\spectrogram_dataset\train\Asian-Koel\Asian-Koel-45.png,Asian-Koel
data\spectrogram_dataset\train\Asian-Koel\Asian-Koel-46.png,Asian-Koel
data\spectrogram_dataset\train\Asian-Koel\Asian-Koel-47.png,Asian-Koel
data\spectrogram_dataset\train\Asian-Koel\Asian-Koel-48.png,Asian-Koel
data\spectrogram_dataset\train\Asian-Koel\Asian-Koel-49.png,Asian-Koel
data\spectrogram_dataset\train\Asian-Koel\Asian-Koel-5.png,Asian-Koel
data\spectrogram_dataset\train\Asian-Koel\Asian-Koel-50.png,Asian-Koel
data\spectrogram_dataset\train\Asian-Koel\Asian-Koel-51.png,Asian-Koel
data\spectrogram_dataset\train\Asian-Koel\Asian-Koel-52.png,Asian-Koel
data\spectrogram_dataset\train\Asian-Koel\Asian-Koel-53.png,Asian-Koel
data\spectrogram_dataset\train\Asian-Koel\Asian-Koel-54.png,Asian-Koel
data\spectrogram_dataset\train\Asian-Koel\Asian-Koel-55.png,Asian-Koel
data\spectrogram_dataset\train\Asian-Koel\Asian-Koel-56.png,Asian-Koel
data\spectrogram_dataset\train\Asian-Koel\Asian-Koel-57.png,Asian-Koel
data\spectrogram_dataset\train\Asian-Koel\Asian-Koel-58.png,Asian-Koel
data\spectrogram_dataset\train\Asian-Koel\Asian-Koel-59.png,Asian-Koel
data\spectrogram_dataset\train\Asian-Koel\Asian-Koel-6.png,Asian-Koel
data\spectrogram_dataset\train\Asian-Koel\Asian-Koel-60.png,Asian-Koel
data\spectrogram_dataset\train\Asian-Koel\Asian-Koel-61.png,Asian-Koel
data\spectrogram_dataset\train\Asian-Koel\Asian-Koel-62.png,Asian-Koel
data\spectrogram_dataset\train\Asian-Koel\Asian-Koel-63.png,Asian-Koel
data\spectrogram_dataset\train\Asian-Koel\Asian-Koel-64.png,Asian-Koel
data\spectrogram_dataset\train\Asian-Koel\Asian-Koel-65.png,Asian-Koel
data\spectrogram_dataset\train\Asian-Koel\Asian-Koel-66.png,Asian-Koel
data\spectrogram_dataset\train\Asian-Koel\Asian-Koel-67.png,Asian-Koel
data\spectrogram_dataset\train\Asian-Koel\Asian-Koel-68.png,Asian-Koel
data\spectrogram_dataset\train\Asian-Koel\Asian-Koel-69.png,Asian-Koel
data\spectrogram_dataset\train\Asian-Koel\Asian-Koel-7.png,Asian-Koel
data\spectrogram_dataset\train\Asian-Koel\Asian-Koel-70.png,Asian-Koel
data\spectrogram_dataset\train\Asian-Koel\Asian-Koel-71.png,Asian-Koel
data\spectrogram_dataset\train\Asian-Koel\Asian-Koel-72.png,Asian-Koel
data\spectrogram_dataset\train\Asian-Koel\Asian-Koel-73.png,Asian-Koel
data\spectrogram_dataset\train\Asian-Koel\Asian-Koel-74.png,Asian-Koel
data\spectrogram_dataset\train\Asian-Koel\Asian-Koel-75.png,Asian-Koel
data\spectrogram_dataset\train\Asian-Koel\Asian-Koel-76.png,Asian-Koel
data\spectrogram_dataset\train\Asian-Koel\Asian-Koel-77.png,Asian-Koel
data\spectrogram_dataset\train\Asian-Koel\Asian-Koel-78.png,Asian-Koel
data\spectrogram_dataset\train\Asian-Koel\Asian-Koel-79.png,Asian-Koel
data\spectrogram_dataset\train\Asian-Koel\Asian-Koel-8.png,Asian-Koel
data\spectrogram_dataset\train\Asian-Koel\Asian-Koel-80.png,Asian-Koel
data\spectrogram_dataset\train\Asian-Koel\Asian-Koel-81.png,Asian-Koel
data\spectrogram_dataset\train\Asian-Koel\Asian-Koel-82.png,Asian-Koel
data\spectrogram_dataset\train\Asian-Koel\Asian-Koel-83.png,Asian-Koel
data\spectrogram_dataset\train\Asian-Koel\Asian-Koel-84.png,Asian-Koel
data\spectrogram_dataset\train\Asian-Koel\Asian-Koel-85.png,Asian-Koel
data\spectrogram_dataset\train\Asian-Koel\Asian-Koel-86.png,Asian-Koel
data\spectrogram_dataset\train\Asian-Koel\Asian-Koel-87.png,Asian-Koel
data\spectrogram_dataset\train\Asian-Koel\Asian-Koel-88.png,Asian-Koel
data\spectrogram_dataset\train\Asian-Koel\Asian-Koel-89.png,Asian-Koel
data\spectrogram_dataset\train\Asian-Koel\Asian-Koel-9.png,Asian-Koel
data\spectrogram_dataset\train\Asian-Koel\Asian-Koel-90.png,Asian-Koel
data\spectrogram_dataset\train\Asian-Koel\Asian-Koel-91.png,Asian-Koel
data\spectrogram_dataset\train\Asian-Koel\Asian-Koel-92.png,Asian-Koel
data\spectrogram_dataset\train\Asian-Koel\Asian-Koel-93.png,Asian-Koel
data\spectrogram_dataset\train\Asian-Koel\Asian-Koel-94.png,Asian-Koel
data\spectrogram_dataset\train\Asian-Koel\Asian-Koel-95.png,Asian-Koel
data\spectrogram_dataset\train\Asian-Koel\Asian-Koel-96.png,Asian-Koel
data\spectrogram_dataset\train\Asian-Koel\Asian-Koel-97.png,Asian-Koel
data\spectrogram_dataset\train\Asian-Koel\Asian-Koel-98.png,Asian-Koel
data\spectrogram_dataset\train\Asian-Koel\Asian-Koel-99.png,Asian-Koel
data\spectrogram_dataset\train\Black-breasted-Parrotbill\Black-breasted-Parrotbill-0.png,Black-breasted-Parrotbill
data\spectrogram_dataset\train\Black-breasted-Parrotbill\Black-breasted-Parrotbill-1.png,Black-breasted-Parrotbill
data\spectrogram_dataset\train\Black-breasted-Parrotbill\Black-breasted-Parrotbill-10.png,Black-breasted-Parrotbill
data\spectrogram_dataset\train\Black-breasted-Parrotbill\Black-breasted-Parrotbill-11.png,Black-breasted-Parrotbill
data\spectrogram_dataset\train\Black-breasted-Parrotbill\Black-breasted-Parrotbill-12.png,Black-breasted-Parrotbill
data\spectrogram_dataset\train\Black-breasted-Parrotbill\Black-breasted-Parrotbill-13.png,Black-breasted-Parrotbill
data\spectrogram_dataset\train\Black-breasted-Parrotbill\Black-breasted-Parrotbill-14.png,Black-breasted-Parrotbill
data\spectrogram_dataset\train\Black-breasted-Parrotbill\Black-breasted-Parrotbill-15.png,Black-breasted-Parrotbill
data\spectrogram_dataset\train\Black-breasted-Parrotbill\Black-breasted-Parrotbill-16.png,Black-breasted-Parrotbill
data\spectrogram_dataset\train\Black-breasted-Parrotbill\Black-breasted-Parrotbill-17.png,Black-breasted-Parrotbill
data\spectrogram_dataset\train\Black-breasted-Parrotbill\Black-breasted-Parrotbill-18.png,Black-breasted-Parrotbill
data\spectrogram_dataset\train\Black-breasted-Parrotbill\Black-breasted-Parrotbill-19.png,Black-breasted-Parrotbill
data\spectrogram_dataset\train\Black-breasted-Parrotbill\Black-breasted-Parrotbill-2.png,Black-breasted-Parrotbill
data\spectrogram_dataset\train\Black-breasted-Parrotbill\Black-breasted-Parrotbill-20.png,Black-breasted-Parrotbill
data\spectrogram_dataset\train\Black-breasted-Parrotbill\Black-breasted-Parrotbill-21.png,Black-breasted-Parrotbill
data\spectrogram_dataset\train\Black-breasted-Parrotbill\Black-breasted-Parrotbill-22.png,Black-breasted-Parrotbill
data\spectrogram_dataset\train\Black-breasted-Parrotbill\Black-breasted-Parrotbill-23.png,Black-breasted-Parrotbill
data\spectrogram_dataset\train\Black-breasted-Parrotbill\Black-breasted-Parrotbill-24.png,Black-breasted-Parrotbill
data\spectrogram_dataset\train\Black-breasted-Parrotbill\Black-breasted-Parrotbill-25.png,Black-breasted-Parrotbill
data\spectrogram_dataset\train\Black-breasted-Parrotbill\Black-breasted-Parrotbill-26.png,Black-breasted-Parrotbill
data\spectrogram_dataset\train\Black-breasted-Parrotbill\Black-breasted-Parrotbill-27.png,Black-breasted-Parrotbill
data\spectrogram_dataset\train\Black-breasted-Parrotbill\Black-breasted-Parrotbill-28.png,Black-breasted-Parrotbill
data\spectrogram_dataset\train\Black-breasted-Parrotbill\Black-breasted-Parrotbill-29.png,Black-breasted-Parrotbill
data\spectrogram_dataset\train\Black-breasted-Parrotbill\Black-breasted-Parrotbill-3.png,Black-breasted-Parrotbill
data\spectrogram_dataset\train\Black-breasted-Parrotbill\Black-breasted-Parrotbill-30.png,Black-breasted-Parrotbill
data\spectrogram_dataset\train\Black-breasted-Parrotbill\Black-breasted-Parrotbill-31.png,Black-breasted-Parrotbill
data\spectrogram_dataset\train\Black-breasted-Parrotbill\Black-breasted-Parrotbill-32.png,Black-breasted-Parrotbill
data\spectrogram_dataset\train\Black-breasted-Parrotbill\Black-breasted-Parrotbill-33.png,Black-breasted-Parrotbill
data\spectrogram_dataset\train\Black-breasted-Parrotbill\Black-breasted-Parrotbill-34.png,Black-breasted-Parrotbill
data\spectrogram_dataset\train\Black-breasted-Parrotbill\Black-breasted-Parrotbill-35.png,Black-breasted-Parrotbill
data\spectrogram_dataset\train\Black-breasted-Parrotbill\Black-breasted-Parrotbill-36.png,Black-breasted-Parrotbill
data\spectrogram_dataset\train\Black-breasted-Parrotbill\Black-breasted-Parrotbill-37.png,Black-breasted-Parrotbill
data\spectrogram_dataset\train\Black-breasted-Parrotbill\Black-breasted-Parrotbill-38.png,Black-breasted-Parrotbill
data\spectrogram_dataset\train\Black-breasted-Parrotbill\Black-breasted-Parrotbill-39.png,Black-breasted-Parrotbill
data\spectrogram_dataset\train\Black-breasted-Parrotbill\Black-breasted-Parrotbill-4.png,Black-breasted-Parrotbill
data\spectrogram_dataset\train\Black-breasted-Parrotbill\Black-breasted-Parrotbill-40.png,Black-breasted-Parrotbill
data\spectrogram_dataset\train\Black-breasted-Parrotbill\Black-breasted-Parrotbill-41.png,Black-breasted-Parrotbill
data\spectrogram_dataset\train\Black-breasted-Parrotbill\Black-breasted-Parrotbill-5.png,Black-breasted-Parrotbill
data\spectrogram_dataset\train\Black-breasted-Parrotbill\Black-breasted-Parrotbill-6.png,Black-breasted-Parrotbill
data\spectrogram_dataset\train\Black-breasted-Parrotbill\Black-breasted-Parrotbill-7.png,Black-breasted-Parrotbill
data\spectrogram_dataset\train\Black-breasted-Parrotbill\Black-breasted-Parrotbill-8.png,Black-breasted-Parrotbill
data\spectrogram_dataset\train\Black-breasted-Parrotbill\Black-breasted-Parrotbill-9.png,Black-breasted-Parrotbill
data\spectrogram_dataset\train\Black-Kite\XC168353 1.mp3.png.png,Black-Kite
data\spectrogram_dataset\train\Black-Kite\XC268754 1.mp3.png.png,Black-Kite
data\spectrogram_dataset\train\Black-Kite\XC268754 4.mp3.png.png,Black-Kite
data\spectrogram_dataset\train\Black-Kite\XC268754 5.mp3.png.png,Black-Kite
data\spectrogram_dataset\train\Black-Kite\XC268754 6.mp3.png.png,Black-Kite
data\spectrogram_dataset\train\Black-Kite\XC284649 1.mp3.png.png,Black-Kite
data\spectrogram_dataset\train\Black-Kite\XC284649 4.mp3.png.png,Black-Kite
data\spectrogram_dataset\train\Black-Kite\XC284649 5.mp3.png.png,Black-Kite
data\spectrogram_dataset\train\Black-Kite\XC284649 7.mp3.png.png,Black-Kite
data\spectrogram_dataset\train\Black-Kite\XC284649 8.mp3.png.png,Black-Kite
data\spectrogram_dataset\train\Black-Kite\XC292781 0.mp3.png.png,Black-Kite
data\spectrogram_dataset\train\Black-Kite\XC292781 1.mp3.png.png,Black-Kite
data\spectrogram_dataset\train\Black-Kite\XC309400 3.mp3.png.png,Black-Kite
data\spectrogram_dataset\train\Black-Kite\XC309400 4.mp3.png.png,Black-Kite
data\spectrogram_dataset\train\Black-Kite\XC309400 8.mp3.png.png,Black-Kite
data\spectrogram_dataset\train\Black-Kite\XC309400 9.mp3.png.png,Black-Kite
data\spectrogram_dataset\train\Black-Kite\XC309401 0.mp3.png.png,Black-Kite
data\spectrogram_dataset\train\Black-Kite\XC309401 5.mp3.png.png,Black-Kite
data\spectrogram_dataset\train\Black-Kite\XC309401 7.mp3.png.png,Black-Kite
data\spectrogram_dataset\train\Black-Kite\XC311871 28.mp3.png.png,Black-Kite
data\spectrogram_dataset\train\Black-Kite\XC311871 31.mp3.png.png,Black-Kite
data\spectrogram_dataset\train\Black-Kite\XC320849 0.mp3.png.png,Black-Kite
data\spectrogram_dataset\train\Black-Kite\XC320849 1.mp3.png.png,Black-Kite
data\spectrogram_dataset\train\Black-Kite\XC320849 13.mp3.png.png,Black-Kite
data\spectrogram_dataset\train\Black-Kite\XC320849 16.mp3.png.png,Black-Kite
data\spectrogram_dataset\train\Black-Kite\XC320849 17.mp3.png.png,Black-Kite
data\spectrogram_dataset\train\Black-Kite\XC320849 5.mp3.png.png,Black-Kite
data\spectrogram_dataset\train\Black-Kite\XC320849 7.mp3.png.png,Black-Kite
data\spectrogram_dataset\train\Black-Kite\XC320849 9.mp3.png.png,Black-Kite
data\spectrogram_dataset\train\Black-Kite\XC357357 original.mp3.png.png,Black-Kite
data\spectrogram_dataset\train\Black-Kite\XC369321 original.mp3.png.png,Black-Kite
data\spectrogram_dataset\train\Black-Kite\XC372290 1.mp3.png.png,Black-Kite
data\spectrogram_dataset\train\Black-Kite\XC372290 2.mp3.png.png,Black-Kite
data\spectrogram_dataset\train\Black-Kite\XC404957 original.mp3.png.png,Black-Kite
data\spectrogram_dataset\train\Black-Kite\XC406799 0.mp3.png.png,Black-Kite
data\spectrogram_dataset\train\Black-Kite\XC406799 2.mp3.png.png,Black-Kite
data\spectrogram_dataset\train\Black-Kite\XC406799 3.mp3.png.png,Black-Kite
data\spectrogram_dataset\train\Black-Kite\XC407548 original.mp3.png.png,Black-Kite
data\spectrogram_dataset\train\Black-Kite\XC424088 original.mp3.png.png,Black-Kite
data\spectrogram_dataset\train\Black-Kite\XC425062 0.mp3.png.png,Black-Kite
data\spectrogram_dataset\train\Black-Kite\XC428617 1.mp3.png.png,Black-Kite
data\spectrogram_dataset\train\Black-Kite\XC428617 2.mp3.png.png,Black-Kite
data\spectrogram_dataset\train\Black-Kite\XC428617 4.mp3.png.png,Black-Kite
data\spectrogram_dataset\train\Black-Kite\XC428617 5.mp3.png.png,Black-Kite
data\spectrogram_dataset\train\Black-Kite\XC428618 0.mp3.png.png,Black-Kite
data\spectrogram_dataset\train\Black-Kite\XC430830 1.mp3.png.png,Black-Kite
data\spectrogram_dataset\train\Black-Kite\XC431988 0.mp3.png.png,Black-Kite
data\spectrogram_dataset\train\Black-Kite\XC431988 2.mp3.png.png,Black-Kite
data\spectrogram_dataset\train\Black-Kite\XC431988 3.mp3.png.png,Black-Kite
data\spectrogram_dataset\train\Black-Kite\XC436199 1.mp3.png.png,Black-Kite
data\spectrogram_dataset\train\Black-Kite\XC436199 12.mp3.png.png,Black-Kite
data\spectrogram_dataset\train\Black-Kite\XC436199 13.mp3.png.png,Black-Kite
data\spectrogram_dataset\train\Black-Kite\XC436199 3.mp3.png.png,Black-Kite
data\spectrogram_dataset\train\Black-Kite\XC436199 6.mp3.png.png,Black-Kite
data\spectrogram_dataset\train\Black-Kite\XC436199 8.mp3.png.png,Black-Kite
data\spectrogram_dataset\train\Black-Kite\XC464419 0.mp3.png.png,Black-Kite
data\spectrogram_dataset\train\Black-Kite\XC464419 1.mp3.png.png,Black-Kite
data\spectrogram_dataset\train\Black-Kite\XC464420 1.mp3.png.png,Black-Kite
data\spectrogram_dataset\train\Black-Kite\XC465856 0.mp3.png.png,Black-Kite
data\spectrogram_dataset\train\Black-Kite\XC465965 1.mp3.png.png,Black-Kite
data\spectrogram_dataset\train\Black-Kite\XC466853 original.mp3.png.png,Black-Kite
data\spectrogram_dataset\train\Black-Kite\XC467075 original.mp3.png.png,Black-Kite
data\spectrogram_dataset\train\Black-Kite\XC467754 original.mp3.png.png,Black-Kite
data\spectrogram_dataset\train\Black-Kite\XC468287 0.mp3.png.png,Black-Kite
data\spectrogram_dataset\train\Black-Kite\XC475170 original.mp3.png.png,Black-Kite
data\spectrogram_dataset\train\Black-Kite\XC477874 0.mp3.png.png,Black-Kite
data\spectrogram_dataset\train\Black-Kite\XC477874 1.mp3.png.png,Black-Kite
data\spectrogram_dataset\train\Black-Kite\XC477874 10.mp3.png.png,Black-Kite
data\spectrogram_dataset\train\Black-Kite\XC477874 11.mp3.png.png,Black-Kite
data\spectrogram_dataset\train\Black-Kite\XC477874 12.mp3.png.png,Black-Kite
data\spectrogram_dataset\train\Black-Kite\XC477874 14.mp3.png.png,Black-Kite
data\spectrogram_dataset\train\Black-Kite\XC477874 15.mp3.png.png,Black-Kite
data\spectrogram_dataset\train\Black-Kite\XC477874 16.mp3.png.png,Black-Kite
data\spectrogram_dataset\train\Black-Kite\XC477874 18.mp3.png.png,Black-Kite
data\spectrogram_dataset\train\Black-Kite\XC477874 2.mp3.png.png,Black-Kite
data\spectrogram_dataset\train\Black-Kite\XC477874 20.mp3.png.png,Black-Kite
data\spectrogram_dataset\train\Black-Kite\XC477874 21.mp3.png.png,Black-Kite
data\spectrogram_dataset\train\Black-Kite\XC477874 24.mp3.png.png,Black-Kite
data\spectrogram_dataset\train\Black-Kite\XC477874 25.mp3.png.png,Black-Kite
data\spectrogram_dataset\train\Black-Kite\XC477874 28.mp3.png.png,Black-Kite
data\spectrogram_dataset\train\Black-Kite\XC477874 3.mp3.png.png,Black-Kite
data\spectrogram_dataset\train\Black-Kite\XC477874 30.mp3.png.png,Black-Kite
data\spectrogram_dataset\train\Black-Kite\XC477874 31.mp3.png.png,Black-Kite
data\spectrogram_dataset\train\Black-Kite\XC477874 4.mp3.png.png,Black-Kite
data\spectrogram_dataset\train\Black-Kite\XC477874 5.mp3.png.png,Black-Kite
data\spectrogram_dataset\train\Black-Kite\XC477874 6.mp3.png.png,Black-Kite
data\spectrogram_dataset\train\Black-Kite\XC477874 8.mp3.png.png,Black-Kite
data\spectrogram_dataset\train\Black-Kite\XC477874 9.mp3.png.png,Black-Kite
data\spectrogram_dataset\train\Black-Kite\XC481260 0.mp3.png.png,Black-Kite
data\spectrogram_dataset\train\Black-Kite\XC481260 1.mp3.png.png,Black-Kite
data\spectrogram_dataset\train\Black-Kite\XC481260 2.mp3.png.png,Black-Kite
data\spectrogram_dataset\train\Black-Kite\XC481260 3.mp3.png.png,Black-Kite
data\spectrogram_dataset\train\Black-Kite\XC482564 1.mp3.png.png,Black-Kite
data\spectrogram_dataset\train\Black-Kite\XC482564 11.mp3.png.png,Black-Kite
data\spectrogram_dataset\train\Black-Kite\XC482564 2.mp3.png.png,Black-Kite
data\spectrogram_dataset\train\Black-Kite\XC482564 4.mp3.png.png,Black-Kite
data\spectrogram_dataset\train\Black-Kite\XC482564 9.mp3.png.png,Black-Kite
data\spectrogram_dataset\train\Black-Kite\XC483222 0.mp3.png.png,Black-Kite
data\spectrogram_dataset\train\Black-Kite\XC483228 1.mp3.png.png,Black-Kite
data\spectrogram_dataset\train\Black-Kite\XC483228 2.mp3.png.png,Black-Kite
data\spectrogram_dataset\train\Black-Kite\XC483228 4.mp3.png.png,Black-Kite
data\spectrogram_dataset\train\Black-Kite\XC483348 0.mp3.png.png,Black-Kite
data\spectrogram_dataset\train\Black-Kite\XC483348 1.mp3.png.png,Black-Kite
data\spectrogram_dataset\train\Black-Kite\XC483348 2.mp3.png.png,Black-Kite
data\spectrogram_dataset\train\Black-Kite\XC483348 3.mp3.png.png,Black-Kite
data\spectrogram_dataset\train\Black-Kite\XC484404 0.mp3.png.png,Black-Kite
data\spectrogram_dataset\train\Black-Kite\XC484404 2.mp3.png.png,Black-Kite
data\spectrogram_dataset\train\Black-Kite\XC484404 3.mp3.png.png,Black-Kite
data\spectrogram_dataset\train\Black-Kite\XC485012 original.mp3.png.png,Black-Kite
data\spectrogram_dataset\train\Black-Kite\XC485739 3.mp3.png.png,Black-Kite
data\spectrogram_dataset\train\Black-Kite\XC485740 0.mp3.png.png,Black-Kite
data\spectrogram_dataset\train\Black-Kite\XC485740 2.mp3.png.png,Black-Kite
data\spectrogram_dataset\train\Black-Kite\XC485740 3.mp3.png.png,Black-Kite
data\spectrogram_dataset\train\Black-Kite\XC485741 3.mp3.png.png,Black-Kite
data\spectrogram_dataset\train\Black-Kite\XC493733 1.mp3.png.png,Black-Kite
data\spectrogram_dataset\train\Black-Kite\XC493733 3.mp3.png.png,Black-Kite
data\spectrogram_dataset\train\Black-Kite\XC493733 6.mp3.png.png,Black-Kite
data\spectrogram_dataset\train\Black-Kite\XC493735 12.mp3.png.png,Black-Kite
data\spectrogram_dataset\train\Black-Kite\XC493735 13.mp3.png.png,Black-Kite
data\spectrogram_dataset\train\Black-Kite\XC493735 16.mp3.png.png,Black-Kite
data\spectrogram_dataset\train\Black-Kite\XC493735 24.mp3.png.png,Black-Kite
data\spectrogram_dataset\train\Black-Kite\XC493735 4.mp3.png.png,Black-Kite
data\spectrogram_dataset\train\Black-Kite\XC493735 7.mp3.png.png,Black-Kite
data\spectrogram_dataset\train\Black-Kite\XC493735 9.mp3.png.png,Black-Kite
data\spectrogram_dataset\train\Black-Kite\XC493736 1.mp3.png.png,Black-Kite
data\spectrogram_dataset\train\Black-Kite\XC493736 2.mp3.png.png,Black-Kite
data\spectrogram_dataset\train\Black-Kite\XC493736 4.mp3.png.png,Black-Kite
data\spectrogram_dataset\train\Black-Kite\XC493736 5.mp3.png.png,Black-Kite
data\spectrogram_dataset\train\Black-Kite\XC493737 2.mp3.png.png,Black-Kite
data\spectrogram_dataset\train\Black-Kite\XC493737 4.mp3.png.png,Black-Kite
data\spectrogram_dataset\train\Black-Kite\XC493737 9.mp3.png.png,Black-Kite
data\spectrogram_dataset\train\Black-Kite\XC495129 0.mp3.png.png,Black-Kite
data\spectrogram_dataset\train\Black-Kite\XC495129 3.mp3.png.png,Black-Kite
data\spectrogram_dataset\train\Black-Kite\XC495361 10.mp3.png.png,Black-Kite
data\spectrogram_dataset\train\Black-Kite\XC495361 11.mp3.png.png,Black-Kite
data\spectrogram_dataset\train\Black-Kite\XC495361 12.mp3.png.png,Black-Kite
data\spectrogram_dataset\train\Black-Kite\XC495361 13.mp3.png.png,Black-Kite
data\spectrogram_dataset\train\Black-Kite\XC495361 14.mp3.png.png,Black-Kite
data\spectrogram_dataset\train\Black-Kite\XC495361 15.mp3.png.png,Black-Kite
data\spectrogram_dataset\train\Black-Kite\XC495361 17.mp3.png.png,Black-Kite
data\spectrogram_dataset\train\Black-Kite\XC495361 18.mp3.png.png,Black-Kite
data\spectrogram_dataset\train\Black-Kite\XC495361 19.mp3.png.png,Black-Kite
data\spectrogram_dataset\train\Black-Kite\XC495361 2.mp3.png.png,Black-Kite
data\spectrogram_dataset\train\Black-Kite\XC495361 21.mp3.png.png,Black-Kite
data\spectrogram_dataset\train\Black-Kite\XC495361 22.mp3.png.png,Black-Kite
data\spectrogram_dataset\train\Black-Kite\XC495361 23.mp3.png.png,Black-Kite
data\spectrogram_dataset\train\Black-Kite\XC495361 24.mp3.png.png,Black-Kite
data\spectrogram_dataset\train\Black-Kite\XC495361 3.mp3.png.png,Black-Kite
data\spectrogram_dataset\train\Black-Kite\XC495361 4.mp3.png.png,Black-Kite
data\spectrogram_dataset\train\Black-Kite\XC495361 5.mp3.png.png,Black-Kite
data\spectrogram_dataset\train\Black-Kite\XC495361 6.mp3.png.png,Black-Kite
data\spectrogram_dataset\train\Black-Kite\XC495361 7.mp3.png.png,Black-Kite
data\spectrogram_dataset\train\Black-Kite\XC495361 8.mp3.png.png,Black-Kite
data\spectrogram_dataset\train\Black-Kite\XC495361 9.mp3.png.png,Black-Kite
data\spectrogram_dataset\train\Black-Kite\XC495362 0.mp3.png.png,Black-Kite
data\spectrogram_dataset\train\Black-Kite\XC495362 2.mp3.png.png,Black-Kite
data\spectrogram_dataset\train\Black-Kite\XC495362 4.mp3.png.png,Black-Kite
data\spectrogram_dataset\train\Black-Kite\XC495362 5.mp3.png.png,Black-Kite
data\spectrogram_dataset\train\Black-Kite\XC495362 6.mp3.png.png,Black-Kite
data\spectrogram_dataset\train\Black-Kite\XC495888 1.mp3.png.png,Black-Kite
data\spectrogram_dataset\train\Black-Kite\XC495888 2.mp3.png.png,Black-Kite
data\spectrogram_dataset\train\Black-Kite\XC497474 0.mp3.png.png,Black-Kite
data\spectrogram_dataset\train\Black-Kite\XC497474 1.mp3.png.png,Black-Kite
data\spectrogram_dataset\train\Black-Kite\XC497475 1.mp3.png.png,Black-Kite
data\spectrogram_dataset\train\Black-Kite\XC497475 3.mp3.png.png,Black-Kite
data\spectrogram_dataset\train\Black-Kite\XC497475 4.mp3.png.png,Black-Kite
data\spectrogram_dataset\train\Black-Kite\XC498995 0.mp3.png.png,Black-Kite
data\spectrogram_dataset\train\Black-Kite\XC498995 10.mp3.png.png,Black-Kite
data\spectrogram_dataset\train\Black-Kite\XC498995 11.mp3.png.png,Black-Kite
data\spectrogram_dataset\train\Black-Kite\XC498995 12.mp3.png.png,Black-Kite
data\spectrogram_dataset\train\Black-Kite\XC498995 13.mp3.png.png,Black-Kite
data\spectrogram_dataset\train\Black-Kite\XC498995 14.mp3.png.png,Black-Kite
data\spectrogram_dataset\train\Black-Kite\XC498995 15.mp3.png.png,Black-Kite
data\spectrogram_dataset\train\Black-Kite\XC498995 16.mp3.png.png,Black-Kite
data\spectrogram_dataset\train\Black-Kite\XC498995 17.mp3.png.png,Black-Kite
data\spectrogram_dataset\train\Black-Kite\XC498995 18.mp3.png.png,Black-Kite
data\spectrogram_dataset\train\Black-Kite\XC498995 19.mp3.png.png,Black-Kite
data\spectrogram_dataset\train\Black-Kite\XC498995 5.mp3.png.png,Black-Kite
data\spectrogram_dataset\train\Black-Kite\XC498995 7.mp3.png.png,Black-Kite
data\spectrogram_dataset\train\Black-Kite\XC498995 8.mp3.png.png,Black-Kite
data\spectrogram_dataset\train\Black-Kite\XC507829 original.mp3.png.png,Black-Kite
data\spectrogram_dataset\train\Black-Kite\XC511558 11.mp3.png.png,Black-Kite
data\spectrogram_dataset\train\Black-Kite\XC511558 5.mp3.png.png,Black-Kite
data\spectrogram_dataset\train\Black-Kite\XC511559 1.mp3.png.png,Black-Kite
data\spectrogram_dataset\train\Black-Kite\XC511559 10.mp3.png.png,Black-Kite
data\spectrogram_dataset\train\Black-Kite\XC511559 11.mp3.png.png,Black-Kite
data\spectrogram_dataset\train\Black-Kite\XC511559 12.mp3.png.png,Black-Kite
data\spectrogram_dataset\train\Black-Kite\XC511559 14.mp3.png.png,Black-Kite
data\spectrogram_dataset\train\Black-Kite\XC511559 2.mp3.png.png,Black-Kite
data\spectrogram_dataset\train\Black-Kite\XC511559 3.mp3.png.png,Black-Kite
data\spectrogram_dataset\train\Black-Kite\XC511559 5.mp3.png.png,Black-Kite
data\spectrogram_dataset\train\Black-Kite\XC511559 6.mp3.png.png,Black-Kite
data\spectrogram_dataset\train\Black-Kite\XC511559 7.mp3.png.png,Black-Kite
data\spectrogram_dataset\train\Black-Kite\XC538916 original.mp3.png.png,Black-Kite
data\spectrogram_dataset\train\Black-Kite\XC539037 1.mp3.png.png,Black-Kite
data\spectrogram_dataset\train\Black-Kite\XC542603 0.mp3.png.png,Black-Kite
data\spectrogram_dataset\train\Black-Kite\XC542603 11.mp3.png.png,Black-Kite
data\spectrogram_dataset\train\Black-Kite\XC542603 12.mp3.png.png,Black-Kite
data\spectrogram_dataset\train\Black-Kite\XC542603 17.mp3.png.png,Black-Kite
data\spectrogram_dataset\train\Black-Kite\XC542603 19.mp3.png.png,Black-Kite
data\spectrogram_dataset\train\Black-Kite\XC542603 21.mp3.png.png,Black-Kite
data\spectrogram_dataset\train\Black-Kite\XC542603 4.mp3.png.png,Black-Kite
data\spectrogram_dataset\train\Black-Kite\XC542603 5.mp3.png.png,Black-Kite
data\spectrogram_dataset\train\Black-Kite\XC542603 6.mp3.png.png,Black-Kite
data\spectrogram_dataset\train\Black-Kite\XC543648 0.mp3.png.png,Black-Kite
data\spectrogram_dataset\train\Black-Kite\XC543707 19.mp3.png.png,Black-Kite
data\spectrogram_dataset\train\Black-Kite\XC543707 8.mp3.png.png,Black-Kite
data\spectrogram_dataset\train\Black-Kite\XC546230 0.mp3.png.png,Black-Kite
data\spectrogram_dataset\train\Black-Kite\XC546230 1.mp3.png.png,Black-Kite
data\spectrogram_dataset\train\Black-Kite\XC547503 original.mp3.png.png,Black-Kite
data\spectrogram_dataset\train\Black-Kite\XC547575 0.mp3.png.png,Black-Kite
data\spectrogram_dataset\train\Black-Kite\XC547575 6.mp3.png.png,Black-Kite
data\spectrogram_dataset\train\Black-Kite\XC56176 -original.mp3.png.png,Black-Kite
data\spectrogram_dataset\train\Black-Kite\XC566222 0.mp3.png.png,Black-Kite
data\spectrogram_dataset\train\Black-Kite\XC566222 10.mp3.png.png,Black-Kite
data\spectrogram_dataset\train\Black-Kite\XC566222 11.mp3.png.png,Black-Kite
data\spectrogram_dataset\train\Black-Kite\XC566222 14.mp3.png.png,Black-Kite
data\spectrogram_dataset\train\Black-Kite\XC566222 17.mp3.png.png,Black-Kite
data\spectrogram_dataset\train\Black-Kite\XC566222 20.mp3.png.png,Black-Kite
data\spectrogram_dataset\train\Black-Kite\XC566222 8.mp3.png.png,Black-Kite
data\spectrogram_dataset\train\Black-Kite\XC572730 2.mp3.png.png,Black-Kite
data\spectrogram_dataset\train\Black-Kite\XC572730 3.mp3.png.png,Black-Kite
data\spectrogram_dataset\train\Black-Kite\XC572730 5.mp3.png.png,Black-Kite
data\spectrogram_dataset\train\Black-Kite\XC572730 6.mp3.png.png,Black-Kite
data\spectrogram_dataset\train\Black-Kite\XC572731 0.mp3.png.png,Black-Kite
data\spectrogram_dataset\train\Black-Kite\XC572731 1.mp3.png.png,Black-Kite
data\spectrogram_dataset\train\Black-Kite\XC572731 3.mp3.png.png,Black-Kite
data\spectrogram_dataset\train\Black-Kite\XC578424 13.mp3.png.png,Black-Kite
data\spectrogram_dataset\train\Black-Kite\XC578424 9.mp3.png.png,Black-Kite
data\spectrogram_dataset\train\Black-Kite\XC578425 12.mp3.png.png,Black-Kite
data\spectrogram_dataset\train\Black-Kite\XC578425 20.mp3.png.png,Black-Kite
data\spectrogram_dataset\train\Black-Kite\XC578427 0.mp3.png.png,Black-Kite
data\spectrogram_dataset\train\Black-Kite\XC578427 1.mp3.png.png,Black-Kite
data\spectrogram_dataset\train\Black-Kite\XC578427 3.mp3.png.png,Black-Kite
data\spectrogram_dataset\train\Black-Kite\XC579213 1.mp3.png.png,Black-Kite
data\spectrogram_dataset\train\Black-Kite\XC583029 0.mp3.png.png,Black-Kite
data\spectrogram_dataset\train\Black-Kite\XC585190 1.mp3.png.png,Black-Kite
data\spectrogram_dataset\train\Black-Kite\XC606808 0.mp3.png.png,Black-Kite
data\spectrogram_dataset\train\Black-Kite\XC606808 1.mp3.png.png,Black-Kite
data\spectrogram_dataset\train\Black-Kite\XC618418 original.mp3.png.png,Black-Kite
data\spectrogram_dataset\train\Black-Kite\XC620590 original.mp3.png.png,Black-Kite
data\spectrogram_dataset\train\Black-Kite\XC628280 1.mp3.png.png,Black-Kite
data\spectrogram_dataset\train\Black-Kite\XC628626 original.mp3.png.png,Black-Kite
data\spectrogram_dataset\train\Black-Kite\XC628629 original.mp3.png.png,Black-Kite
data\spectrogram_dataset\train\Black-Kite\XC635530 4.mp3.png.png,Black-Kite
data\spectrogram_dataset\train\Black-Kite\XC635532 0.mp3.png.png,Black-Kite
data\spectrogram_dataset\train\Black-Kite\XC635532 1.mp3.png.png,Black-Kite
data\spectrogram_dataset\train\Black-Kite\XC636967 0.mp3.png.png,Black-Kite
data\spectrogram_dataset\train\Black-Kite\XC636967 1.mp3.png.png,Black-Kite
data\spectrogram_dataset\train\Black-Kite\XC637956 0.mp3.png.png,Black-Kite
data\spectrogram_dataset\train\Black-Kite\XC637956 1.mp3.png.png,Black-Kite
data\spectrogram_dataset\train\Black-Kite\XC637973 3.mp3.png.png,Black-Kite
data\spectrogram_dataset\train\Black-Kite\XC637973 4.mp3.png.png,Black-Kite
data\spectrogram_dataset\train\Black-Kite\XC637973 5.mp3.png.png,Black-Kite
data\spectrogram_dataset\train\Black-Kite\XC640160 1.mp3.png.png,Black-Kite
data\spectrogram_dataset\train\Black-Kite\XC643685 0.mp3.png.png,Black-Kite
data\spectrogram_dataset\train\Black-Kite\XC643685 1.mp3.png.png,Black-Kite
data\spectrogram_dataset\train\Black-Kite\XC645364 original.mp3.png.png,Black-Kite
data\spectrogram_dataset\train\Black-Kite\XC653986 original.mp3.png.png,Black-Kite
data\spectrogram_dataset\train\Black-Kite\XC653987 original.mp3.png.png,Black-Kite
data\spectrogram_dataset\train\Black-Kite\XC653988 original.mp3.png.png,Black-Kite
data\spectrogram_dataset\train\Black-Kite\XC653989 1.mp3.png.png,Black-Kite
data\spectrogram_dataset\train\Black-Kite\XC660705 0.mp3.png.png,Black-Kite
data\spectrogram_dataset\train\Black-Kite\XC660705 1.mp3.png.png,Black-Kite
data\spectrogram_dataset\train\Black-Kite\XC660705 3.mp3.png.png,Black-Kite
data\spectrogram_dataset\train\Black-Kite\XC660706 original.mp3.png.png,Black-Kite
data\spectrogram_dataset\train\Black-Kite\XC662373 original.mp3.png.png,Black-Kite
data\spectrogram_dataset\train\Black-Kite\XC695515 0.mp3.png.png,Black-Kite
data\spectrogram_dataset\train\Black-Kite\XC695515 2.mp3.png.png,Black-Kite
data\spectrogram_dataset\train\Black-Kite\XC695515 3.mp3.png.png,Black-Kite
data\spectrogram_dataset\train\Black-Kite\XC711471 0.mp3.png.png,Black-Kite
data\spectrogram_dataset\train\Black-Kite\XC711471 1.mp3.png.png,Black-Kite
data\spectrogram_dataset\train\Black-Kite\XC711471 10.mp3.png.png,Black-Kite
data\spectrogram_dataset\train\Black-Kite\XC711471 11.mp3.png.png,Black-Kite
data\spectrogram_dataset\train\Black-Kite\XC711471 13.mp3.png.png,Black-Kite
data\spectrogram_dataset\train\Black-Kite\XC711471 14.mp3.png.png,Black-Kite
data\spectrogram_dataset\train\Black-Kite\XC711471 15.mp3.png.png,Black-Kite
data\spectrogram_dataset\train\Black-Kite\XC711471 17.mp3.png.png,Black-Kite
data\spectrogram_dataset\train\Black-Kite\XC711471 4.mp3.png.png,Black-Kite
data\spectrogram_dataset\train\Black-Kite\XC711471 6.mp3.png.png,Black-Kite
data\spectrogram_dataset\train\Black-Kite\XC715822 0.mp3.png.png,Black-Kite
data\spectrogram_dataset\train\Black-Kite\XC715822 1.mp3.png.png,Black-Kite
data\spectrogram_dataset\train\Black-Kite\XC719785 0.mp3.png.png,Black-Kite
data\spectrogram_dataset\train\Black-Kite\XC719785 1.mp3.png.png,Black-Kite
data\spectrogram_dataset\train\Black-Kite\XC719785 4.mp3.png.png,Black-Kite
data\spectrogram_dataset\train\Black-Kite\XC719785 6.mp3.png.png,Black-Kite
data\spectrogram_dataset\train\Black-Kite\XC719785 7.mp3.png.png,Black-Kite
data\spectrogram_dataset\train\Black-Kite\XC78937 -1.mp3.png.png,Black-Kite
data\spectrogram_dataset\train\Black-necked-crane\Black-necked-crane-0.png,Black-necked-crane
data\spectrogram_dataset\train\Black-necked-crane\Black-necked-crane-1.png,Black-necked-crane
data\spectrogram_dataset\train\Black-necked-crane\Black-necked-crane-10.png,Black-necked-crane
data\spectrogram_dataset\train\Black-necked-crane\Black-necked-crane-11.png,Black-necked-crane
data\spectrogram_dataset\train\Black-necked-crane\Black-necked-crane-12.png,Black-necked-crane
data\spectrogram_dataset\train\Black-necked-crane\Black-necked-crane-13.png,Black-necked-crane
data\spectrogram_dataset\train\Black-necked-crane\Black-necked-crane-14.png,Black-necked-crane
data\spectrogram_dataset\train\Black-necked-crane\Black-necked-crane-15.png,Black-necked-crane
data\spectrogram_dataset\train\Black-necked-crane\Black-necked-crane-16.png,Black-necked-crane
data\spectrogram_dataset\train\Black-necked-crane\Black-necked-crane-17.png,Black-necked-crane
data\spectrogram_dataset\train\Black-necked-crane\Black-necked-crane-18.png,Black-necked-crane
data\spectrogram_dataset\train\Black-necked-crane\Black-necked-crane-19.png,Black-necked-crane
data\spectrogram_dataset\train\Black-necked-crane\Black-necked-crane-2.png,Black-necked-crane
data\spectrogram_dataset\train\Black-necked-crane\Black-necked-crane-20.png,Black-necked-crane
data\spectrogram_dataset\train\Black-necked-crane\Black-necked-crane-21.png,Black-necked-crane
data\spectrogram_dataset\train\Black-necked-crane\Black-necked-crane-22.png,Black-necked-crane
data\spectrogram_dataset\train\Black-necked-crane\Black-necked-crane-23.png,Black-necked-crane
data\spectrogram_dataset\train\Black-necked-crane\Black-necked-crane-24.png,Black-necked-crane
data\spectrogram_dataset\train\Black-necked-crane\Black-necked-crane-25.png,Black-necked-crane
data\spectrogram_dataset\train\Black-necked-crane\Black-necked-crane-26.png,Black-necked-crane
data\spectrogram_dataset\train\Black-necked-crane\Black-necked-crane-27.png,Black-necked-crane
data\spectrogram_dataset\train\Black-necked-crane\Black-necked-crane-28.png,Black-necked-crane
data\spectrogram_dataset\train\Black-necked-crane\Black-necked-crane-29.png,Black-necked-crane
data\spectrogram_dataset\train\Black-necked-crane\Black-necked-crane-3.png,Black-necked-crane
data\spectrogram_dataset\train\Black-necked-crane\Black-necked-crane-30.png,Black-necked-crane
data\spectrogram_dataset\train\Black-necked-crane\Black-necked-crane-31.png,Black-necked-crane
data\spectrogram_dataset\train\Black-necked-crane\Black-necked-crane-32.png,Black-necked-crane
data\spectrogram_dataset\train\Black-necked-crane\Black-necked-crane-33.png,Black-necked-crane
data\spectrogram_dataset\train\Black-necked-crane\Black-necked-crane-34.png,Black-necked-crane
data\spectrogram_dataset\train\Black-necked-crane\Black-necked-crane-35.png,Black-necked-crane
data\spectrogram_dataset\train\Black-necked-crane\Black-necked-crane-36.png,Black-necked-crane
data\spectrogram_dataset\train\Black-necked-crane\Black-necked-crane-37.png,Black-necked-crane
data\spectrogram_dataset\train\Black-necked-crane\Black-necked-crane-38.png,Black-necked-crane
data\spectrogram_dataset\train\Black-necked-crane\Black-necked-crane-39.png,Black-necked-crane
data\spectrogram_dataset\train\Black-necked-crane\Black-necked-crane-4.png,Black-necked-crane
data\spectrogram_dataset\train\Black-necked-crane\Black-necked-crane-40.png,Black-necked-crane
data\spectrogram_dataset\train\Black-necked-crane\Black-necked-crane-41.png,Black-necked-crane
data\spectrogram_dataset\train\Black-necked-crane\Black-necked-crane-42.png,Black-necked-crane
data\spectrogram_dataset\train\Black-necked-crane\Black-necked-crane-43.png,Black-necked-crane
data\spectrogram_dataset\train\Black-necked-crane\Black-necked-crane-44.png,Black-necked-crane
data\spectrogram_dataset\train\Black-necked-crane\Black-necked-crane-45.png,Black-necked-crane
data\spectrogram_dataset\train\Black-necked-crane\Black-necked-crane-46.png,Black-necked-crane
data\spectrogram_dataset\train\Black-necked-crane\Black-necked-crane-47.png,Black-necked-crane
data\spectrogram_dataset\train\Black-necked-crane\Black-necked-crane-48.png,Black-necked-crane
data\spectrogram_dataset\train\Black-necked-crane\Black-necked-crane-49.png,Black-necked-crane
data\spectrogram_dataset\train\Black-necked-crane\Black-necked-crane-5.png,Black-necked-crane
data\spectrogram_dataset\train\Black-necked-crane\Black-necked-crane-50.png,Black-necked-crane
data\spectrogram_dataset\train\Black-necked-crane\Black-necked-crane-51.png,Black-necked-crane
data\spectrogram_dataset\train\Black-necked-crane\Black-necked-crane-52.png,Black-necked-crane
data\spectrogram_dataset\train\Black-necked-crane\Black-necked-crane-53.png,Black-necked-crane
data\spectrogram_dataset\train\Black-necked-crane\Black-necked-crane-54.png,Black-necked-crane
data\spectrogram_dataset\train\Black-necked-crane\Black-necked-crane-55.png,Black-necked-crane
data\spectrogram_dataset\train\Black-necked-crane\Black-necked-crane-56.png,Black-necked-crane
data\spectrogram_dataset\train\Black-necked-crane\Black-necked-crane-57.png,Black-necked-crane
data\spectrogram_dataset\train\Black-necked-crane\Black-necked-crane-58.png,Black-necked-crane
data\spectrogram_dataset\train\Black-necked-crane\Black-necked-crane-59.png,Black-necked-crane
data\spectrogram_dataset\train\Black-necked-crane\Black-necked-crane-6.png,Black-necked-crane
data\spectrogram_dataset\train\Black-necked-crane\Black-necked-crane-60.png,Black-necked-crane
data\spectrogram_dataset\train\Black-necked-crane\Black-necked-crane-61.png,Black-necked-crane
data\spectrogram_dataset\train\Black-necked-crane\Black-necked-crane-62.png,Black-necked-crane
data\spectrogram_dataset\train\Black-necked-crane\Black-necked-crane-63.png,Black-necked-crane
data\spectrogram_dataset\train\Black-necked-crane\Black-necked-crane-64.png,Black-necked-crane
data\spectrogram_dataset\train\Black-necked-crane\Black-necked-crane-65.png,Black-necked-crane
data\spectrogram_dataset\train\Black-necked-crane\Black-necked-crane-66.png,Black-necked-crane
data\spectrogram_dataset\train\Black-necked-crane\Black-necked-crane-67.png,Black-necked-crane
data\spectrogram_dataset\train\Black-necked-crane\Black-necked-crane-68.png,Black-necked-crane
data\spectrogram_dataset\train\Black-necked-crane\Black-necked-crane-69.png,Black-necked-crane
data\spectrogram_dataset\train\Black-necked-crane\Black-necked-crane-7.png,Black-necked-crane
data\spectrogram_dataset\train\Black-necked-crane\Black-necked-crane-70.png,Black-necked-crane
data\spectrogram_dataset\train\Black-necked-crane\Black-necked-crane-71.png,Black-necked-crane
data\spectrogram_dataset\train\Black-necked-crane\Black-necked-crane-72.png,Black-necked-crane
data\spectrogram_dataset\train\Black-necked-crane\Black-necked-crane-73.png,Black-necked-crane
data\spectrogram_dataset\train\Black-necked-crane\Black-necked-crane-74.png,Black-necked-crane
data\spectrogram_dataset\train\Black-necked-crane\Black-necked-crane-75.png,Black-necked-crane
data\spectrogram_dataset\train\Black-necked-crane\Black-necked-crane-76.png,Black-necked-crane
data\spectrogram_dataset\train\Black-necked-crane\Black-necked-crane-77.png,Black-necked-crane
data\spectrogram_dataset\train\Black-necked-crane\Black-necked-crane-78.png,Black-necked-crane
data\spectrogram_dataset\train\Black-necked-crane\Black-necked-crane-79.png,Black-necked-crane
data\spectrogram_dataset\train\Black-necked-crane\Black-necked-crane-8.png,Black-necked-crane
data\spectrogram_dataset\train\Black-necked-crane\Black-necked-crane-80.png,Black-necked-crane
data\spectrogram_dataset\train\Black-necked-crane\Black-necked-crane-81.png,Black-necked-crane
data\spectrogram_dataset\train\Black-necked-crane\Black-necked-crane-9.png,Black-necked-crane
data\spectrogram_dataset\train\Bristled-Grassbird\Bristled-Grassbird-0.png,Bristled-Grassbird
data\spectrogram_dataset\train\Bristled-Grassbird\Bristled-Grassbird-1.png,Bristled-Grassbird
data\spectrogram_dataset\train\Bristled-Grassbird\Bristled-Grassbird-10.png,Bristled-Grassbird
data\spectrogram_dataset\train\Bristled-Grassbird\Bristled-Grassbird-11.png,Bristled-Grassbird
data\spectrogram_dataset\train\Bristled-Grassbird\Bristled-Grassbird-12.png,Bristled-Grassbird
data\spectrogram_dataset\train\Bristled-Grassbird\Bristled-Grassbird-13.png,Bristled-Grassbird
data\spectrogram_dataset\train\Bristled-Grassbird\Bristled-Grassbird-14.png,Bristled-Grassbird
data\spectrogram_dataset\train\Bristled-Grassbird\Bristled-Grassbird-15.png,Bristled-Grassbird
data\spectrogram_dataset\train\Bristled-Grassbird\Bristled-Grassbird-16.png,Bristled-Grassbird
data\spectrogram_dataset\train\Bristled-Grassbird\Bristled-Grassbird-17.png,Bristled-Grassbird
data\spectrogram_dataset\train\Bristled-Grassbird\Bristled-Grassbird-18.png,Bristled-Grassbird
data\spectrogram_dataset\train\Bristled-Grassbird\Bristled-Grassbird-19.png,Bristled-Grassbird
data\spectrogram_dataset\train\Bristled-Grassbird\Bristled-Grassbird-2.png,Bristled-Grassbird
data\spectrogram_dataset\train\Bristled-Grassbird\Bristled-Grassbird-20.png,Bristled-Grassbird
data\spectrogram_dataset\train\Bristled-Grassbird\Bristled-Grassbird-21.png,Bristled-Grassbird
data\spectrogram_dataset\train\Bristled-Grassbird\Bristled-Grassbird-22.png,Bristled-Grassbird
data\spectrogram_dataset\train\Bristled-Grassbird\Bristled-Grassbird-23.png,Bristled-Grassbird
data\spectrogram_dataset\train\Bristled-Grassbird\Bristled-Grassbird-24.png,Bristled-Grassbird
data\spectrogram_dataset\train\Bristled-Grassbird\Bristled-Grassbird-25.png,Bristled-Grassbird
data\spectrogram_dataset\train\Bristled-Grassbird\Bristled-Grassbird-26.png,Bristled-Grassbird
data\spectrogram_dataset\train\Bristled-Grassbird\Bristled-Grassbird-27.png,Bristled-Grassbird
data\spectrogram_dataset\train\Bristled-Grassbird\Bristled-Grassbird-28.png,Bristled-Grassbird
data\spectrogram_dataset\train\Bristled-Grassbird\Bristled-Grassbird-29.png,Bristled-Grassbird
data\spectrogram_dataset\train\Bristled-Grassbird\Bristled-Grassbird-3.png,Bristled-Grassbird
data\spectrogram_dataset\train\Bristled-Grassbird\Bristled-Grassbird-30.png,Bristled-Grassbird
data\spectrogram_dataset\train\Bristled-Grassbird\Bristled-Grassbird-31.png,Bristled-Grassbird
data\spectrogram_dataset\train\Bristled-Grassbird\Bristled-Grassbird-32.png,Bristled-Grassbird
data\spectrogram_dataset\train\Bristled-Grassbird\Bristled-Grassbird-33.png,Bristled-Grassbird
data\spectrogram_dataset\train\Bristled-Grassbird\Bristled-Grassbird-34.png,Bristled-Grassbird
data\spectrogram_dataset\train\Bristled-Grassbird\Bristled-Grassbird-35.png,Bristled-Grassbird
data\spectrogram_dataset\train\Bristled-Grassbird\Bristled-Grassbird-36.png,Bristled-Grassbird
data\spectrogram_dataset\train\Bristled-Grassbird\Bristled-Grassbird-37.png,Bristled-Grassbird
data\spectrogram_dataset\train\Bristled-Grassbird\Bristled-Grassbird-38.png,Bristled-Grassbird
data\spectrogram_dataset\train\Bristled-Grassbird\Bristled-Grassbird-39.png,Bristled-Grassbird
data\spectrogram_dataset\train\Bristled-Grassbird\Bristled-Grassbird-4.png,Bristled-Grassbird
data\spectrogram_dataset\train\Bristled-Grassbird\Bristled-Grassbird-40.png,Bristled-Grassbird
data\spectrogram_dataset\train\Bristled-Grassbird\Bristled-Grassbird-41.png,Bristled-Grassbird
data\spectrogram_dataset\train\Bristled-Grassbird\Bristled-Grassbird-42.png,Bristled-Grassbird
data\spectrogram_dataset\train\Bristled-Grassbird\Bristled-Grassbird-43.png,Bristled-Grassbird
data\spectrogram_dataset\train\Bristled-Grassbird\Bristled-Grassbird-44.png,Bristled-Grassbird
data\spectrogram_dataset\train\Bristled-Grassbird\Bristled-Grassbird-45.png,Bristled-Grassbird
data\spectrogram_dataset\train\Bristled-Grassbird\Bristled-Grassbird-46.png,Bristled-Grassbird
data\spectrogram_dataset\train\Bristled-Grassbird\Bristled-Grassbird-47.png,Bristled-Grassbird
data\spectrogram_dataset\train\Bristled-Grassbird\Bristled-Grassbird-48.png,Bristled-Grassbird
data\spectrogram_dataset\train\Bristled-Grassbird\Bristled-Grassbird-49.png,Bristled-Grassbird
data\spectrogram_dataset\train\Bristled-Grassbird\Bristled-Grassbird-5.png,Bristled-Grassbird
data\spectrogram_dataset\train\Bristled-Grassbird\Bristled-Grassbird-50.png,Bristled-Grassbird
data\spectrogram_dataset\train\Bristled-Grassbird\Bristled-Grassbird-51.png,Bristled-Grassbird
data\spectrogram_dataset\train\Bristled-Grassbird\Bristled-Grassbird-6.png,Bristled-Grassbird
data\spectrogram_dataset\train\Bristled-Grassbird\Bristled-Grassbird-7.png,Bristled-Grassbird
data\spectrogram_dataset\train\Bristled-Grassbird\Bristled-Grassbird-8.png,Bristled-Grassbird
data\spectrogram_dataset\train\Bristled-Grassbird\Bristled-Grassbird-9.png,Bristled-Grassbird
data\spectrogram_dataset\train\Cheer-Pheasant\Cheer-Pheasant-0.png,Cheer-Pheasant
data\spectrogram_dataset\train\Cheer-Pheasant\Cheer-Pheasant-1.png,Cheer-Pheasant
data\spectrogram_dataset\train\Cheer-Pheasant\Cheer-Pheasant-10.png,Cheer-Pheasant
data\spectrogram_dataset\train\Cheer-Pheasant\Cheer-Pheasant-11.png,Cheer-Pheasant
data\spectrogram_dataset\train\Cheer-Pheasant\Cheer-Pheasant-12.png,Cheer-Pheasant
data\spectrogram_dataset\train\Cheer-Pheasant\Cheer-Pheasant-13.png,Cheer-Pheasant
data\spectrogram_dataset\train\Cheer-Pheasant\Cheer-Pheasant-14.png,Cheer-Pheasant
data\spectrogram_dataset\train\Cheer-Pheasant\Cheer-Pheasant-15.png,Cheer-Pheasant
data\spectrogram_dataset\train\Cheer-Pheasant\Cheer-Pheasant-16.png,Cheer-Pheasant
data\spectrogram_dataset\train\Cheer-Pheasant\Cheer-Pheasant-17.png,Cheer-Pheasant
data\spectrogram_dataset\train\Cheer-Pheasant\Cheer-Pheasant-18.png,Cheer-Pheasant
data\spectrogram_dataset\train\Cheer-Pheasant\Cheer-Pheasant-19.png,Cheer-Pheasant
data\spectrogram_dataset\train\Cheer-Pheasant\Cheer-Pheasant-2.png,Cheer-Pheasant
data\spectrogram_dataset\train\Cheer-Pheasant\Cheer-Pheasant-20.png,Cheer-Pheasant
data\spectrogram_dataset\train\Cheer-Pheasant\Cheer-Pheasant-21.png,Cheer-Pheasant
data\spectrogram_dataset\train\Cheer-Pheasant\Cheer-Pheasant-22.png,Cheer-Pheasant
data\spectrogram_dataset\train\Cheer-Pheasant\Cheer-Pheasant-23.png,Cheer-Pheasant
data\spectrogram_dataset\train\Cheer-Pheasant\Cheer-Pheasant-24.png,Cheer-Pheasant
data\spectrogram_dataset\train\Cheer-Pheasant\Cheer-Pheasant-25.png,Cheer-Pheasant
data\spectrogram_dataset\train\Cheer-Pheasant\Cheer-Pheasant-26.png,Cheer-Pheasant
data\spectrogram_dataset\train\Cheer-Pheasant\Cheer-Pheasant-27.png,Cheer-Pheasant
data\spectrogram_dataset\train\Cheer-Pheasant\Cheer-Pheasant-28.png,Cheer-Pheasant
data\spectrogram_dataset\train\Cheer-Pheasant\Cheer-Pheasant-29.png,Cheer-Pheasant
data\spectrogram_dataset\train\Cheer-Pheasant\Cheer-Pheasant-3.png,Cheer-Pheasant
data\spectrogram_dataset\train\Cheer-Pheasant\Cheer-Pheasant-30.png,Cheer-Pheasant
data\spectrogram_dataset\train\Cheer-Pheasant\Cheer-Pheasant-31.png,Cheer-Pheasant
data\spectrogram_dataset\train\Cheer-Pheasant\Cheer-Pheasant-32.png,Cheer-Pheasant
data\spectrogram_dataset\train\Cheer-Pheasant\Cheer-Pheasant-33.png,Cheer-Pheasant
data\spectrogram_dataset\train\Cheer-Pheasant\Cheer-Pheasant-34.png,Cheer-Pheasant
data\spectrogram_dataset\train\Cheer-Pheasant\Cheer-Pheasant-35.png,Cheer-Pheasant
data\spectrogram_dataset\train\Cheer-Pheasant\Cheer-Pheasant-36.png,Cheer-Pheasant
data\spectrogram_dataset\train\Cheer-Pheasant\Cheer-Pheasant-37.png,Cheer-Pheasant
data\spectrogram_dataset\train\Cheer-Pheasant\Cheer-Pheasant-38.png,Cheer-Pheasant
data\spectrogram_dataset\train\Cheer-Pheasant\Cheer-Pheasant-39.png,Cheer-Pheasant
data\spectrogram_dataset\train\Cheer-Pheasant\Cheer-Pheasant-4.png,Cheer-Pheasant
data\spectrogram_dataset\train\Cheer-Pheasant\Cheer-Pheasant-5.png,Cheer-Pheasant
data\spectrogram_dataset\train\Cheer-Pheasant\Cheer-Pheasant-6.png,Cheer-Pheasant
data\spectrogram_dataset\train\Cheer-Pheasant\Cheer-Pheasant-7.png,Cheer-Pheasant
data\spectrogram_dataset\train\Cheer-Pheasant\Cheer-Pheasant-8.png,Cheer-Pheasant
data\spectrogram_dataset\train\Cheer-Pheasant\Cheer-Pheasant-9.png,Cheer-Pheasant
data\spectrogram_dataset\train\Common-Pochard\Common-Pochard-0.png,Common-Pochard
data\spectrogram_dataset\train\Common-Pochard\Common-Pochard-1.png,Common-Pochard
data\spectrogram_dataset\train\Common-Pochard\Common-Pochard-10.png,Common-Pochard
data\spectrogram_dataset\train\Common-Pochard\Common-Pochard-100.png,Common-Pochard
data\spectrogram_dataset\train\Common-Pochard\Common-Pochard-101.png,Common-Pochard
data\spectrogram_dataset\train\Common-Pochard\Common-Pochard-102.png,Common-Pochard
data\spectrogram_dataset\train\Common-Pochard\Common-Pochard-103.png,Common-Pochard
data\spectrogram_dataset\train\Common-Pochard\Common-Pochard-104.png,Common-Pochard
data\spectrogram_dataset\train\Common-Pochard\Common-Pochard-105.png,Common-Pochard
data\spectrogram_dataset\train\Common-Pochard\Common-Pochard-106.png,Common-Pochard
data\spectrogram_dataset\train\Common-Pochard\Common-Pochard-107.png,Common-Pochard
data\spectrogram_dataset\train\Common-Pochard\Common-Pochard-108.png,Common-Pochard
data\spectrogram_dataset\train\Common-Pochard\Common-Pochard-109.png,Common-Pochard
data\spectrogram_dataset\train\Common-Pochard\Common-Pochard-11.png,Common-Pochard
data\spectrogram_dataset\train\Common-Pochard\Common-Pochard-110.png,Common-Pochard
data\spectrogram_dataset\train\Common-Pochard\Common-Pochard-111.png,Common-Pochard
data\spectrogram_dataset\train\Common-Pochard\Common-Pochard-112.png,Common-Pochard
data\spectrogram_dataset\train\Common-Pochard\Common-Pochard-113.png,Common-Pochard
data\spectrogram_dataset\train\Common-Pochard\Common-Pochard-114.png,Common-Pochard
data\spectrogram_dataset\train\Common-Pochard\Common-Pochard-115.png,Common-Pochard
data\spectrogram_dataset\train\Common-Pochard\Common-Pochard-116.png,Common-Pochard
data\spectrogram_dataset\train\Common-Pochard\Common-Pochard-117.png,Common-Pochard
data\spectrogram_dataset\train\Common-Pochard\Common-Pochard-118.png,Common-Pochard
data\spectrogram_dataset\train\Common-Pochard\Common-Pochard-119.png,Common-Pochard
data\spectrogram_dataset\train\Common-Pochard\Common-Pochard-12.png,Common-Pochard
data\spectrogram_dataset\train\Common-Pochard\Common-Pochard-120.png,Common-Pochard
data\spectrogram_dataset\train\Common-Pochard\Common-Pochard-121.png,Common-Pochard
data\spectrogram_dataset\train\Common-Pochard\Common-Pochard-122.png,Common-Pochard
data\spectrogram_dataset\train\Common-Pochard\Common-Pochard-123.png,Common-Pochard
data\spectrogram_dataset\train\Common-Pochard\Common-Pochard-124.png,Common-Pochard
data\spectrogram_dataset\train\Common-Pochard\Common-Pochard-125.png,Common-Pochard
data\spectrogram_dataset\train\Common-Pochard\Common-Pochard-126.png,Common-Pochard
data\spectrogram_dataset\train\Common-Pochard\Common-Pochard-127.png,Common-Pochard
data\spectrogram_dataset\train\Common-Pochard\Common-Pochard-128.png,Common-Pochard
data\spectrogram_dataset\train\Common-Pochard\Common-Pochard-129.png,Common-Pochard
data\spectrogram_dataset\train\Common-Pochard\Common-Pochard-13.png,Common-Pochard
data\spectrogram_dataset\train\Common-Pochard\Common-Pochard-130.png,Common-Pochard
data\spectrogram_dataset\train\Common-Pochard\Common-Pochard-131.png,Common-Pochard
data\spectrogram_dataset\train\Common-Pochard\Common-Pochard-132.png,Common-Pochard
data\spectrogram_dataset\train\Common-Pochard\Common-Pochard-133.png,Common-Pochard
data\spectrogram_dataset\train\Common-Pochard\Common-Pochard-134.png,Common-Pochard
data\spectrogram_dataset\train\Common-Pochard\Common-Pochard-135.png,Common-Pochard
data\spectrogram_dataset\train\Common-Pochard\Common-Pochard-136.png,Common-Pochard
data\spectrogram_dataset\train\Common-Pochard\Common-Pochard-137.png,Common-Pochard
data\spectrogram_dataset\train\Common-Pochard\Common-Pochard-138.png,Common-Pochard
data\spectrogram_dataset\train\Common-Pochard\Common-Pochard-139.png,Common-Pochard
data\spectrogram_dataset\train\Common-Pochard\Common-Pochard-14.png,Common-Pochard
data\spectrogram_dataset\train\Common-Pochard\Common-Pochard-140.png,Common-Pochard
data\spectrogram_dataset\train\Common-Pochard\Common-Pochard-141.png,Common-Pochard
data\spectrogram_dataset\train\Common-Pochard\Common-Pochard-142.png,Common-Pochard
data\spectrogram_dataset\train\Common-Pochard\Common-Pochard-143.png,Common-Pochard
data\spectrogram_dataset\train\Common-Pochard\Common-Pochard-144.png,Common-Pochard
data\spectrogram_dataset\train\Common-Pochard\Common-Pochard-145.png,Common-Pochard
data\spectrogram_dataset\train\Common-Pochard\Common-Pochard-146.png,Common-Pochard
data\spectrogram_dataset\train\Common-Pochard\Common-Pochard-147.png,Common-Pochard
data\spectrogram_dataset\train\Common-Pochard\Common-Pochard-148.png,Common-Pochard
data\spectrogram_dataset\train\Common-Pochard\Common-Pochard-149.png,Common-Pochard
data\spectrogram_dataset\train\Common-Pochard\Common-Pochard-15.png,Common-Pochard
data\spectrogram_dataset\train\Common-Pochard\Common-Pochard-150.png,Common-Pochard
data\spectrogram_dataset\train\Common-Pochard\Common-Pochard-151.png,Common-Pochard
data\spectrogram_dataset\train\Common-Pochard\Common-Pochard-152.png,Common-Pochard
data\spectrogram_dataset\train\Common-Pochard\Common-Pochard-153.png,Common-Pochard
data\spectrogram_dataset\train\Common-Pochard\Common-Pochard-154.png,Common-Pochard
data\spectrogram_dataset\train\Common-Pochard\Common-Pochard-155.png,Common-Pochard
data\spectrogram_dataset\train\Common-Pochard\Common-Pochard-156.png,Common-Pochard
data\spectrogram_dataset\train\Common-Pochard\Common-Pochard-157.png,Common-Pochard
data\spectrogram_dataset\train\Common-Pochard\Common-Pochard-158.png,Common-Pochard
data\spectrogram_dataset\train\Common-Pochard\Common-Pochard-159.png,Common-Pochard
data\spectrogram_dataset\train\Common-Pochard\Common-Pochard-16.png,Common-Pochard
data\spectrogram_dataset\train\Common-Pochard\Common-Pochard-160.png,Common-Pochard
data\spectrogram_dataset\train\Common-Pochard\Common-Pochard-161.png,Common-Pochard
data\spectrogram_dataset\train\Common-Pochard\Common-Pochard-162.png,Common-Pochard
data\spectrogram_dataset\train\Common-Pochard\Common-Pochard-163.png,Common-Pochard
data\spectrogram_dataset\train\Common-Pochard\Common-Pochard-164.png,Common-Pochard
data\spectrogram_dataset\train\Common-Pochard\Common-Pochard-165.png,Common-Pochard
data\spectrogram_dataset\train\Common-Pochard\Common-Pochard-166.png,Common-Pochard
data\spectrogram_dataset\train\Common-Pochard\Common-Pochard-167.png,Common-Pochard
data\spectrogram_dataset\train\Common-Pochard\Common-Pochard-168.png,Common-Pochard
data\spectrogram_dataset\train\Common-Pochard\Common-Pochard-169.png,Common-Pochard
data\spectrogram_dataset\train\Common-Pochard\Common-Pochard-17.png,Common-Pochard
data\spectrogram_dataset\train\Common-Pochard\Common-Pochard-170.png,Common-Pochard
data\spectrogram_dataset\train\Common-Pochard\Common-Pochard-171.png,Common-Pochard
data\spectrogram_dataset\train\Common-Pochard\Common-Pochard-172.png,Common-Pochard
data\spectrogram_dataset\train\Common-Pochard\Common-Pochard-173.png,Common-Pochard
data\spectrogram_dataset\train\Common-Pochard\Common-Pochard-174.png,Common-Pochard
data\spectrogram_dataset\train\Common-Pochard\Common-Pochard-175.png,Common-Pochard
data\spectrogram_dataset\train\Common-Pochard\Common-Pochard-176.png,Common-Pochard
data\spectrogram_dataset\train\Common-Pochard\Common-Pochard-177.png,Common-Pochard
data\spectrogram_dataset\train\Common-Pochard\Common-Pochard-178.png,Common-Pochard
data\spectrogram_dataset\train\Common-Pochard\Common-Pochard-179.png,Common-Pochard
data\spectrogram_dataset\train\Common-Pochard\Common-Pochard-18.png,Common-Pochard
data\spectrogram_dataset\train\Common-Pochard\Common-Pochard-180.png,Common-Pochard
data\spectrogram_dataset\train\Common-Pochard\Common-Pochard-181.png,Common-Pochard
data\spectrogram_dataset\train\Common-Pochard\Common-Pochard-182.png,Common-Pochard
data\spectrogram_dataset\train\Common-Pochard\Common-Pochard-183.png,Common-Pochard
data\spectrogram_dataset\train\Common-Pochard\Common-Pochard-184.png,Common-Pochard
data\spectrogram_dataset\train\Common-Pochard\Common-Pochard-185.png,Common-Pochard
data\spectrogram_dataset\train\Common-Pochard\Common-Pochard-186.png,Common-Pochard
data\spectrogram_dataset\train\Common-Pochard\Common-Pochard-187.png,Common-Pochard
data\spectrogram_dataset\train\Common-Pochard\Common-Pochard-188.png,Common-Pochard
data\spectrogram_dataset\train\Common-Pochard\Common-Pochard-189.png,Common-Pochard
data\spectrogram_dataset\train\Common-Pochard\Common-Pochard-19.png,Common-Pochard
data\spectrogram_dataset\train\Common-Pochard\Common-Pochard-190.png,Common-Pochard
data\spectrogram_dataset\train\Common-Pochard\Common-Pochard-191.png,Common-Pochard
data\spectrogram_dataset\train\Common-Pochard\Common-Pochard-192.png,Common-Pochard
data\spectrogram_dataset\train\Common-Pochard\Common-Pochard-193.png,Common-Pochard
data\spectrogram_dataset\train\Common-Pochard\Common-Pochard-194.png,Common-Pochard
data\spectrogram_dataset\train\Common-Pochard\Common-Pochard-195.png,Common-Pochard
data\spectrogram_dataset\train\Common-Pochard\Common-Pochard-196.png,Common-Pochard
data\spectrogram_dataset\train\Common-Pochard\Common-Pochard-197.png,Common-Pochard
data\spectrogram_dataset\train\Common-Pochard\Common-Pochard-198.png,Common-Pochard
data\spectrogram_dataset\train\Common-Pochard\Common-Pochard-199.png,Common-Pochard
data\spectrogram_dataset\train\Common-Pochard\Common-Pochard-2.png,Common-Pochard
data\spectrogram_dataset\train\Common-Pochard\Common-Pochard-20.png,Common-Pochard
data\spectrogram_dataset\train\Common-Pochard\Common-Pochard-200.png,Common-Pochard
data\spectrogram_dataset\train\Common-Pochard\Common-Pochard-201.png,Common-Pochard
data\spectrogram_dataset\train\Common-Pochard\Common-Pochard-202.png,Common-Pochard
data\spectrogram_dataset\train\Common-Pochard\Common-Pochard-21.png,Common-Pochard
data\spectrogram_dataset\train\Common-Pochard\Common-Pochard-22.png,Common-Pochard
data\spectrogram_dataset\train\Common-Pochard\Common-Pochard-23.png,Common-Pochard
data\spectrogram_dataset\train\Common-Pochard\Common-Pochard-24.png,Common-Pochard
data\spectrogram_dataset\train\Common-Pochard\Common-Pochard-25.png,Common-Pochard
data\spectrogram_dataset\train\Common-Pochard\Common-Pochard-26.png,Common-Pochard
data\spectrogram_dataset\train\Common-Pochard\Common-Pochard-27.png,Common-Pochard
data\spectrogram_dataset\train\Common-Pochard\Common-Pochard-28.png,Common-Pochard
data\spectrogram_dataset\train\Common-Pochard\Common-Pochard-29.png,Common-Pochard
data\spectrogram_dataset\train\Common-Pochard\Common-Pochard-3.png,Common-Pochard
data\spectrogram_dataset\train\Common-Pochard\Common-Pochard-30.png,Common-Pochard
data\spectrogram_dataset\train\Common-Pochard\Common-Pochard-31.png,Common-Pochard
data\spectrogram_dataset\train\Common-Pochard\Common-Pochard-32.png,Common-Pochard
data\spectrogram_dataset\train\Common-Pochard\Common-Pochard-33.png,Common-Pochard
data\spectrogram_dataset\train\Common-Pochard\Common-Pochard-34.png,Common-Pochard
data\spectrogram_dataset\train\Common-Pochard\Common-Pochard-35.png,Common-Pochard
data\spectrogram_dataset\train\Common-Pochard\Common-Pochard-36.png,Common-Pochard
data\spectrogram_dataset\train\Common-Pochard\Common-Pochard-37.png,Common-Pochard
data\spectrogram_dataset\train\Common-Pochard\Common-Pochard-38.png,Common-Pochard
data\spectrogram_dataset\train\Common-Pochard\Common-Pochard-39.png,Common-Pochard
data\spectrogram_dataset\train\Common-Pochard\Common-Pochard-4.png,Common-Pochard
data\spectrogram_dataset\train\Common-Pochard\Common-Pochard-40.png,Common-Pochard
data\spectrogram_dataset\train\Common-Pochard\Common-Pochard-41.png,Common-Pochard
data\spectrogram_dataset\train\Common-Pochard\Common-Pochard-42.png,Common-Pochard
data\spectrogram_dataset\train\Common-Pochard\Common-Pochard-43.png,Common-Pochard
data\spectrogram_dataset\train\Common-Pochard\Common-Pochard-44.png,Common-Pochard
data\spectrogram_dataset\train\Common-Pochard\Common-Pochard-45.png,Common-Pochard
data\spectrogram_dataset\train\Common-Pochard\Common-Pochard-46.png,Common-Pochard
data\spectrogram_dataset\train\Common-Pochard\Common-Pochard-47.png,Common-Pochard
data\spectrogram_dataset\train\Common-Pochard\Common-Pochard-48.png,Common-Pochard
data\spectrogram_dataset\train\Common-Pochard\Common-Pochard-49.png,Common-Pochard
data\spectrogram_dataset\train\Common-Pochard\Common-Pochard-5.png,Common-Pochard
data\spectrogram_dataset\train\Common-Pochard\Common-Pochard-50.png,Common-Pochard
data\spectrogram_dataset\train\Common-Pochard\Common-Pochard-51.png,Common-Pochard
data\spectrogram_dataset\train\Common-Pochard\Common-Pochard-52.png,Common-Pochard
data\spectrogram_dataset\train\Common-Pochard\Common-Pochard-53.png,Common-Pochard
data\spectrogram_dataset\train\Common-Pochard\Common-Pochard-54.png,Common-Pochard
data\spectrogram_dataset\train\Common-Pochard\Common-Pochard-55.png,Common-Pochard
data\spectrogram_dataset\train\Common-Pochard\Common-Pochard-56.png,Common-Pochard
data\spectrogram_dataset\train\Common-Pochard\Common-Pochard-57.png,Common-Pochard
data\spectrogram_dataset\train\Common-Pochard\Common-Pochard-58.png,Common-Pochard
data\spectrogram_dataset\train\Common-Pochard\Common-Pochard-59.png,Common-Pochard
data\spectrogram_dataset\train\Common-Pochard\Common-Pochard-6.png,Common-Pochard
data\spectrogram_dataset\train\Common-Pochard\Common-Pochard-60.png,Common-Pochard
data\spectrogram_dataset\train\Common-Pochard\Common-Pochard-61.png,Common-Pochard
data\spectrogram_dataset\train\Common-Pochard\Common-Pochard-62.png,Common-Pochard
data\spectrogram_dataset\train\Common-Pochard\Common-Pochard-63.png,Common-Pochard
data\spectrogram_dataset\train\Common-Pochard\Common-Pochard-64.png,Common-Pochard
data\spectrogram_dataset\train\Common-Pochard\Common-Pochard-65.png,Common-Pochard
data\spectrogram_dataset\train\Common-Pochard\Common-Pochard-66.png,Common-Pochard
data\spectrogram_dataset\train\Common-Pochard\Common-Pochard-67.png,Common-Pochard
data\spectrogram_dataset\train\Common-Pochard\Common-Pochard-68.png,Common-Pochard
data\spectrogram_dataset\train\Common-Pochard\Common-Pochard-69.png,Common-Pochard
data\spectrogram_dataset\train\Common-Pochard\Common-Pochard-7.png,Common-Pochard
data\spectrogram_dataset\train\Common-Pochard\Common-Pochard-70.png,Common-Pochard
data\spectrogram_dataset\train\Common-Pochard\Common-Pochard-71.png,Common-Pochard
data\spectrogram_dataset\train\Common-Pochard\Common-Pochard-72.png,Common-Pochard
data\spectrogram_dataset\train\Common-Pochard\Common-Pochard-73.png,Common-Pochard
data\spectrogram_dataset\train\Common-Pochard\Common-Pochard-74.png,Common-Pochard
data\spectrogram_dataset\train\Common-Pochard\Common-Pochard-75.png,Common-Pochard
data\spectrogram_dataset\train\Common-Pochard\Common-Pochard-76.png,Common-Pochard
data\spectrogram_dataset\train\Common-Pochard\Common-Pochard-77.png,Common-Pochard
data\spectrogram_dataset\train\Common-Pochard\Common-Pochard-78.png,Common-Pochard
data\spectrogram_dataset\train\Common-Pochard\Common-Pochard-79.png,Common-Pochard
data\spectrogram_dataset\train\Common-Pochard\Common-Pochard-8.png,Common-Pochard
data\spectrogram_dataset\train\Common-Pochard\Common-Pochard-80.png,Common-Pochard
data\spectrogram_dataset\train\Common-Pochard\Common-Pochard-81.png,Common-Pochard
data\spectrogram_dataset\train\Common-Pochard\Common-Pochard-82.png,Common-Pochard
data\spectrogram_dataset\train\Common-Pochard\Common-Pochard-83.png,Common-Pochard
data\spectrogram_dataset\train\Common-Pochard\Common-Pochard-84.png,Common-Pochard
data\spectrogram_dataset\train\Common-Pochard\Common-Pochard-85.png,Common-Pochard
data\spectrogram_dataset\train\Common-Pochard\Common-Pochard-86.png,Common-Pochard
data\spectrogram_dataset\train\Common-Pochard\Common-Pochard-87.png,Common-Pochard
data\spectrogram_dataset\train\Common-Pochard\Common-Pochard-88.png,Common-Pochard
data\spectrogram_dataset\train\Common-Pochard\Common-Pochard-89.png,Common-Pochard
data\spectrogram_dataset\train\Common-Pochard\Common-Pochard-9.png,Common-Pochard
data\spectrogram_dataset\train\Common-Pochard\Common-Pochard-90.png,Common-Pochard
data\spectrogram_dataset\train\Common-Pochard\Common-Pochard-91.png,Common-Pochard
data\spectrogram_dataset\train\Common-Pochard\Common-Pochard-92.png,Common-Pochard
data\spectrogram_dataset\train\Common-Pochard\Common-Pochard-93.png,Common-Pochard
data\spectrogram_dataset\train\Common-Pochard\Common-Pochard-94.png,Common-Pochard
data\spectrogram_dataset\train\Common-Pochard\Common-Pochard-95.png,Common-Pochard
data\spectrogram_dataset\train\Common-Pochard\Common-Pochard-96.png,Common-Pochard
data\spectrogram_dataset\train\Common-Pochard\Common-Pochard-97.png,Common-Pochard
data\spectrogram_dataset\train\Common-Pochard\Common-Pochard-98.png,Common-Pochard
data\spectrogram_dataset\train\Common-Pochard\Common-Pochard-99.png,Common-Pochard
data\spectrogram_dataset\train\Common-Wood-Pigeon\Common-Wood-Pigeon-0.png,Common-Wood-Pigeon
data\spectrogram_dataset\train\Common-Wood-Pigeon\Common-Wood-Pigeon-1.png,Common-Wood-Pigeon
data\spectrogram_dataset\train\Common-Wood-Pigeon\Common-Wood-Pigeon-10.png,Common-Wood-Pigeon
data\spectrogram_dataset\train\Common-Wood-Pigeon\Common-Wood-Pigeon-100.png,Common-Wood-Pigeon
data\spectrogram_dataset\train\Common-Wood-Pigeon\Common-Wood-Pigeon-101.png,Common-Wood-Pigeon
data\spectrogram_dataset\train\Common-Wood-Pigeon\Common-Wood-Pigeon-102.png,Common-Wood-Pigeon
data\spectrogram_dataset\train\Common-Wood-Pigeon\Common-Wood-Pigeon-103.png,Common-Wood-Pigeon
data\spectrogram_dataset\train\Common-Wood-Pigeon\Common-Wood-Pigeon-104.png,Common-Wood-Pigeon
data\spectrogram_dataset\train\Common-Wood-Pigeon\Common-Wood-Pigeon-105.png,Common-Wood-Pigeon
data\spectrogram_dataset\train\Common-Wood-Pigeon\Common-Wood-Pigeon-106.png,Common-Wood-Pigeon
data\spectrogram_dataset\train\Common-Wood-Pigeon\Common-Wood-Pigeon-107.png,Common-Wood-Pigeon
data\spectrogram_dataset\train\Common-Wood-Pigeon\Common-Wood-Pigeon-108.png,Common-Wood-Pigeon
data\spectrogram_dataset\train\Common-Wood-Pigeon\Common-Wood-Pigeon-109.png,Common-Wood-Pigeon
data\spectrogram_dataset\train\Common-Wood-Pigeon\Common-Wood-Pigeon-11.png,Common-Wood-Pigeon
data\spectrogram_dataset\train\Common-Wood-Pigeon\Common-Wood-Pigeon-110.png,Common-Wood-Pigeon
data\spectrogram_dataset\train\Common-Wood-Pigeon\Common-Wood-Pigeon-111.png,Common-Wood-Pigeon
data\spectrogram_dataset\train\Common-Wood-Pigeon\Common-Wood-Pigeon-112.png,Common-Wood-Pigeon
data\spectrogram_dataset\train\Common-Wood-Pigeon\Common-Wood-Pigeon-113.png,Common-Wood-Pigeon
data\spectrogram_dataset\train\Common-Wood-Pigeon\Common-Wood-Pigeon-114.png,Common-Wood-Pigeon
data\spectrogram_dataset\train\Common-Wood-Pigeon\Common-Wood-Pigeon-115.png,Common-Wood-Pigeon
data\spectrogram_dataset\train\Common-Wood-Pigeon\Common-Wood-Pigeon-116.png,Common-Wood-Pigeon
data\spectrogram_dataset\train\Common-Wood-Pigeon\Common-Wood-Pigeon-117.png,Common-Wood-Pigeon
data\spectrogram_dataset\train\Common-Wood-Pigeon\Common-Wood-Pigeon-118.png,Common-Wood-Pigeon
data\spectrogram_dataset\train\Common-Wood-Pigeon\Common-Wood-Pigeon-119.png,Common-Wood-Pigeon
data\spectrogram_dataset\train\Common-Wood-Pigeon\Common-Wood-Pigeon-12.png,Common-Wood-Pigeon
data\spectrogram_dataset\train\Common-Wood-Pigeon\Common-Wood-Pigeon-120.png,Common-Wood-Pigeon
data\spectrogram_dataset\train\Common-Wood-Pigeon\Common-Wood-Pigeon-121.png,Common-Wood-Pigeon
data\spectrogram_dataset\train\Common-Wood-Pigeon\Common-Wood-Pigeon-122.png,Common-Wood-Pigeon
data\spectrogram_dataset\train\Common-Wood-Pigeon\Common-Wood-Pigeon-123.png,Common-Wood-Pigeon
data\spectrogram_dataset\train\Common-Wood-Pigeon\Common-Wood-Pigeon-124.png,Common-Wood-Pigeon
data\spectrogram_dataset\train\Common-Wood-Pigeon\Common-Wood-Pigeon-125.png,Common-Wood-Pigeon
data\spectrogram_dataset\train\Common-Wood-Pigeon\Common-Wood-Pigeon-126.png,Common-Wood-Pigeon
data\spectrogram_dataset\train\Common-Wood-Pigeon\Common-Wood-Pigeon-127.png,Common-Wood-Pigeon
data\spectrogram_dataset\train\Common-Wood-Pigeon\Common-Wood-Pigeon-128.png,Common-Wood-Pigeon
data\spectrogram_dataset\train\Common-Wood-Pigeon\Common-Wood-Pigeon-129.png,Common-Wood-Pigeon
data\spectrogram_dataset\train\Common-Wood-Pigeon\Common-Wood-Pigeon-13.png,Common-Wood-Pigeon
data\spectrogram_dataset\train\Common-Wood-Pigeon\Common-Wood-Pigeon-130.png,Common-Wood-Pigeon
data\spectrogram_dataset\train\Common-Wood-Pigeon\Common-Wood-Pigeon-131.png,Common-Wood-Pigeon
data\spectrogram_dataset\train\Common-Wood-Pigeon\Common-Wood-Pigeon-132.png,Common-Wood-Pigeon
data\spectrogram_dataset\train\Common-Wood-Pigeon\Common-Wood-Pigeon-133.png,Common-Wood-Pigeon
data\spectrogram_dataset\train\Common-Wood-Pigeon\Common-Wood-Pigeon-134.png,Common-Wood-Pigeon
data\spectrogram_dataset\train\Common-Wood-Pigeon\Common-Wood-Pigeon-135.png,Common-Wood-Pigeon
data\spectrogram_dataset\train\Common-Wood-Pigeon\Common-Wood-Pigeon-136.png,Common-Wood-Pigeon
data\spectrogram_dataset\train\Common-Wood-Pigeon\Common-Wood-Pigeon-137.png,Common-Wood-Pigeon
data\spectrogram_dataset\train\Common-Wood-Pigeon\Common-Wood-Pigeon-138.png,Common-Wood-Pigeon
data\spectrogram_dataset\train\Common-Wood-Pigeon\Common-Wood-Pigeon-139.png,Common-Wood-Pigeon
data\spectrogram_dataset\train\Common-Wood-Pigeon\Common-Wood-Pigeon-14.png,Common-Wood-Pigeon
data\spectrogram_dataset\train\Common-Wood-Pigeon\Common-Wood-Pigeon-140.png,Common-Wood-Pigeon
data\spectrogram_dataset\train\Common-Wood-Pigeon\Common-Wood-Pigeon-141.png,Common-Wood-Pigeon
data\spectrogram_dataset\train\Common-Wood-Pigeon\Common-Wood-Pigeon-142.png,Common-Wood-Pigeon
data\spectrogram_dataset\train\Common-Wood-Pigeon\Common-Wood-Pigeon-143.png,Common-Wood-Pigeon
data\spectrogram_dataset\train\Common-Wood-Pigeon\Common-Wood-Pigeon-144.png,Common-Wood-Pigeon
data\spectrogram_dataset\train\Common-Wood-Pigeon\Common-Wood-Pigeon-145.png,Common-Wood-Pigeon
data\spectrogram_dataset\train\Common-Wood-Pigeon\Common-Wood-Pigeon-146.png,Common-Wood-Pigeon
data\spectrogram_dataset\train\Common-Wood-Pigeon\Common-Wood-Pigeon-147.png,Common-Wood-Pigeon
data\spectrogram_dataset\train\Common-Wood-Pigeon\Common-Wood-Pigeon-148.png,Common-Wood-Pigeon
data\spectrogram_dataset\train\Common-Wood-Pigeon\Common-Wood-Pigeon-149.png,Common-Wood-Pigeon
data\spectrogram_dataset\train\Common-Wood-Pigeon\Common-Wood-Pigeon-15.png,Common-Wood-Pigeon
data\spectrogram_dataset\train\Common-Wood-Pigeon\Common-Wood-Pigeon-150.png,Common-Wood-Pigeon
data\spectrogram_dataset\train\Common-Wood-Pigeon\Common-Wood-Pigeon-151.png,Common-Wood-Pigeon
data\spectrogram_dataset\train\Common-Wood-Pigeon\Common-Wood-Pigeon-152.png,Common-Wood-Pigeon
data\spectrogram_dataset\train\Common-Wood-Pigeon\Common-Wood-Pigeon-153.png,Common-Wood-Pigeon
data\spectrogram_dataset\train\Common-Wood-Pigeon\Common-Wood-Pigeon-154.png,Common-Wood-Pigeon
data\spectrogram_dataset\train\Common-Wood-Pigeon\Common-Wood-Pigeon-155.png,Common-Wood-Pigeon
data\spectrogram_dataset\train\Common-Wood-Pigeon\Common-Wood-Pigeon-156.png,Common-Wood-Pigeon
data\spectrogram_dataset\train\Common-Wood-Pigeon\Common-Wood-Pigeon-157.png,Common-Wood-Pigeon
data\spectrogram_dataset\train\Common-Wood-Pigeon\Common-Wood-Pigeon-158.png,Common-Wood-Pigeon
data\spectrogram_dataset\train\Common-Wood-Pigeon\Common-Wood-Pigeon-159.png,Common-Wood-Pigeon
data\spectrogram_dataset\train\Common-Wood-Pigeon\Common-Wood-Pigeon-16.png,Common-Wood-Pigeon
data\spectrogram_dataset\train\Common-Wood-Pigeon\Common-Wood-Pigeon-160.png,Common-Wood-Pigeon
data\spectrogram_dataset\train\Common-Wood-Pigeon\Common-Wood-Pigeon-161.png,Common-Wood-Pigeon
data\spectrogram_dataset\train\Common-Wood-Pigeon\Common-Wood-Pigeon-162.png,Common-Wood-Pigeon
data\spectrogram_dataset\train\Common-Wood-Pigeon\Common-Wood-Pigeon-163.png,Common-Wood-Pigeon
data\spectrogram_dataset\train\Common-Wood-Pigeon\Common-Wood-Pigeon-164.png,Common-Wood-Pigeon
data\spectrogram_dataset\train\Common-Wood-Pigeon\Common-Wood-Pigeon-165.png,Common-Wood-Pigeon
data\spectrogram_dataset\train\Common-Wood-Pigeon\Common-Wood-Pigeon-166.png,Common-Wood-Pigeon
data\spectrogram_dataset\train\Common-Wood-Pigeon\Common-Wood-Pigeon-167.png,Common-Wood-Pigeon
data\spectrogram_dataset\train\Common-Wood-Pigeon\Common-Wood-Pigeon-168.png,Common-Wood-Pigeon
data\spectrogram_dataset\train\Common-Wood-Pigeon\Common-Wood-Pigeon-169.png,Common-Wood-Pigeon
data\spectrogram_dataset\train\Common-Wood-Pigeon\Common-Wood-Pigeon-17.png,Common-Wood-Pigeon
data\spectrogram_dataset\train\Common-Wood-Pigeon\Common-Wood-Pigeon-170.png,Common-Wood-Pigeon
data\spectrogram_dataset\train\Common-Wood-Pigeon\Common-Wood-Pigeon-171.png,Common-Wood-Pigeon
data\spectrogram_dataset\train\Common-Wood-Pigeon\Common-Wood-Pigeon-172.png,Common-Wood-Pigeon
data\spectrogram_dataset\train\Common-Wood-Pigeon\Common-Wood-Pigeon-173.png,Common-Wood-Pigeon
data\spectrogram_dataset\train\Common-Wood-Pigeon\Common-Wood-Pigeon-174.png,Common-Wood-Pigeon
data\spectrogram_dataset\train\Common-Wood-Pigeon\Common-Wood-Pigeon-175.png,Common-Wood-Pigeon
data\spectrogram_dataset\train\Common-Wood-Pigeon\Common-Wood-Pigeon-176.png,Common-Wood-Pigeon
data\spectrogram_dataset\train\Common-Wood-Pigeon\Common-Wood-Pigeon-177.png,Common-Wood-Pigeon
data\spectrogram_dataset\train\Common-Wood-Pigeon\Common-Wood-Pigeon-178.png,Common-Wood-Pigeon
data\spectrogram_dataset\train\Common-Wood-Pigeon\Common-Wood-Pigeon-179.png,Common-Wood-Pigeon
data\spectrogram_dataset\train\Common-Wood-Pigeon\Common-Wood-Pigeon-18.png,Common-Wood-Pigeon
data\spectrogram_dataset\train\Common-Wood-Pigeon\Common-Wood-Pigeon-180.png,Common-Wood-Pigeon
data\spectrogram_dataset\train\Common-Wood-Pigeon\Common-Wood-Pigeon-181.png,Common-Wood-Pigeon
data\spectrogram_dataset\train\Common-Wood-Pigeon\Common-Wood-Pigeon-182.png,Common-Wood-Pigeon
data\spectrogram_dataset\train\Common-Wood-Pigeon\Common-Wood-Pigeon-183.png,Common-Wood-Pigeon
data\spectrogram_dataset\train\Common-Wood-Pigeon\Common-Wood-Pigeon-184.png,Common-Wood-Pigeon
data\spectrogram_dataset\train\Common-Wood-Pigeon\Common-Wood-Pigeon-185.png,Common-Wood-Pigeon
data\spectrogram_dataset\train\Common-Wood-Pigeon\Common-Wood-Pigeon-186.png,Common-Wood-Pigeon
data\spectrogram_dataset\train\Common-Wood-Pigeon\Common-Wood-Pigeon-187.png,Common-Wood-Pigeon
data\spectrogram_dataset\train\Common-Wood-Pigeon\Common-Wood-Pigeon-188.png,Common-Wood-Pigeon
data\spectrogram_dataset\train\Common-Wood-Pigeon\Common-Wood-Pigeon-189.png,Common-Wood-Pigeon
data\spectrogram_dataset\train\Common-Wood-Pigeon\Common-Wood-Pigeon-19.png,Common-Wood-Pigeon
data\spectrogram_dataset\train\Common-Wood-Pigeon\Common-Wood-Pigeon-190.png,Common-Wood-Pigeon
data\spectrogram_dataset\train\Common-Wood-Pigeon\Common-Wood-Pigeon-191.png,Common-Wood-Pigeon
data\spectrogram_dataset\train\Common-Wood-Pigeon\Common-Wood-Pigeon-192.png,Common-Wood-Pigeon
data\spectrogram_dataset\train\Common-Wood-Pigeon\Common-Wood-Pigeon-193.png,Common-Wood-Pigeon
data\spectrogram_dataset\train\Common-Wood-Pigeon\Common-Wood-Pigeon-194.png,Common-Wood-Pigeon
data\spectrogram_dataset\train\Common-Wood-Pigeon\Common-Wood-Pigeon-195.png,Common-Wood-Pigeon
data\spectrogram_dataset\train\Common-Wood-Pigeon\Common-Wood-Pigeon-196.png,Common-Wood-Pigeon
data\spectrogram_dataset\train\Common-Wood-Pigeon\Common-Wood-Pigeon-197.png,Common-Wood-Pigeon
data\spectrogram_dataset\train\Common-Wood-Pigeon\Common-Wood-Pigeon-198.png,Common-Wood-Pigeon
data\spectrogram_dataset\train\Common-Wood-Pigeon\Common-Wood-Pigeon-199.png,Common-Wood-Pigeon
data\spectrogram_dataset\train\Common-Wood-Pigeon\Common-Wood-Pigeon-2.png,Common-Wood-Pigeon
data\spectrogram_dataset\train\Common-Wood-Pigeon\Common-Wood-Pigeon-20.png,Common-Wood-Pigeon
data\spectrogram_dataset\train\Common-Wood-Pigeon\Common-Wood-Pigeon-200.png,Common-Wood-Pigeon
data\spectrogram_dataset\train\Common-Wood-Pigeon\Common-Wood-Pigeon-201.png,Common-Wood-Pigeon
data\spectrogram_dataset\train\Common-Wood-Pigeon\Common-Wood-Pigeon-202.png,Common-Wood-Pigeon
data\spectrogram_dataset\train\Common-Wood-Pigeon\Common-Wood-Pigeon-203.png,Common-Wood-Pigeon
data\spectrogram_dataset\train\Common-Wood-Pigeon\Common-Wood-Pigeon-204.png,Common-Wood-Pigeon
data\spectrogram_dataset\train\Common-Wood-Pigeon\Common-Wood-Pigeon-205.png,Common-Wood-Pigeon
data\spectrogram_dataset\train\Common-Wood-Pigeon\Common-Wood-Pigeon-206.png,Common-Wood-Pigeon
data\spectrogram_dataset\train\Common-Wood-Pigeon\Common-Wood-Pigeon-207.png,Common-Wood-Pigeon
data\spectrogram_dataset\train\Common-Wood-Pigeon\Common-Wood-Pigeon-208.png,Common-Wood-Pigeon
data\spectrogram_dataset\train\Common-Wood-Pigeon\Common-Wood-Pigeon-209.png,Common-Wood-Pigeon
data\spectrogram_dataset\train\Common-Wood-Pigeon\Common-Wood-Pigeon-21.png,Common-Wood-Pigeon
data\spectrogram_dataset\train\Common-Wood-Pigeon\Common-Wood-Pigeon-210.png,Common-Wood-Pigeon
data\spectrogram_dataset\train\Common-Wood-Pigeon\Common-Wood-Pigeon-211.png,Common-Wood-Pigeon
data\spectrogram_dataset\train\Common-Wood-Pigeon\Common-Wood-Pigeon-212.png,Common-Wood-Pigeon
data\spectrogram_dataset\train\Common-Wood-Pigeon\Common-Wood-Pigeon-213.png,Common-Wood-Pigeon
data\spectrogram_dataset\train\Common-Wood-Pigeon\Common-Wood-Pigeon-214.png,Common-Wood-Pigeon
data\spectrogram_dataset\train\Common-Wood-Pigeon\Common-Wood-Pigeon-215.png,Common-Wood-Pigeon
data\spectrogram_dataset\train\Common-Wood-Pigeon\Common-Wood-Pigeon-216.png,Common-Wood-Pigeon
data\spectrogram_dataset\train\Common-Wood-Pigeon\Common-Wood-Pigeon-217.png,Common-Wood-Pigeon
data\spectrogram_dataset\train\Common-Wood-Pigeon\Common-Wood-Pigeon-218.png,Common-Wood-Pigeon
data\spectrogram_dataset\train\Common-Wood-Pigeon\Common-Wood-Pigeon-219.png,Common-Wood-Pigeon
data\spectrogram_dataset\train\Common-Wood-Pigeon\Common-Wood-Pigeon-22.png,Common-Wood-Pigeon
data\spectrogram_dataset\train\Common-Wood-Pigeon\Common-Wood-Pigeon-220.png,Common-Wood-Pigeon
data\spectrogram_dataset\train\Common-Wood-Pigeon\Common-Wood-Pigeon-221.png,Common-Wood-Pigeon
data\spectrogram_dataset\train\Common-Wood-Pigeon\Common-Wood-Pigeon-222.png,Common-Wood-Pigeon
data\spectrogram_dataset\train\Common-Wood-Pigeon\Common-Wood-Pigeon-223.png,Common-Wood-Pigeon
data\spectrogram_dataset\train\Common-Wood-Pigeon\Common-Wood-Pigeon-224.png,Common-Wood-Pigeon
data\spectrogram_dataset\train\Common-Wood-Pigeon\Common-Wood-Pigeon-225.png,Common-Wood-Pigeon
data\spectrogram_dataset\train\Common-Wood-Pigeon\Common-Wood-Pigeon-226.png,Common-Wood-Pigeon
data\spectrogram_dataset\train\Common-Wood-Pigeon\Common-Wood-Pigeon-227.png,Common-Wood-Pigeon
data\spectrogram_dataset\train\Common-Wood-Pigeon\Common-Wood-Pigeon-228.png,Common-Wood-Pigeon
data\spectrogram_dataset\train\Common-Wood-Pigeon\Common-Wood-Pigeon-229.png,Common-Wood-Pigeon
data\spectrogram_dataset\train\Common-Wood-Pigeon\Common-Wood-Pigeon-23.png,Common-Wood-Pigeon
data\spectrogram_dataset\train\Common-Wood-Pigeon\Common-Wood-Pigeon-230.png,Common-Wood-Pigeon
data\spectrogram_dataset\train\Common-Wood-Pigeon\Common-Wood-Pigeon-231.png,Common-Wood-Pigeon
data\spectrogram_dataset\train\Common-Wood-Pigeon\Common-Wood-Pigeon-232.png,Common-Wood-Pigeon
data\spectrogram_dataset\train\Common-Wood-Pigeon\Common-Wood-Pigeon-233.png,Common-Wood-Pigeon
data\spectrogram_dataset\train\Common-Wood-Pigeon\Common-Wood-Pigeon-234.png,Common-Wood-Pigeon
data\spectrogram_dataset\train\Common-Wood-Pigeon\Common-Wood-Pigeon-235.png,Common-Wood-Pigeon
data\spectrogram_dataset\train\Common-Wood-Pigeon\Common-Wood-Pigeon-236.png,Common-Wood-Pigeon
data\spectrogram_dataset\train\Common-Wood-Pigeon\Common-Wood-Pigeon-237.png,Common-Wood-Pigeon
data\spectrogram_dataset\train\Common-Wood-Pigeon\Common-Wood-Pigeon-238.png,Common-Wood-Pigeon
data\spectrogram_dataset\train\Common-Wood-Pigeon\Common-Wood-Pigeon-239.png,Common-Wood-Pigeon
data\spectrogram_dataset\train\Common-Wood-Pigeon\Common-Wood-Pigeon-24.png,Common-Wood-Pigeon
data\spectrogram_dataset\train\Common-Wood-Pigeon\Common-Wood-Pigeon-240.png,Common-Wood-Pigeon
data\spectrogram_dataset\train\Common-Wood-Pigeon\Common-Wood-Pigeon-241.png,Common-Wood-Pigeon
data\spectrogram_dataset\train\Common-Wood-Pigeon\Common-Wood-Pigeon-242.png,Common-Wood-Pigeon
data\spectrogram_dataset\train\Common-Wood-Pigeon\Common-Wood-Pigeon-243.png,Common-Wood-Pigeon
data\spectrogram_dataset\train\Common-Wood-Pigeon\Common-Wood-Pigeon-244.png,Common-Wood-Pigeon
data\spectrogram_dataset\train\Common-Wood-Pigeon\Common-Wood-Pigeon-245.png,Common-Wood-Pigeon
data\spectrogram_dataset\train\Common-Wood-Pigeon\Common-Wood-Pigeon-246.png,Common-Wood-Pigeon
data\spectrogram_dataset\train\Common-Wood-Pigeon\Common-Wood-Pigeon-247.png,Common-Wood-Pigeon
data\spectrogram_dataset\train\Common-Wood-Pigeon\Common-Wood-Pigeon-248.png,Common-Wood-Pigeon
data\spectrogram_dataset\train\Common-Wood-Pigeon\Common-Wood-Pigeon-249.png,Common-Wood-Pigeon
data\spectrogram_dataset\train\Common-Wood-Pigeon\Common-Wood-Pigeon-25.png,Common-Wood-Pigeon
data\spectrogram_dataset\train\Common-Wood-Pigeon\Common-Wood-Pigeon-250.png,Common-Wood-Pigeon
data\spectrogram_dataset\train\Common-Wood-Pigeon\Common-Wood-Pigeon-251.png,Common-Wood-Pigeon
data\spectrogram_dataset\train\Common-Wood-Pigeon\Common-Wood-Pigeon-252.png,Common-Wood-Pigeon
data\spectrogram_dataset\train\Common-Wood-Pigeon\Common-Wood-Pigeon-253.png,Common-Wood-Pigeon
data\spectrogram_dataset\train\Common-Wood-Pigeon\Common-Wood-Pigeon-254.png,Common-Wood-Pigeon
data\spectrogram_dataset\train\Common-Wood-Pigeon\Common-Wood-Pigeon-255.png,Common-Wood-Pigeon
data\spectrogram_dataset\train\Common-Wood-Pigeon\Common-Wood-Pigeon-256.png,Common-Wood-Pigeon
data\spectrogram_dataset\train\Common-Wood-Pigeon\Common-Wood-Pigeon-257.png,Common-Wood-Pigeon
data\spectrogram_dataset\train\Common-Wood-Pigeon\Common-Wood-Pigeon-258.png,Common-Wood-Pigeon
data\spectrogram_dataset\train\Common-Wood-Pigeon\Common-Wood-Pigeon-259.png,Common-Wood-Pigeon
data\spectrogram_dataset\train\Common-Wood-Pigeon\Common-Wood-Pigeon-26.png,Common-Wood-Pigeon
data\spectrogram_dataset\train\Common-Wood-Pigeon\Common-Wood-Pigeon-260.png,Common-Wood-Pigeon
data\spectrogram_dataset\train\Common-Wood-Pigeon\Common-Wood-Pigeon-261.png,Common-Wood-Pigeon
data\spectrogram_dataset\train\Common-Wood-Pigeon\Common-Wood-Pigeon-262.png,Common-Wood-Pigeon
data\spectrogram_dataset\train\Common-Wood-Pigeon\Common-Wood-Pigeon-263.png,Common-Wood-Pigeon
data\spectrogram_dataset\train\Common-Wood-Pigeon\Common-Wood-Pigeon-264.png,Common-Wood-Pigeon
data\spectrogram_dataset\train\Common-Wood-Pigeon\Common-Wood-Pigeon-265.png,Common-Wood-Pigeon
data\spectrogram_dataset\train\Common-Wood-Pigeon\Common-Wood-Pigeon-266.png,Common-Wood-Pigeon
data\spectrogram_dataset\train\Common-Wood-Pigeon\Common-Wood-Pigeon-267.png,Common-Wood-Pigeon
data\spectrogram_dataset\train\Common-Wood-Pigeon\Common-Wood-Pigeon-268.png,Common-Wood-Pigeon
data\spectrogram_dataset\train\Common-Wood-Pigeon\Common-Wood-Pigeon-269.png,Common-Wood-Pigeon
data\spectrogram_dataset\train\Common-Wood-Pigeon\Common-Wood-Pigeon-27.png,Common-Wood-Pigeon
data\spectrogram_dataset\train\Common-Wood-Pigeon\Common-Wood-Pigeon-270.png,Common-Wood-Pigeon
data\spectrogram_dataset\train\Common-Wood-Pigeon\Common-Wood-Pigeon-271.png,Common-Wood-Pigeon
data\spectrogram_dataset\train\Common-Wood-Pigeon\Common-Wood-Pigeon-272.png,Common-Wood-Pigeon
data\spectrogram_dataset\train\Common-Wood-Pigeon\Common-Wood-Pigeon-273.png,Common-Wood-Pigeon
data\spectrogram_dataset\train\Common-Wood-Pigeon\Common-Wood-Pigeon-274.png,Common-Wood-Pigeon
data\spectrogram_dataset\train\Common-Wood-Pigeon\Common-Wood-Pigeon-275.png,Common-Wood-Pigeon
data\spectrogram_dataset\train\Common-Wood-Pigeon\Common-Wood-Pigeon-276.png,Common-Wood-Pigeon
data\spectrogram_dataset\train\Common-Wood-Pigeon\Common-Wood-Pigeon-277.png,Common-Wood-Pigeon
data\spectrogram_dataset\train\Common-Wood-Pigeon\Common-Wood-Pigeon-278.png,Common-Wood-Pigeon
data\spectrogram_dataset\train\Common-Wood-Pigeon\Common-Wood-Pigeon-279.png,Common-Wood-Pigeon
data\spectrogram_dataset\train\Common-Wood-Pigeon\Common-Wood-Pigeon-28.png,Common-Wood-Pigeon
data\spectrogram_dataset\train\Common-Wood-Pigeon\Common-Wood-Pigeon-280.png,Common-Wood-Pigeon
data\spectrogram_dataset\train\Common-Wood-Pigeon\Common-Wood-Pigeon-281.png,Common-Wood-Pigeon
data\spectrogram_dataset\train\Common-Wood-Pigeon\Common-Wood-Pigeon-282.png,Common-Wood-Pigeon
data\spectrogram_dataset\train\Common-Wood-Pigeon\Common-Wood-Pigeon-283.png,Common-Wood-Pigeon
data\spectrogram_dataset\train\Common-Wood-Pigeon\Common-Wood-Pigeon-284.png,Common-Wood-Pigeon
data\spectrogram_dataset\train\Common-Wood-Pigeon\Common-Wood-Pigeon-285.png,Common-Wood-Pigeon
data\spectrogram_dataset\train\Common-Wood-Pigeon\Common-Wood-Pigeon-286.png,Common-Wood-Pigeon
data\spectrogram_dataset\train\Common-Wood-Pigeon\Common-Wood-Pigeon-287.png,Common-Wood-Pigeon
data\spectrogram_dataset\train\Common-Wood-Pigeon\Common-Wood-Pigeon-288.png,Common-Wood-Pigeon
data\spectrogram_dataset\train\Common-Wood-Pigeon\Common-Wood-Pigeon-289.png,Common-Wood-Pigeon
data\spectrogram_dataset\train\Common-Wood-Pigeon\Common-Wood-Pigeon-29.png,Common-Wood-Pigeon
data\spectrogram_dataset\train\Common-Wood-Pigeon\Common-Wood-Pigeon-290.png,Common-Wood-Pigeon
data\spectrogram_dataset\train\Common-Wood-Pigeon\Common-Wood-Pigeon-291.png,Common-Wood-Pigeon
data\spectrogram_dataset\train\Common-Wood-Pigeon\Common-Wood-Pigeon-292.png,Common-Wood-Pigeon
data\spectrogram_dataset\train\Common-Wood-Pigeon\Common-Wood-Pigeon-293.png,Common-Wood-Pigeon
data\spectrogram_dataset\train\Common-Wood-Pigeon\Common-Wood-Pigeon-294.png,Common-Wood-Pigeon
data\spectrogram_dataset\train\Common-Wood-Pigeon\Common-Wood-Pigeon-295.png,Common-Wood-Pigeon
data\spectrogram_dataset\train\Common-Wood-Pigeon\Common-Wood-Pigeon-296.png,Common-Wood-Pigeon
data\spectrogram_dataset\train\Common-Wood-Pigeon\Common-Wood-Pigeon-297.png,Common-Wood-Pigeon
data\spectrogram_dataset\train\Common-Wood-Pigeon\Common-Wood-Pigeon-298.png,Common-Wood-Pigeon
data\spectrogram_dataset\train\Common-Wood-Pigeon\Common-Wood-Pigeon-299.png,Common-Wood-Pigeon
data\spectrogram_dataset\train\Common-Wood-Pigeon\Common-Wood-Pigeon-3.png,Common-Wood-Pigeon
data\spectrogram_dataset\train\Common-Wood-Pigeon\Common-Wood-Pigeon-30.png,Common-Wood-Pigeon
data\spectrogram_dataset\train\Common-Wood-Pigeon\Common-Wood-Pigeon-300.png,Common-Wood-Pigeon
data\spectrogram_dataset\train\Common-Wood-Pigeon\Common-Wood-Pigeon-301.png,Common-Wood-Pigeon
data\spectrogram_dataset\train\Common-Wood-Pigeon\Common-Wood-Pigeon-302.png,Common-Wood-Pigeon
data\spectrogram_dataset\train\Common-Wood-Pigeon\Common-Wood-Pigeon-303.png,Common-Wood-Pigeon
data\spectrogram_dataset\train\Common-Wood-Pigeon\Common-Wood-Pigeon-304.png,Common-Wood-Pigeon
data\spectrogram_dataset\train\Common-Wood-Pigeon\Common-Wood-Pigeon-305.png,Common-Wood-Pigeon
data\spectrogram_dataset\train\Common-Wood-Pigeon\Common-Wood-Pigeon-306.png,Common-Wood-Pigeon
data\spectrogram_dataset\train\Common-Wood-Pigeon\Common-Wood-Pigeon-307.png,Common-Wood-Pigeon
data\spectrogram_dataset\train\Common-Wood-Pigeon\Common-Wood-Pigeon-308.png,Common-Wood-Pigeon
data\spectrogram_dataset\train\Common-Wood-Pigeon\Common-Wood-Pigeon-309.png,Common-Wood-Pigeon
data\spectrogram_dataset\train\Common-Wood-Pigeon\Common-Wood-Pigeon-31.png,Common-Wood-Pigeon
data\spectrogram_dataset\train\Common-Wood-Pigeon\Common-Wood-Pigeon-310.png,Common-Wood-Pigeon
data\spectrogram_dataset\train\Common-Wood-Pigeon\Common-Wood-Pigeon-311.png,Common-Wood-Pigeon
data\spectrogram_dataset\train\Common-Wood-Pigeon\Common-Wood-Pigeon-312.png,Common-Wood-Pigeon
data\spectrogram_dataset\train\Common-Wood-Pigeon\Common-Wood-Pigeon-313.png,Common-Wood-Pigeon
data\spectrogram_dataset\train\Common-Wood-Pigeon\Common-Wood-Pigeon-314.png,Common-Wood-Pigeon
data\spectrogram_dataset\train\Common-Wood-Pigeon\Common-Wood-Pigeon-315.png,Common-Wood-Pigeon
data\spectrogram_dataset\train\Common-Wood-Pigeon\Common-Wood-Pigeon-316.png,Common-Wood-Pigeon
data\spectrogram_dataset\train\Common-Wood-Pigeon\Common-Wood-Pigeon-317.png,Common-Wood-Pigeon
data\spectrogram_dataset\train\Common-Wood-Pigeon\Common-Wood-Pigeon-318.png,Common-Wood-Pigeon
data\spectrogram_dataset\train\Common-Wood-Pigeon\Common-Wood-Pigeon-319.png,Common-Wood-Pigeon
data\spectrogram_dataset\train\Common-Wood-Pigeon\Common-Wood-Pigeon-32.png,Common-Wood-Pigeon
data\spectrogram_dataset\train\Common-Wood-Pigeon\Common-Wood-Pigeon-320.png,Common-Wood-Pigeon
data\spectrogram_dataset\train\Common-Wood-Pigeon\Common-Wood-Pigeon-321.png,Common-Wood-Pigeon
data\spectrogram_dataset\train\Common-Wood-Pigeon\Common-Wood-Pigeon-322.png,Common-Wood-Pigeon
data\spectrogram_dataset\train\Common-Wood-Pigeon\Common-Wood-Pigeon-323.png,Common-Wood-Pigeon
data\spectrogram_dataset\train\Common-Wood-Pigeon\Common-Wood-Pigeon-324.png,Common-Wood-Pigeon
data\spectrogram_dataset\train\Common-Wood-Pigeon\Common-Wood-Pigeon-325.png,Common-Wood-Pigeon
data\spectrogram_dataset\train\Common-Wood-Pigeon\Common-Wood-Pigeon-326.png,Common-Wood-Pigeon
data\spectrogram_dataset\train\Common-Wood-Pigeon\Common-Wood-Pigeon-327.png,Common-Wood-Pigeon
data\spectrogram_dataset\train\Common-Wood-Pigeon\Common-Wood-Pigeon-328.png,Common-Wood-Pigeon
data\spectrogram_dataset\train\Common-Wood-Pigeon\Common-Wood-Pigeon-329.png,Common-Wood-Pigeon
data\spectrogram_dataset\train\Common-Wood-Pigeon\Common-Wood-Pigeon-33.png,Common-Wood-Pigeon
data\spectrogram_dataset\train\Common-Wood-Pigeon\Common-Wood-Pigeon-330.png,Common-Wood-Pigeon
data\spectrogram_dataset\train\Common-Wood-Pigeon\Common-Wood-Pigeon-331.png,Common-Wood-Pigeon
data\spectrogram_dataset\train\Common-Wood-Pigeon\Common-Wood-Pigeon-332.png,Common-Wood-Pigeon
data\spectrogram_dataset\train\Common-Wood-Pigeon\Common-Wood-Pigeon-333.png,Common-Wood-Pigeon
data\spectrogram_dataset\train\Common-Wood-Pigeon\Common-Wood-Pigeon-334.png,Common-Wood-Pigeon
data\spectrogram_dataset\train\Common-Wood-Pigeon\Common-Wood-Pigeon-335.png,Common-Wood-Pigeon
data\spectrogram_dataset\train\Common-Wood-Pigeon\Common-Wood-Pigeon-336.png,Common-Wood-Pigeon
data\spectrogram_dataset\train\Common-Wood-Pigeon\Common-Wood-Pigeon-337.png,Common-Wood-Pigeon
data\spectrogram_dataset\train\Common-Wood-Pigeon\Common-Wood-Pigeon-338.png,Common-Wood-Pigeon
data\spectrogram_dataset\train\Common-Wood-Pigeon\Common-Wood-Pigeon-339.png,Common-Wood-Pigeon
data\spectrogram_dataset\train\Common-Wood-Pigeon\Common-Wood-Pigeon-34.png,Common-Wood-Pigeon
data\spectrogram_dataset\train\Common-Wood-Pigeon\Common-Wood-Pigeon-340.png,Common-Wood-Pigeon
data\spectrogram_dataset\train\Common-Wood-Pigeon\Common-Wood-Pigeon-341.png,Common-Wood-Pigeon
data\spectrogram_dataset\train\Common-Wood-Pigeon\Common-Wood-Pigeon-342.png,Common-Wood-Pigeon
data\spectrogram_dataset\train\Common-Wood-Pigeon\Common-Wood-Pigeon-343.png,Common-Wood-Pigeon
data\spectrogram_dataset\train\Common-Wood-Pigeon\Common-Wood-Pigeon-344.png,Common-Wood-Pigeon
data\spectrogram_dataset\train\Common-Wood-Pigeon\Common-Wood-Pigeon-345.png,Common-Wood-Pigeon
data\spectrogram_dataset\train\Common-Wood-Pigeon\Common-Wood-Pigeon-346.png,Common-Wood-Pigeon
data\spectrogram_dataset\train\Common-Wood-Pigeon\Common-Wood-Pigeon-347.png,Common-Wood-Pigeon
data\spectrogram_dataset\train\Common-Wood-Pigeon\Common-Wood-Pigeon-348.png,Common-Wood-Pigeon
data\spectrogram_dataset\train\Common-Wood-Pigeon\Common-Wood-Pigeon-349.png,Common-Wood-Pigeon
data\spectrogram_dataset\train\Common-Wood-Pigeon\Common-Wood-Pigeon-35.png,Common-Wood-Pigeon
data\spectrogram_dataset\train\Common-Wood-Pigeon\Common-Wood-Pigeon-350.png,Common-Wood-Pigeon
data\spectrogram_dataset\train\Common-Wood-Pigeon\Common-Wood-Pigeon-351.png,Common-Wood-Pigeon
data\spectrogram_dataset\train\Common-Wood-Pigeon\Common-Wood-Pigeon-352.png,Common-Wood-Pigeon
data\spectrogram_dataset\train\Common-Wood-Pigeon\Common-Wood-Pigeon-353.png,Common-Wood-Pigeon
data\spectrogram_dataset\train\Common-Wood-Pigeon\Common-Wood-Pigeon-354.png,Common-Wood-Pigeon
data\spectrogram_dataset\train\Common-Wood-Pigeon\Common-Wood-Pigeon-355.png,Common-Wood-Pigeon
data\spectrogram_dataset\train\Common-Wood-Pigeon\Common-Wood-Pigeon-356.png,Common-Wood-Pigeon
data\spectrogram_dataset\train\Common-Wood-Pigeon\Common-Wood-Pigeon-357.png,Common-Wood-Pigeon
data\spectrogram_dataset\train\Common-Wood-Pigeon\Common-Wood-Pigeon-358.png,Common-Wood-Pigeon
data\spectrogram_dataset\train\Common-Wood-Pigeon\Common-Wood-Pigeon-359.png,Common-Wood-Pigeon
data\spectrogram_dataset\train\Common-Wood-Pigeon\Common-Wood-Pigeon-36.png,Common-Wood-Pigeon
data\spectrogram_dataset\train\Common-Wood-Pigeon\Common-Wood-Pigeon-360.png,Common-Wood-Pigeon
data\spectrogram_dataset\train\Common-Wood-Pigeon\Common-Wood-Pigeon-361.png,Common-Wood-Pigeon
data\spectrogram_dataset\train\Common-Wood-Pigeon\Common-Wood-Pigeon-362.png,Common-Wood-Pigeon
data\spectrogram_dataset\train\Common-Wood-Pigeon\Common-Wood-Pigeon-363.png,Common-Wood-Pigeon
data\spectrogram_dataset\train\Common-Wood-Pigeon\Common-Wood-Pigeon-364.png,Common-Wood-Pigeon
data\spectrogram_dataset\train\Common-Wood-Pigeon\Common-Wood-Pigeon-365.png,Common-Wood-Pigeon
data\spectrogram_dataset\train\Common-Wood-Pigeon\Common-Wood-Pigeon-366.png,Common-Wood-Pigeon
data\spectrogram_dataset\train\Common-Wood-Pigeon\Common-Wood-Pigeon-367.png,Common-Wood-Pigeon
data\spectrogram_dataset\train\Common-Wood-Pigeon\Common-Wood-Pigeon-368.png,Common-Wood-Pigeon
data\spectrogram_dataset\train\Common-Wood-Pigeon\Common-Wood-Pigeon-369.png,Common-Wood-Pigeon
data\spectrogram_dataset\train\Common-Wood-Pigeon\Common-Wood-Pigeon-37.png,Common-Wood-Pigeon
data\spectrogram_dataset\train\Common-Wood-Pigeon\Common-Wood-Pigeon-370.png,Common-Wood-Pigeon
data\spectrogram_dataset\train\Common-Wood-Pigeon\Common-Wood-Pigeon-371.png,Common-Wood-Pigeon
data\spectrogram_dataset\train\Common-Wood-Pigeon\Common-Wood-Pigeon-372.png,Common-Wood-Pigeon
data\spectrogram_dataset\train\Common-Wood-Pigeon\Common-Wood-Pigeon-373.png,Common-Wood-Pigeon
data\spectrogram_dataset\train\Common-Wood-Pigeon\Common-Wood-Pigeon-374.png,Common-Wood-Pigeon
data\spectrogram_dataset\train\Common-Wood-Pigeon\Common-Wood-Pigeon-375.png,Common-Wood-Pigeon
data\spectrogram_dataset\train\Common-Wood-Pigeon\Common-Wood-Pigeon-38.png,Common-Wood-Pigeon
data\spectrogram_dataset\train\Common-Wood-Pigeon\Common-Wood-Pigeon-39.png,Common-Wood-Pigeon
data\spectrogram_dataset\train\Common-Wood-Pigeon\Common-Wood-Pigeon-4.png,Common-Wood-Pigeon
data\spectrogram_dataset\train\Common-Wood-Pigeon\Common-Wood-Pigeon-40.png,Common-Wood-Pigeon
data\spectrogram_dataset\train\Common-Wood-Pigeon\Common-Wood-Pigeon-41.png,Common-Wood-Pigeon
data\spectrogram_dataset\train\Common-Wood-Pigeon\Common-Wood-Pigeon-42.png,Common-Wood-Pigeon
data\spectrogram_dataset\train\Common-Wood-Pigeon\Common-Wood-Pigeon-43.png,Common-Wood-Pigeon
data\spectrogram_dataset\train\Common-Wood-Pigeon\Common-Wood-Pigeon-44.png,Common-Wood-Pigeon
data\spectrogram_dataset\train\Common-Wood-Pigeon\Common-Wood-Pigeon-45.png,Common-Wood-Pigeon
data\spectrogram_dataset\train\Common-Wood-Pigeon\Common-Wood-Pigeon-46.png,Common-Wood-Pigeon
data\spectrogram_dataset\train\Common-Wood-Pigeon\Common-Wood-Pigeon-47.png,Common-Wood-Pigeon
data\spectrogram_dataset\train\Common-Wood-Pigeon\Common-Wood-Pigeon-48.png,Common-Wood-Pigeon
data\spectrogram_dataset\train\Common-Wood-Pigeon\Common-Wood-Pigeon-49.png,Common-Wood-Pigeon
data\spectrogram_dataset\train\Common-Wood-Pigeon\Common-Wood-Pigeon-5.png,Common-Wood-Pigeon
data\spectrogram_dataset\train\Common-Wood-Pigeon\Common-Wood-Pigeon-50.png,Common-Wood-Pigeon
data\spectrogram_dataset\train\Common-Wood-Pigeon\Common-Wood-Pigeon-51.png,Common-Wood-Pigeon
data\spectrogram_dataset\train\Common-Wood-Pigeon\Common-Wood-Pigeon-52.png,Common-Wood-Pigeon
data\spectrogram_dataset\train\Common-Wood-Pigeon\Common-Wood-Pigeon-53.png,Common-Wood-Pigeon
data\spectrogram_dataset\train\Common-Wood-Pigeon\Common-Wood-Pigeon-54.png,Common-Wood-Pigeon
data\spectrogram_dataset\train\Common-Wood-Pigeon\Common-Wood-Pigeon-55.png,Common-Wood-Pigeon
data\spectrogram_dataset\train\Common-Wood-Pigeon\Common-Wood-Pigeon-56.png,Common-Wood-Pigeon
data\spectrogram_dataset\train\Common-Wood-Pigeon\Common-Wood-Pigeon-57.png,Common-Wood-Pigeon
data\spectrogram_dataset\train\Common-Wood-Pigeon\Common-Wood-Pigeon-58.png,Common-Wood-Pigeon
data\spectrogram_dataset\train\Common-Wood-Pigeon\Common-Wood-Pigeon-59.png,Common-Wood-Pigeon
data\spectrogram_dataset\train\Common-Wood-Pigeon\Common-Wood-Pigeon-6.png,Common-Wood-Pigeon
data\spectrogram_dataset\train\Common-Wood-Pigeon\Common-Wood-Pigeon-60.png,Common-Wood-Pigeon
data\spectrogram_dataset\train\Common-Wood-Pigeon\Common-Wood-Pigeon-61.png,Common-Wood-Pigeon
data\spectrogram_dataset\train\Common-Wood-Pigeon\Common-Wood-Pigeon-62.png,Common-Wood-Pigeon
data\spectrogram_dataset\train\Common-Wood-Pigeon\Common-Wood-Pigeon-63.png,Common-Wood-Pigeon
data\spectrogram_dataset\train\Common-Wood-Pigeon\Common-Wood-Pigeon-64.png,Common-Wood-Pigeon
data\spectrogram_dataset\train\Common-Wood-Pigeon\Common-Wood-Pigeon-65.png,Common-Wood-Pigeon
data\spectrogram_dataset\train\Common-Wood-Pigeon\Common-Wood-Pigeon-66.png,Common-Wood-Pigeon
data\spectrogram_dataset\train\Common-Wood-Pigeon\Common-Wood-Pigeon-67.png,Common-Wood-Pigeon
data\spectrogram_dataset\train\Common-Wood-Pigeon\Common-Wood-Pigeon-68.png,Common-Wood-Pigeon
data\spectrogram_dataset\train\Common-Wood-Pigeon\Common-Wood-Pigeon-69.png,Common-Wood-Pigeon
data\spectrogram_dataset\train\Common-Wood-Pigeon\Common-Wood-Pigeon-7.png,Common-Wood-Pigeon
data\spectrogram_dataset\train\Common-Wood-Pigeon\Common-Wood-Pigeon-70.png,Common-Wood-Pigeon
data\spectrogram_dataset\train\Common-Wood-Pigeon\Common-Wood-Pigeon-71.png,Common-Wood-Pigeon
data\spectrogram_dataset\train\Common-Wood-Pigeon\Common-Wood-Pigeon-72.png,Common-Wood-Pigeon
data\spectrogram_dataset\train\Common-Wood-Pigeon\Common-Wood-Pigeon-73.png,Common-Wood-Pigeon
data\spectrogram_dataset\train\Common-Wood-Pigeon\Common-Wood-Pigeon-74.png,Common-Wood-Pigeon
data\spectrogram_dataset\train\Common-Wood-Pigeon\Common-Wood-Pigeon-75.png,Common-Wood-Pigeon
data\spectrogram_dataset\train\Common-Wood-Pigeon\Common-Wood-Pigeon-76.png,Common-Wood-Pigeon
data\spectrogram_dataset\train\Common-Wood-Pigeon\Common-Wood-Pigeon-77.png,Common-Wood-Pigeon
data\spectrogram_dataset\train\Common-Wood-Pigeon\Common-Wood-Pigeon-78.png,Common-Wood-Pigeon
data\spectrogram_dataset\train\Common-Wood-Pigeon\Common-Wood-Pigeon-79.png,Common-Wood-Pigeon
data\spectrogram_dataset\train\Common-Wood-Pigeon\Common-Wood-Pigeon-8.png,Common-Wood-Pigeon
data\spectrogram_dataset\train\Common-Wood-Pigeon\Common-Wood-Pigeon-80.png,Common-Wood-Pigeon
data\spectrogram_dataset\train\Common-Wood-Pigeon\Common-Wood-Pigeon-81.png,Common-Wood-Pigeon
data\spectrogram_dataset\train\Common-Wood-Pigeon\Common-Wood-Pigeon-82.png,Common-Wood-Pigeon
data\spectrogram_dataset\train\Common-Wood-Pigeon\Common-Wood-Pigeon-83.png,Common-Wood-Pigeon
data\spectrogram_dataset\train\Common-Wood-Pigeon\Common-Wood-Pigeon-84.png,Common-Wood-Pigeon
data\spectrogram_dataset\train\Common-Wood-Pigeon\Common-Wood-Pigeon-85.png,Common-Wood-Pigeon
data\spectrogram_dataset\train\Common-Wood-Pigeon\Common-Wood-Pigeon-86.png,Common-Wood-Pigeon
data\spectrogram_dataset\train\Common-Wood-Pigeon\Common-Wood-Pigeon-87.png,Common-Wood-Pigeon
data\spectrogram_dataset\train\Common-Wood-Pigeon\Common-Wood-Pigeon-88.png,Common-Wood-Pigeon
data\spectrogram_dataset\train\Common-Wood-Pigeon\Common-Wood-Pigeon-89.png,Common-Wood-Pigeon
data\spectrogram_dataset\train\Common-Wood-Pigeon\Common-Wood-Pigeon-9.png,Common-Wood-Pigeon
data\spectrogram_dataset\train\Common-Wood-Pigeon\Common-Wood-Pigeon-90.png,Common-Wood-Pigeon
data\spectrogram_dataset\train\Common-Wood-Pigeon\Common-Wood-Pigeon-91.png,Common-Wood-Pigeon
data\spectrogram_dataset\train\Common-Wood-Pigeon\Common-Wood-Pigeon-92.png,Common-Wood-Pigeon
data\spectrogram_dataset\train\Common-Wood-Pigeon\Common-Wood-Pigeon-93.png,Common-Wood-Pigeon
data\spectrogram_dataset\train\Common-Wood-Pigeon\Common-Wood-Pigeon-94.png,Common-Wood-Pigeon
data\spectrogram_dataset\train\Common-Wood-Pigeon\Common-Wood-Pigeon-95.png,Common-Wood-Pigeon
data\spectrogram_dataset\train\Common-Wood-Pigeon\Common-Wood-Pigeon-96.png,Common-Wood-Pigeon
data\spectrogram_dataset\train\Common-Wood-Pigeon\Common-Wood-Pigeon-97.png,Common-Wood-Pigeon
data\spectrogram_dataset\train\Common-Wood-Pigeon\Common-Wood-Pigeon-98.png,Common-Wood-Pigeon
data\spectrogram_dataset\train\Common-Wood-Pigeon\Common-Wood-Pigeon-99.png,Common-Wood-Pigeon
data\spectrogram_dataset\train\Eastern-Imperial-Eagle\Eastern-Imperial-Eagle-0.png,Eastern-Imperial-Eagle
data\spectrogram_dataset\train\Eastern-Imperial-Eagle\Eastern-Imperial-Eagle-1.png,Eastern-Imperial-Eagle
data\spectrogram_dataset\train\Eastern-Imperial-Eagle\Eastern-Imperial-Eagle-10.png,Eastern-Imperial-Eagle
data\spectrogram_dataset\train\Eastern-Imperial-Eagle\Eastern-Imperial-Eagle-11.png,Eastern-Imperial-Eagle
data\spectrogram_dataset\train\Eastern-Imperial-Eagle\Eastern-Imperial-Eagle-12.png,Eastern-Imperial-Eagle
data\spectrogram_dataset\train\Eastern-Imperial-Eagle\Eastern-Imperial-Eagle-13.png,Eastern-Imperial-Eagle
data\spectrogram_dataset\train\Eastern-Imperial-Eagle\Eastern-Imperial-Eagle-14.png,Eastern-Imperial-Eagle
data\spectrogram_dataset\train\Eastern-Imperial-Eagle\Eastern-Imperial-Eagle-15.png,Eastern-Imperial-Eagle
data\spectrogram_dataset\train\Eastern-Imperial-Eagle\Eastern-Imperial-Eagle-16.png,Eastern-Imperial-Eagle
data\spectrogram_dataset\train\Eastern-Imperial-Eagle\Eastern-Imperial-Eagle-17.png,Eastern-Imperial-Eagle
data\spectrogram_dataset\train\Eastern-Imperial-Eagle\Eastern-Imperial-Eagle-18.png,Eastern-Imperial-Eagle
data\spectrogram_dataset\train\Eastern-Imperial-Eagle\Eastern-Imperial-Eagle-19.png,Eastern-Imperial-Eagle
data\spectrogram_dataset\train\Eastern-Imperial-Eagle\Eastern-Imperial-Eagle-2.png,Eastern-Imperial-Eagle
data\spectrogram_dataset\train\Eastern-Imperial-Eagle\Eastern-Imperial-Eagle-20.png,Eastern-Imperial-Eagle
data\spectrogram_dataset\train\Eastern-Imperial-Eagle\Eastern-Imperial-Eagle-21.png,Eastern-Imperial-Eagle
data\spectrogram_dataset\train\Eastern-Imperial-Eagle\Eastern-Imperial-Eagle-22.png,Eastern-Imperial-Eagle
data\spectrogram_dataset\train\Eastern-Imperial-Eagle\Eastern-Imperial-Eagle-23.png,Eastern-Imperial-Eagle
data\spectrogram_dataset\train\Eastern-Imperial-Eagle\Eastern-Imperial-Eagle-3.png,Eastern-Imperial-Eagle
data\spectrogram_dataset\train\Eastern-Imperial-Eagle\Eastern-Imperial-Eagle-4.png,Eastern-Imperial-Eagle
data\spectrogram_dataset\train\Eastern-Imperial-Eagle\Eastern-Imperial-Eagle-5.png,Eastern-Imperial-Eagle
data\spectrogram_dataset\train\Eastern-Imperial-Eagle\Eastern-Imperial-Eagle-6.png,Eastern-Imperial-Eagle
data\spectrogram_dataset\train\Eastern-Imperial-Eagle\Eastern-Imperial-Eagle-7.png,Eastern-Imperial-Eagle
data\spectrogram_dataset\train\Eastern-Imperial-Eagle\Eastern-Imperial-Eagle-8.png,Eastern-Imperial-Eagle
data\spectrogram_dataset\train\Eastern-Imperial-Eagle\Eastern-Imperial-Eagle-9.png,Eastern-Imperial-Eagle
data\spectrogram_dataset\train\Egyptian-Vulture\Egyptian-Vulture-0.png,Egyptian-Vulture
data\spectrogram_dataset\train\Egyptian-Vulture\Egyptian-Vulture-1.png,Egyptian-Vulture
data\spectrogram_dataset\train\Egyptian-Vulture\Egyptian-Vulture-10.png,Egyptian-Vulture
data\spectrogram_dataset\train\Egyptian-Vulture\Egyptian-Vulture-11.png,Egyptian-Vulture
data\spectrogram_dataset\train\Egyptian-Vulture\Egyptian-Vulture-12.png,Egyptian-Vulture
data\spectrogram_dataset\train\Egyptian-Vulture\Egyptian-Vulture-13.png,Egyptian-Vulture
data\spectrogram_dataset\train\Egyptian-Vulture\Egyptian-Vulture-14.png,Egyptian-Vulture
data\spectrogram_dataset\train\Egyptian-Vulture\Egyptian-Vulture-15.png,Egyptian-Vulture
data\spectrogram_dataset\train\Egyptian-Vulture\Egyptian-Vulture-2.png,Egyptian-Vulture
data\spectrogram_dataset\train\Egyptian-Vulture\Egyptian-Vulture-3.png,Egyptian-Vulture
data\spectrogram_dataset\train\Egyptian-Vulture\Egyptian-Vulture-4.png,Egyptian-Vulture
data\spectrogram_dataset\train\Egyptian-Vulture\Egyptian-Vulture-5.png,Egyptian-Vulture
data\spectrogram_dataset\train\Egyptian-Vulture\Egyptian-Vulture-6.png,Egyptian-Vulture
data\spectrogram_dataset\train\Egyptian-Vulture\Egyptian-Vulture-7.png,Egyptian-Vulture
data\spectrogram_dataset\train\Egyptian-Vulture\Egyptian-Vulture-8.png,Egyptian-Vulture
data\spectrogram_dataset\train\Egyptian-Vulture\Egyptian-Vulture-9.png,Egyptian-Vulture
data\spectrogram_dataset\train\Great-Slaty-Woodpecker\Great-Slaty-Woodpecker-0.png,Great-Slaty-Woodpecker
data\spectrogram_dataset\train\Great-Slaty-Woodpecker\Great-Slaty-Woodpecker-1.png,Great-Slaty-Woodpecker
data\spectrogram_dataset\train\Great-Slaty-Woodpecker\Great-Slaty-Woodpecker-10.png,Great-Slaty-Woodpecker
data\spectrogram_dataset\train\Great-Slaty-Woodpecker\Great-Slaty-Woodpecker-100.png,Great-Slaty-Woodpecker
data\spectrogram_dataset\train\Great-Slaty-Woodpecker\Great-Slaty-Woodpecker-101.png,Great-Slaty-Woodpecker
data\spectrogram_dataset\train\Great-Slaty-Woodpecker\Great-Slaty-Woodpecker-102.png,Great-Slaty-Woodpecker
data\spectrogram_dataset\train\Great-Slaty-Woodpecker\Great-Slaty-Woodpecker-103.png,Great-Slaty-Woodpecker
data\spectrogram_dataset\train\Great-Slaty-Woodpecker\Great-Slaty-Woodpecker-104.png,Great-Slaty-Woodpecker
data\spectrogram_dataset\train\Great-Slaty-Woodpecker\Great-Slaty-Woodpecker-105.png,Great-Slaty-Woodpecker
data\spectrogram_dataset\train\Great-Slaty-Woodpecker\Great-Slaty-Woodpecker-106.png,Great-Slaty-Woodpecker
data\spectrogram_dataset\train\Great-Slaty-Woodpecker\Great-Slaty-Woodpecker-107.png,Great-Slaty-Woodpecker
data\spectrogram_dataset\train\Great-Slaty-Woodpecker\Great-Slaty-Woodpecker-108.png,Great-Slaty-Woodpecker
data\spectrogram_dataset\train\Great-Slaty-Woodpecker\Great-Slaty-Woodpecker-109.png,Great-Slaty-Woodpecker
data\spectrogram_dataset\train\Great-Slaty-Woodpecker\Great-Slaty-Woodpecker-11.png,Great-Slaty-Woodpecker
data\spectrogram_dataset\train\Great-Slaty-Woodpecker\Great-Slaty-Woodpecker-110.png,Great-Slaty-Woodpecker
data\spectrogram_dataset\train\Great-Slaty-Woodpecker\Great-Slaty-Woodpecker-111.png,Great-Slaty-Woodpecker
data\spectrogram_dataset\train\Great-Slaty-Woodpecker\Great-Slaty-Woodpecker-112.png,Great-Slaty-Woodpecker
data\spectrogram_dataset\train\Great-Slaty-Woodpecker\Great-Slaty-Woodpecker-113.png,Great-Slaty-Woodpecker
data\spectrogram_dataset\train\Great-Slaty-Woodpecker\Great-Slaty-Woodpecker-114.png,Great-Slaty-Woodpecker
data\spectrogram_dataset\train\Great-Slaty-Woodpecker\Great-Slaty-Woodpecker-115.png,Great-Slaty-Woodpecker
data\spectrogram_dataset\train\Great-Slaty-Woodpecker\Great-Slaty-Woodpecker-116.png,Great-Slaty-Woodpecker
data\spectrogram_dataset\train\Great-Slaty-Woodpecker\Great-Slaty-Woodpecker-117.png,Great-Slaty-Woodpecker
data\spectrogram_dataset\train\Great-Slaty-Woodpecker\Great-Slaty-Woodpecker-118.png,Great-Slaty-Woodpecker
data\spectrogram_dataset\train\Great-Slaty-Woodpecker\Great-Slaty-Woodpecker-119.png,Great-Slaty-Woodpecker
data\spectrogram_dataset\train\Great-Slaty-Woodpecker\Great-Slaty-Woodpecker-12.png,Great-Slaty-Woodpecker
data\spectrogram_dataset\train\Great-Slaty-Woodpecker\Great-Slaty-Woodpecker-120.png,Great-Slaty-Woodpecker
data\spectrogram_dataset\train\Great-Slaty-Woodpecker\Great-Slaty-Woodpecker-121.png,Great-Slaty-Woodpecker
data\spectrogram_dataset\train\Great-Slaty-Woodpecker\Great-Slaty-Woodpecker-122.png,Great-Slaty-Woodpecker
data\spectrogram_dataset\train\Great-Slaty-Woodpecker\Great-Slaty-Woodpecker-123.png,Great-Slaty-Woodpecker
data\spectrogram_dataset\train\Great-Slaty-Woodpecker\Great-Slaty-Woodpecker-124.png,Great-Slaty-Woodpecker
data\spectrogram_dataset\train\Great-Slaty-Woodpecker\Great-Slaty-Woodpecker-125.png,Great-Slaty-Woodpecker
data\spectrogram_dataset\train\Great-Slaty-Woodpecker\Great-Slaty-Woodpecker-126.png,Great-Slaty-Woodpecker
data\spectrogram_dataset\train\Great-Slaty-Woodpecker\Great-Slaty-Woodpecker-127.png,Great-Slaty-Woodpecker
data\spectrogram_dataset\train\Great-Slaty-Woodpecker\Great-Slaty-Woodpecker-128.png,Great-Slaty-Woodpecker
data\spectrogram_dataset\train\Great-Slaty-Woodpecker\Great-Slaty-Woodpecker-129.png,Great-Slaty-Woodpecker
data\spectrogram_dataset\train\Great-Slaty-Woodpecker\Great-Slaty-Woodpecker-13.png,Great-Slaty-Woodpecker
data\spectrogram_dataset\train\Great-Slaty-Woodpecker\Great-Slaty-Woodpecker-130.png,Great-Slaty-Woodpecker
data\spectrogram_dataset\train\Great-Slaty-Woodpecker\Great-Slaty-Woodpecker-131.png,Great-Slaty-Woodpecker
data\spectrogram_dataset\train\Great-Slaty-Woodpecker\Great-Slaty-Woodpecker-132.png,Great-Slaty-Woodpecker
data\spectrogram_dataset\train\Great-Slaty-Woodpecker\Great-Slaty-Woodpecker-133.png,Great-Slaty-Woodpecker
data\spectrogram_dataset\train\Great-Slaty-Woodpecker\Great-Slaty-Woodpecker-134.png,Great-Slaty-Woodpecker
data\spectrogram_dataset\train\Great-Slaty-Woodpecker\Great-Slaty-Woodpecker-135.png,Great-Slaty-Woodpecker
data\spectrogram_dataset\train\Great-Slaty-Woodpecker\Great-Slaty-Woodpecker-136.png,Great-Slaty-Woodpecker
data\spectrogram_dataset\train\Great-Slaty-Woodpecker\Great-Slaty-Woodpecker-137.png,Great-Slaty-Woodpecker
data\spectrogram_dataset\train\Great-Slaty-Woodpecker\Great-Slaty-Woodpecker-138.png,Great-Slaty-Woodpecker
data\spectrogram_dataset\train\Great-Slaty-Woodpecker\Great-Slaty-Woodpecker-139.png,Great-Slaty-Woodpecker
data\spectrogram_dataset\train\Great-Slaty-Woodpecker\Great-Slaty-Woodpecker-14.png,Great-Slaty-Woodpecker
data\spectrogram_dataset\train\Great-Slaty-Woodpecker\Great-Slaty-Woodpecker-140.png,Great-Slaty-Woodpecker
data\spectrogram_dataset\train\Great-Slaty-Woodpecker\Great-Slaty-Woodpecker-141.png,Great-Slaty-Woodpecker
data\spectrogram_dataset\train\Great-Slaty-Woodpecker\Great-Slaty-Woodpecker-142.png,Great-Slaty-Woodpecker
data\spectrogram_dataset\train\Great-Slaty-Woodpecker\Great-Slaty-Woodpecker-143.png,Great-Slaty-Woodpecker
data\spectrogram_dataset\train\Great-Slaty-Woodpecker\Great-Slaty-Woodpecker-144.png,Great-Slaty-Woodpecker
data\spectrogram_dataset\train\Great-Slaty-Woodpecker\Great-Slaty-Woodpecker-145.png,Great-Slaty-Woodpecker
data\spectrogram_dataset\train\Great-Slaty-Woodpecker\Great-Slaty-Woodpecker-146.png,Great-Slaty-Woodpecker
data\spectrogram_dataset\train\Great-Slaty-Woodpecker\Great-Slaty-Woodpecker-147.png,Great-Slaty-Woodpecker
data\spectrogram_dataset\train\Great-Slaty-Woodpecker\Great-Slaty-Woodpecker-148.png,Great-Slaty-Woodpecker
data\spectrogram_dataset\train\Great-Slaty-Woodpecker\Great-Slaty-Woodpecker-149.png,Great-Slaty-Woodpecker
data\spectrogram_dataset\train\Great-Slaty-Woodpecker\Great-Slaty-Woodpecker-15.png,Great-Slaty-Woodpecker
data\spectrogram_dataset\train\Great-Slaty-Woodpecker\Great-Slaty-Woodpecker-150.png,Great-Slaty-Woodpecker
data\spectrogram_dataset\train\Great-Slaty-Woodpecker\Great-Slaty-Woodpecker-151.png,Great-Slaty-Woodpecker
data\spectrogram_dataset\train\Great-Slaty-Woodpecker\Great-Slaty-Woodpecker-16.png,Great-Slaty-Woodpecker
data\spectrogram_dataset\train\Great-Slaty-Woodpecker\Great-Slaty-Woodpecker-17.png,Great-Slaty-Woodpecker
data\spectrogram_dataset\train\Great-Slaty-Woodpecker\Great-Slaty-Woodpecker-18.png,Great-Slaty-Woodpecker
data\spectrogram_dataset\train\Great-Slaty-Woodpecker\Great-Slaty-Woodpecker-19.png,Great-Slaty-Woodpecker
data\spectrogram_dataset\train\Great-Slaty-Woodpecker\Great-Slaty-Woodpecker-2.png,Great-Slaty-Woodpecker
data\spectrogram_dataset\train\Great-Slaty-Woodpecker\Great-Slaty-Woodpecker-20.png,Great-Slaty-Woodpecker
data\spectrogram_dataset\train\Great-Slaty-Woodpecker\Great-Slaty-Woodpecker-21.png,Great-Slaty-Woodpecker
data\spectrogram_dataset\train\Great-Slaty-Woodpecker\Great-Slaty-Woodpecker-22.png,Great-Slaty-Woodpecker
data\spectrogram_dataset\train\Great-Slaty-Woodpecker\Great-Slaty-Woodpecker-23.png,Great-Slaty-Woodpecker
data\spectrogram_dataset\train\Great-Slaty-Woodpecker\Great-Slaty-Woodpecker-24.png,Great-Slaty-Woodpecker
data\spectrogram_dataset\train\Great-Slaty-Woodpecker\Great-Slaty-Woodpecker-25.png,Great-Slaty-Woodpecker
data\spectrogram_dataset\train\Great-Slaty-Woodpecker\Great-Slaty-Woodpecker-26.png,Great-Slaty-Woodpecker
data\spectrogram_dataset\train\Great-Slaty-Woodpecker\Great-Slaty-Woodpecker-27.png,Great-Slaty-Woodpecker
data\spectrogram_dataset\train\Great-Slaty-Woodpecker\Great-Slaty-Woodpecker-28.png,Great-Slaty-Woodpecker
data\spectrogram_dataset\train\Great-Slaty-Woodpecker\Great-Slaty-Woodpecker-29.png,Great-Slaty-Woodpecker
data\spectrogram_dataset\train\Great-Slaty-Woodpecker\Great-Slaty-Woodpecker-3.png,Great-Slaty-Woodpecker
data\spectrogram_dataset\train\Great-Slaty-Woodpecker\Great-Slaty-Woodpecker-30.png,Great-Slaty-Woodpecker
data\spectrogram_dataset\train\Great-Slaty-Woodpecker\Great-Slaty-Woodpecker-31.png,Great-Slaty-Woodpecker
data\spectrogram_dataset\train\Great-Slaty-Woodpecker\Great-Slaty-Woodpecker-32.png,Great-Slaty-Woodpecker
data\spectrogram_dataset\train\Great-Slaty-Woodpecker\Great-Slaty-Woodpecker-33.png,Great-Slaty-Woodpecker
data\spectrogram_dataset\train\Great-Slaty-Woodpecker\Great-Slaty-Woodpecker-34.png,Great-Slaty-Woodpecker
data\spectrogram_dataset\train\Great-Slaty-Woodpecker\Great-Slaty-Woodpecker-35.png,Great-Slaty-Woodpecker
data\spectrogram_dataset\train\Great-Slaty-Woodpecker\Great-Slaty-Woodpecker-36.png,Great-Slaty-Woodpecker
data\spectrogram_dataset\train\Great-Slaty-Woodpecker\Great-Slaty-Woodpecker-37.png,Great-Slaty-Woodpecker
data\spectrogram_dataset\train\Great-Slaty-Woodpecker\Great-Slaty-Woodpecker-38.png,Great-Slaty-Woodpecker
data\spectrogram_dataset\train\Great-Slaty-Woodpecker\Great-Slaty-Woodpecker-39.png,Great-Slaty-Woodpecker
data\spectrogram_dataset\train\Great-Slaty-Woodpecker\Great-Slaty-Woodpecker-4.png,Great-Slaty-Woodpecker
data\spectrogram_dataset\train\Great-Slaty-Woodpecker\Great-Slaty-Woodpecker-40.png,Great-Slaty-Woodpecker
data\spectrogram_dataset\train\Great-Slaty-Woodpecker\Great-Slaty-Woodpecker-41.png,Great-Slaty-Woodpecker
data\spectrogram_dataset\train\Great-Slaty-Woodpecker\Great-Slaty-Woodpecker-42.png,Great-Slaty-Woodpecker
data\spectrogram_dataset\train\Great-Slaty-Woodpecker\Great-Slaty-Woodpecker-43.png,Great-Slaty-Woodpecker
data\spectrogram_dataset\train\Great-Slaty-Woodpecker\Great-Slaty-Woodpecker-44.png,Great-Slaty-Woodpecker
data\spectrogram_dataset\train\Great-Slaty-Woodpecker\Great-Slaty-Woodpecker-45.png,Great-Slaty-Woodpecker
data\spectrogram_dataset\train\Great-Slaty-Woodpecker\Great-Slaty-Woodpecker-46.png,Great-Slaty-Woodpecker
data\spectrogram_dataset\train\Great-Slaty-Woodpecker\Great-Slaty-Woodpecker-47.png,Great-Slaty-Woodpecker
data\spectrogram_dataset\train\Great-Slaty-Woodpecker\Great-Slaty-Woodpecker-48.png,Great-Slaty-Woodpecker
data\spectrogram_dataset\train\Great-Slaty-Woodpecker\Great-Slaty-Woodpecker-49.png,Great-Slaty-Woodpecker
data\spectrogram_dataset\train\Great-Slaty-Woodpecker\Great-Slaty-Woodpecker-5.png,Great-Slaty-Woodpecker
data\spectrogram_dataset\train\Great-Slaty-Woodpecker\Great-Slaty-Woodpecker-50.png,Great-Slaty-Woodpecker
data\spectrogram_dataset\train\Great-Slaty-Woodpecker\Great-Slaty-Woodpecker-51.png,Great-Slaty-Woodpecker
data\spectrogram_dataset\train\Great-Slaty-Woodpecker\Great-Slaty-Woodpecker-52.png,Great-Slaty-Woodpecker
data\spectrogram_dataset\train\Great-Slaty-Woodpecker\Great-Slaty-Woodpecker-53.png,Great-Slaty-Woodpecker
data\spectrogram_dataset\train\Great-Slaty-Woodpecker\Great-Slaty-Woodpecker-54.png,Great-Slaty-Woodpecker
data\spectrogram_dataset\train\Great-Slaty-Woodpecker\Great-Slaty-Woodpecker-55.png,Great-Slaty-Woodpecker
data\spectrogram_dataset\train\Great-Slaty-Woodpecker\Great-Slaty-Woodpecker-56.png,Great-Slaty-Woodpecker
data\spectrogram_dataset\train\Great-Slaty-Woodpecker\Great-Slaty-Woodpecker-57.png,Great-Slaty-Woodpecker
data\spectrogram_dataset\train\Great-Slaty-Woodpecker\Great-Slaty-Woodpecker-58.png,Great-Slaty-Woodpecker
data\spectrogram_dataset\train\Great-Slaty-Woodpecker\Great-Slaty-Woodpecker-59.png,Great-Slaty-Woodpecker
data\spectrogram_dataset\train\Great-Slaty-Woodpecker\Great-Slaty-Woodpecker-6.png,Great-Slaty-Woodpecker
data\spectrogram_dataset\train\Great-Slaty-Woodpecker\Great-Slaty-Woodpecker-60.png,Great-Slaty-Woodpecker
data\spectrogram_dataset\train\Great-Slaty-Woodpecker\Great-Slaty-Woodpecker-61.png,Great-Slaty-Woodpecker
data\spectrogram_dataset\train\Great-Slaty-Woodpecker\Great-Slaty-Woodpecker-62.png,Great-Slaty-Woodpecker
data\spectrogram_dataset\train\Great-Slaty-Woodpecker\Great-Slaty-Woodpecker-63.png,Great-Slaty-Woodpecker
data\spectrogram_dataset\train\Great-Slaty-Woodpecker\Great-Slaty-Woodpecker-64.png,Great-Slaty-Woodpecker
data\spectrogram_dataset\train\Great-Slaty-Woodpecker\Great-Slaty-Woodpecker-65.png,Great-Slaty-Woodpecker
data\spectrogram_dataset\train\Great-Slaty-Woodpecker\Great-Slaty-Woodpecker-66.png,Great-Slaty-Woodpecker
data\spectrogram_dataset\train\Great-Slaty-Woodpecker\Great-Slaty-Woodpecker-67.png,Great-Slaty-Woodpecker
data\spectrogram_dataset\train\Great-Slaty-Woodpecker\Great-Slaty-Woodpecker-68.png,Great-Slaty-Woodpecker
data\spectrogram_dataset\train\Great-Slaty-Woodpecker\Great-Slaty-Woodpecker-69.png,Great-Slaty-Woodpecker
data\spectrogram_dataset\train\Great-Slaty-Woodpecker\Great-Slaty-Woodpecker-7.png,Great-Slaty-Woodpecker
data\spectrogram_dataset\train\Great-Slaty-Woodpecker\Great-Slaty-Woodpecker-70.png,Great-Slaty-Woodpecker
data\spectrogram_dataset\train\Great-Slaty-Woodpecker\Great-Slaty-Woodpecker-71.png,Great-Slaty-Woodpecker
data\spectrogram_dataset\train\Great-Slaty-Woodpecker\Great-Slaty-Woodpecker-72.png,Great-Slaty-Woodpecker
data\spectrogram_dataset\train\Great-Slaty-Woodpecker\Great-Slaty-Woodpecker-73.png,Great-Slaty-Woodpecker
data\spectrogram_dataset\train\Great-Slaty-Woodpecker\Great-Slaty-Woodpecker-74.png,Great-Slaty-Woodpecker
data\spectrogram_dataset\train\Great-Slaty-Woodpecker\Great-Slaty-Woodpecker-75.png,Great-Slaty-Woodpecker
data\spectrogram_dataset\train\Great-Slaty-Woodpecker\Great-Slaty-Woodpecker-76.png,Great-Slaty-Woodpecker
data\spectrogram_dataset\train\Great-Slaty-Woodpecker\Great-Slaty-Woodpecker-77.png,Great-Slaty-Woodpecker
data\spectrogram_dataset\train\Great-Slaty-Woodpecker\Great-Slaty-Woodpecker-78.png,Great-Slaty-Woodpecker
data\spectrogram_dataset\train\Great-Slaty-Woodpecker\Great-Slaty-Woodpecker-79.png,Great-Slaty-Woodpecker
data\spectrogram_dataset\train\Great-Slaty-Woodpecker\Great-Slaty-Woodpecker-8.png,Great-Slaty-Woodpecker
data\spectrogram_dataset\train\Great-Slaty-Woodpecker\Great-Slaty-Woodpecker-80.png,Great-Slaty-Woodpecker
data\spectrogram_dataset\train\Great-Slaty-Woodpecker\Great-Slaty-Woodpecker-81.png,Great-Slaty-Woodpecker
data\spectrogram_dataset\train\Great-Slaty-Woodpecker\Great-Slaty-Woodpecker-82.png,Great-Slaty-Woodpecker
data\spectrogram_dataset\train\Great-Slaty-Woodpecker\Great-Slaty-Woodpecker-83.png,Great-Slaty-Woodpecker
data\spectrogram_dataset\train\Great-Slaty-Woodpecker\Great-Slaty-Woodpecker-84.png,Great-Slaty-Woodpecker
data\spectrogram_dataset\train\Great-Slaty-Woodpecker\Great-Slaty-Woodpecker-85.png,Great-Slaty-Woodpecker
data\spectrogram_dataset\train\Great-Slaty-Woodpecker\Great-Slaty-Woodpecker-86.png,Great-Slaty-Woodpecker
data\spectrogram_dataset\train\Great-Slaty-Woodpecker\Great-Slaty-Woodpecker-87.png,Great-Slaty-Woodpecker
data\spectrogram_dataset\train\Great-Slaty-Woodpecker\Great-Slaty-Woodpecker-88.png,Great-Slaty-Woodpecker
data\spectrogram_dataset\train\Great-Slaty-Woodpecker\Great-Slaty-Woodpecker-89.png,Great-Slaty-Woodpecker
data\spectrogram_dataset\train\Great-Slaty-Woodpecker\Great-Slaty-Woodpecker-9.png,Great-Slaty-Woodpecker
data\spectrogram_dataset\train\Great-Slaty-Woodpecker\Great-Slaty-Woodpecker-90.png,Great-Slaty-Woodpecker
data\spectrogram_dataset\train\Great-Slaty-Woodpecker\Great-Slaty-Woodpecker-91.png,Great-Slaty-Woodpecker
data\spectrogram_dataset\train\Great-Slaty-Woodpecker\Great-Slaty-Woodpecker-92.png,Great-Slaty-Woodpecker
data\spectrogram_dataset\train\Great-Slaty-Woodpecker\Great-Slaty-Woodpecker-93.png,Great-Slaty-Woodpecker
data\spectrogram_dataset\train\Great-Slaty-Woodpecker\Great-Slaty-Woodpecker-94.png,Great-Slaty-Woodpecker
data\spectrogram_dataset\train\Great-Slaty-Woodpecker\Great-Slaty-Woodpecker-95.png,Great-Slaty-Woodpecker
data\spectrogram_dataset\train\Great-Slaty-Woodpecker\Great-Slaty-Woodpecker-96.png,Great-Slaty-Woodpecker
data\spectrogram_dataset\train\Great-Slaty-Woodpecker\Great-Slaty-Woodpecker-97.png,Great-Slaty-Woodpecker
data\spectrogram_dataset\train\Great-Slaty-Woodpecker\Great-Slaty-Woodpecker-98.png,Great-Slaty-Woodpecker
data\spectrogram_dataset\train\Great-Slaty-Woodpecker\Great-Slaty-Woodpecker-99.png,Great-Slaty-Woodpecker
data\spectrogram_dataset\train\Greater-Spotted-Eagle\Greater-Spotted-Eagle-0.png,Greater-Spotted-Eagle
data\spectrogram_dataset\train\Greater-Spotted-Eagle\Greater-Spotted-Eagle-1.png,Greater-Spotted-Eagle
data\spectrogram_dataset\train\Greater-Spotted-Eagle\Greater-Spotted-Eagle-10.png,Greater-Spotted-Eagle
data\spectrogram_dataset\train\Greater-Spotted-Eagle\Greater-Spotted-Eagle-100.png,Greater-Spotted-Eagle
data\spectrogram_dataset\train\Greater-Spotted-Eagle\Greater-Spotted-Eagle-101.png,Greater-Spotted-Eagle
data\spectrogram_dataset\train\Greater-Spotted-Eagle\Greater-Spotted-Eagle-102.png,Greater-Spotted-Eagle
data\spectrogram_dataset\train\Greater-Spotted-Eagle\Greater-Spotted-Eagle-103.png,Greater-Spotted-Eagle
data\spectrogram_dataset\train\Greater-Spotted-Eagle\Greater-Spotted-Eagle-104.png,Greater-Spotted-Eagle
data\spectrogram_dataset\train\Greater-Spotted-Eagle\Greater-Spotted-Eagle-105.png,Greater-Spotted-Eagle
data\spectrogram_dataset\train\Greater-Spotted-Eagle\Greater-Spotted-Eagle-106.png,Greater-Spotted-Eagle
data\spectrogram_dataset\train\Greater-Spotted-Eagle\Greater-Spotted-Eagle-107.png,Greater-Spotted-Eagle
data\spectrogram_dataset\train\Greater-Spotted-Eagle\Greater-Spotted-Eagle-108.png,Greater-Spotted-Eagle
data\spectrogram_dataset\train\Greater-Spotted-Eagle\Greater-Spotted-Eagle-109.png,Greater-Spotted-Eagle
data\spectrogram_dataset\train\Greater-Spotted-Eagle\Greater-Spotted-Eagle-11.png,Greater-Spotted-Eagle
data\spectrogram_dataset\train\Greater-Spotted-Eagle\Greater-Spotted-Eagle-110.png,Greater-Spotted-Eagle
data\spectrogram_dataset\train\Greater-Spotted-Eagle\Greater-Spotted-Eagle-111.png,Greater-Spotted-Eagle
data\spectrogram_dataset\train\Greater-Spotted-Eagle\Greater-Spotted-Eagle-112.png,Greater-Spotted-Eagle
data\spectrogram_dataset\train\Greater-Spotted-Eagle\Greater-Spotted-Eagle-113.png,Greater-Spotted-Eagle
data\spectrogram_dataset\train\Greater-Spotted-Eagle\Greater-Spotted-Eagle-114.png,Greater-Spotted-Eagle
data\spectrogram_dataset\train\Greater-Spotted-Eagle\Greater-Spotted-Eagle-115.png,Greater-Spotted-Eagle
data\spectrogram_dataset\train\Greater-Spotted-Eagle\Greater-Spotted-Eagle-116.png,Greater-Spotted-Eagle
data\spectrogram_dataset\train\Greater-Spotted-Eagle\Greater-Spotted-Eagle-117.png,Greater-Spotted-Eagle
data\spectrogram_dataset\train\Greater-Spotted-Eagle\Greater-Spotted-Eagle-118.png,Greater-Spotted-Eagle
data\spectrogram_dataset\train\Greater-Spotted-Eagle\Greater-Spotted-Eagle-119.png,Greater-Spotted-Eagle
data\spectrogram_dataset\train\Greater-Spotted-Eagle\Greater-Spotted-Eagle-12.png,Greater-Spotted-Eagle
data\spectrogram_dataset\train\Greater-Spotted-Eagle\Greater-Spotted-Eagle-120.png,Greater-Spotted-Eagle
data\spectrogram_dataset\train\Greater-Spotted-Eagle\Greater-Spotted-Eagle-121.png,Greater-Spotted-Eagle
data\spectrogram_dataset\train\Greater-Spotted-Eagle\Greater-Spotted-Eagle-122.png,Greater-Spotted-Eagle
data\spectrogram_dataset\train\Greater-Spotted-Eagle\Greater-Spotted-Eagle-123.png,Greater-Spotted-Eagle
data\spectrogram_dataset\train\Greater-Spotted-Eagle\Greater-Spotted-Eagle-124.png,Greater-Spotted-Eagle
data\spectrogram_dataset\train\Greater-Spotted-Eagle\Greater-Spotted-Eagle-125.png,Greater-Spotted-Eagle
data\spectrogram_dataset\train\Greater-Spotted-Eagle\Greater-Spotted-Eagle-126.png,Greater-Spotted-Eagle
data\spectrogram_dataset\train\Greater-Spotted-Eagle\Greater-Spotted-Eagle-127.png,Greater-Spotted-Eagle
data\spectrogram_dataset\train\Greater-Spotted-Eagle\Greater-Spotted-Eagle-128.png,Greater-Spotted-Eagle
data\spectrogram_dataset\train\Greater-Spotted-Eagle\Greater-Spotted-Eagle-129.png,Greater-Spotted-Eagle
data\spectrogram_dataset\train\Greater-Spotted-Eagle\Greater-Spotted-Eagle-13.png,Greater-Spotted-Eagle
data\spectrogram_dataset\train\Greater-Spotted-Eagle\Greater-Spotted-Eagle-130.png,Greater-Spotted-Eagle
data\spectrogram_dataset\train\Greater-Spotted-Eagle\Greater-Spotted-Eagle-131.png,Greater-Spotted-Eagle
data\spectrogram_dataset\train\Greater-Spotted-Eagle\Greater-Spotted-Eagle-132.png,Greater-Spotted-Eagle
data\spectrogram_dataset\train\Greater-Spotted-Eagle\Greater-Spotted-Eagle-133.png,Greater-Spotted-Eagle
data\spectrogram_dataset\train\Greater-Spotted-Eagle\Greater-Spotted-Eagle-134.png,Greater-Spotted-Eagle
data\spectrogram_dataset\train\Greater-Spotted-Eagle\Greater-Spotted-Eagle-135.png,Greater-Spotted-Eagle
data\spectrogram_dataset\train\Greater-Spotted-Eagle\Greater-Spotted-Eagle-136.png,Greater-Spotted-Eagle
data\spectrogram_dataset\train\Greater-Spotted-Eagle\Greater-Spotted-Eagle-137.png,Greater-Spotted-Eagle
data\spectrogram_dataset\train\Greater-Spotted-Eagle\Greater-Spotted-Eagle-138.png,Greater-Spotted-Eagle
data\spectrogram_dataset\train\Greater-Spotted-Eagle\Greater-Spotted-Eagle-139.png,Greater-Spotted-Eagle
data\spectrogram_dataset\train\Greater-Spotted-Eagle\Greater-Spotted-Eagle-14.png,Greater-Spotted-Eagle
data\spectrogram_dataset\train\Greater-Spotted-Eagle\Greater-Spotted-Eagle-140.png,Greater-Spotted-Eagle
data\spectrogram_dataset\train\Greater-Spotted-Eagle\Greater-Spotted-Eagle-141.png,Greater-Spotted-Eagle
data\spectrogram_dataset\train\Greater-Spotted-Eagle\Greater-Spotted-Eagle-142.png,Greater-Spotted-Eagle
data\spectrogram_dataset\train\Greater-Spotted-Eagle\Greater-Spotted-Eagle-143.png,Greater-Spotted-Eagle
data\spectrogram_dataset\train\Greater-Spotted-Eagle\Greater-Spotted-Eagle-144.png,Greater-Spotted-Eagle
data\spectrogram_dataset\train\Greater-Spotted-Eagle\Greater-Spotted-Eagle-145.png,Greater-Spotted-Eagle
data\spectrogram_dataset\train\Greater-Spotted-Eagle\Greater-Spotted-Eagle-146.png,Greater-Spotted-Eagle
data\spectrogram_dataset\train\Greater-Spotted-Eagle\Greater-Spotted-Eagle-147.png,Greater-Spotted-Eagle
data\spectrogram_dataset\train\Greater-Spotted-Eagle\Greater-Spotted-Eagle-148.png,Greater-Spotted-Eagle
data\spectrogram_dataset\train\Greater-Spotted-Eagle\Greater-Spotted-Eagle-149.png,Greater-Spotted-Eagle
data\spectrogram_dataset\train\Greater-Spotted-Eagle\Greater-Spotted-Eagle-15.png,Greater-Spotted-Eagle
data\spectrogram_dataset\train\Greater-Spotted-Eagle\Greater-Spotted-Eagle-150.png,Greater-Spotted-Eagle
data\spectrogram_dataset\train\Greater-Spotted-Eagle\Greater-Spotted-Eagle-151.png,Greater-Spotted-Eagle
data\spectrogram_dataset\train\Greater-Spotted-Eagle\Greater-Spotted-Eagle-152.png,Greater-Spotted-Eagle
data\spectrogram_dataset\train\Greater-Spotted-Eagle\Greater-Spotted-Eagle-153.png,Greater-Spotted-Eagle
data\spectrogram_dataset\train\Greater-Spotted-Eagle\Greater-Spotted-Eagle-154.png,Greater-Spotted-Eagle
data\spectrogram_dataset\train\Greater-Spotted-Eagle\Greater-Spotted-Eagle-155.png,Greater-Spotted-Eagle
data\spectrogram_dataset\train\Greater-Spotted-Eagle\Greater-Spotted-Eagle-156.png,Greater-Spotted-Eagle
data\spectrogram_dataset\train\Greater-Spotted-Eagle\Greater-Spotted-Eagle-157.png,Greater-Spotted-Eagle
data\spectrogram_dataset\train\Greater-Spotted-Eagle\Greater-Spotted-Eagle-158.png,Greater-Spotted-Eagle
data\spectrogram_dataset\train\Greater-Spotted-Eagle\Greater-Spotted-Eagle-159.png,Greater-Spotted-Eagle
data\spectrogram_dataset\train\Greater-Spotted-Eagle\Greater-Spotted-Eagle-16.png,Greater-Spotted-Eagle
data\spectrogram_dataset\train\Greater-Spotted-Eagle\Greater-Spotted-Eagle-160.png,Greater-Spotted-Eagle
data\spectrogram_dataset\train\Greater-Spotted-Eagle\Greater-Spotted-Eagle-161.png,Greater-Spotted-Eagle
data\spectrogram_dataset\train\Greater-Spotted-Eagle\Greater-Spotted-Eagle-162.png,Greater-Spotted-Eagle
data\spectrogram_dataset\train\Greater-Spotted-Eagle\Greater-Spotted-Eagle-163.png,Greater-Spotted-Eagle
data\spectrogram_dataset\train\Greater-Spotted-Eagle\Greater-Spotted-Eagle-164.png,Greater-Spotted-Eagle
data\spectrogram_dataset\train\Greater-Spotted-Eagle\Greater-Spotted-Eagle-165.png,Greater-Spotted-Eagle
data\spectrogram_dataset\train\Greater-Spotted-Eagle\Greater-Spotted-Eagle-166.png,Greater-Spotted-Eagle
data\spectrogram_dataset\train\Greater-Spotted-Eagle\Greater-Spotted-Eagle-167.png,Greater-Spotted-Eagle
data\spectrogram_dataset\train\Greater-Spotted-Eagle\Greater-Spotted-Eagle-168.png,Greater-Spotted-Eagle
data\spectrogram_dataset\train\Greater-Spotted-Eagle\Greater-Spotted-Eagle-169.png,Greater-Spotted-Eagle
data\spectrogram_dataset\train\Greater-Spotted-Eagle\Greater-Spotted-Eagle-17.png,Greater-Spotted-Eagle
data\spectrogram_dataset\train\Greater-Spotted-Eagle\Greater-Spotted-Eagle-170.png,Greater-Spotted-Eagle
data\spectrogram_dataset\train\Greater-Spotted-Eagle\Greater-Spotted-Eagle-171.png,Greater-Spotted-Eagle
data\spectrogram_dataset\train\Greater-Spotted-Eagle\Greater-Spotted-Eagle-172.png,Greater-Spotted-Eagle
data\spectrogram_dataset\train\Greater-Spotted-Eagle\Greater-Spotted-Eagle-173.png,Greater-Spotted-Eagle
data\spectrogram_dataset\train\Greater-Spotted-Eagle\Greater-Spotted-Eagle-174.png,Greater-Spotted-Eagle
data\spectrogram_dataset\train\Greater-Spotted-Eagle\Greater-Spotted-Eagle-175.png,Greater-Spotted-Eagle
data\spectrogram_dataset\train\Greater-Spotted-Eagle\Greater-Spotted-Eagle-176.png,Greater-Spotted-Eagle
data\spectrogram_dataset\train\Greater-Spotted-Eagle\Greater-Spotted-Eagle-177.png,Greater-Spotted-Eagle
data\spectrogram_dataset\train\Greater-Spotted-Eagle\Greater-Spotted-Eagle-178.png,Greater-Spotted-Eagle
data\spectrogram_dataset\train\Greater-Spotted-Eagle\Greater-Spotted-Eagle-179.png,Greater-Spotted-Eagle
data\spectrogram_dataset\train\Greater-Spotted-Eagle\Greater-Spotted-Eagle-18.png,Greater-Spotted-Eagle
data\spectrogram_dataset\train\Greater-Spotted-Eagle\Greater-Spotted-Eagle-180.png,Greater-Spotted-Eagle
data\spectrogram_dataset\train\Greater-Spotted-Eagle\Greater-Spotted-Eagle-181.png,Greater-Spotted-Eagle
data\spectrogram_dataset\train\Greater-Spotted-Eagle\Greater-Spotted-Eagle-182.png,Greater-Spotted-Eagle
data\spectrogram_dataset\train\Greater-Spotted-Eagle\Greater-Spotted-Eagle-183.png,Greater-Spotted-Eagle
data\spectrogram_dataset\train\Greater-Spotted-Eagle\Greater-Spotted-Eagle-184.png,Greater-Spotted-Eagle
data\spectrogram_dataset\train\Greater-Spotted-Eagle\Greater-Spotted-Eagle-185.png,Greater-Spotted-Eagle
data\spectrogram_dataset\train\Greater-Spotted-Eagle\Greater-Spotted-Eagle-186.png,Greater-Spotted-Eagle
data\spectrogram_dataset\train\Greater-Spotted-Eagle\Greater-Spotted-Eagle-187.png,Greater-Spotted-Eagle
data\spectrogram_dataset\train\Greater-Spotted-Eagle\Greater-Spotted-Eagle-188.png,Greater-Spotted-Eagle
data\spectrogram_dataset\train\Greater-Spotted-Eagle\Greater-Spotted-Eagle-189.png,Greater-Spotted-Eagle
data\spectrogram_dataset\train\Greater-Spotted-Eagle\Greater-Spotted-Eagle-19.png,Greater-Spotted-Eagle
data\spectrogram_dataset\train\Greater-Spotted-Eagle\Greater-Spotted-Eagle-190.png,Greater-Spotted-Eagle
data\spectrogram_dataset\train\Greater-Spotted-Eagle\Greater-Spotted-Eagle-191.png,Greater-Spotted-Eagle
data\spectrogram_dataset\train\Greater-Spotted-Eagle\Greater-Spotted-Eagle-192.png,Greater-Spotted-Eagle
data\spectrogram_dataset\train\Greater-Spotted-Eagle\Greater-Spotted-Eagle-193.png,Greater-Spotted-Eagle
data\spectrogram_dataset\train\Greater-Spotted-Eagle\Greater-Spotted-Eagle-194.png,Greater-Spotted-Eagle
data\spectrogram_dataset\train\Greater-Spotted-Eagle\Greater-Spotted-Eagle-195.png,Greater-Spotted-Eagle
data\spectrogram_dataset\train\Greater-Spotted-Eagle\Greater-Spotted-Eagle-196.png,Greater-Spotted-Eagle
data\spectrogram_dataset\train\Greater-Spotted-Eagle\Greater-Spotted-Eagle-197.png,Greater-Spotted-Eagle
data\spectrogram_dataset\train\Greater-Spotted-Eagle\Greater-Spotted-Eagle-198.png,Greater-Spotted-Eagle
data\spectrogram_dataset\train\Greater-Spotted-Eagle\Greater-Spotted-Eagle-199.png,Greater-Spotted-Eagle
data\spectrogram_dataset\train\Greater-Spotted-Eagle\Greater-Spotted-Eagle-2.png,Greater-Spotted-Eagle
data\spectrogram_dataset\train\Greater-Spotted-Eagle\Greater-Spotted-Eagle-20.png,Greater-Spotted-Eagle
data\spectrogram_dataset\train\Greater-Spotted-Eagle\Greater-Spotted-Eagle-200.png,Greater-Spotted-Eagle
data\spectrogram_dataset\train\Greater-Spotted-Eagle\Greater-Spotted-Eagle-201.png,Greater-Spotted-Eagle
data\spectrogram_dataset\train\Greater-Spotted-Eagle\Greater-Spotted-Eagle-202.png,Greater-Spotted-Eagle
data\spectrogram_dataset\train\Greater-Spotted-Eagle\Greater-Spotted-Eagle-203.png,Greater-Spotted-Eagle
data\spectrogram_dataset\train\Greater-Spotted-Eagle\Greater-Spotted-Eagle-204.png,Greater-Spotted-Eagle
data\spectrogram_dataset\train\Greater-Spotted-Eagle\Greater-Spotted-Eagle-21.png,Greater-Spotted-Eagle
data\spectrogram_dataset\train\Greater-Spotted-Eagle\Greater-Spotted-Eagle-22.png,Greater-Spotted-Eagle
data\spectrogram_dataset\train\Greater-Spotted-Eagle\Greater-Spotted-Eagle-23.png,Greater-Spotted-Eagle
data\spectrogram_dataset\train\Greater-Spotted-Eagle\Greater-Spotted-Eagle-24.png,Greater-Spotted-Eagle
data\spectrogram_dataset\train\Greater-Spotted-Eagle\Greater-Spotted-Eagle-25.png,Greater-Spotted-Eagle
data\spectrogram_dataset\train\Greater-Spotted-Eagle\Greater-Spotted-Eagle-26.png,Greater-Spotted-Eagle
data\spectrogram_dataset\train\Greater-Spotted-Eagle\Greater-Spotted-Eagle-27.png,Greater-Spotted-Eagle
data\spectrogram_dataset\train\Greater-Spotted-Eagle\Greater-Spotted-Eagle-28.png,Greater-Spotted-Eagle
data\spectrogram_dataset\train\Greater-Spotted-Eagle\Greater-Spotted-Eagle-29.png,Greater-Spotted-Eagle
data\spectrogram_dataset\train\Greater-Spotted-Eagle\Greater-Spotted-Eagle-3.png,Greater-Spotted-Eagle
data\spectrogram_dataset\train\Greater-Spotted-Eagle\Greater-Spotted-Eagle-30.png,Greater-Spotted-Eagle
data\spectrogram_dataset\train\Greater-Spotted-Eagle\Greater-Spotted-Eagle-31.png,Greater-Spotted-Eagle
data\spectrogram_dataset\train\Greater-Spotted-Eagle\Greater-Spotted-Eagle-32.png,Greater-Spotted-Eagle
data\spectrogram_dataset\train\Greater-Spotted-Eagle\Greater-Spotted-Eagle-33.png,Greater-Spotted-Eagle
data\spectrogram_dataset\train\Greater-Spotted-Eagle\Greater-Spotted-Eagle-34.png,Greater-Spotted-Eagle
data\spectrogram_dataset\train\Greater-Spotted-Eagle\Greater-Spotted-Eagle-35.png,Greater-Spotted-Eagle
data\spectrogram_dataset\train\Greater-Spotted-Eagle\Greater-Spotted-Eagle-36.png,Greater-Spotted-Eagle
data\spectrogram_dataset\train\Greater-Spotted-Eagle\Greater-Spotted-Eagle-37.png,Greater-Spotted-Eagle
data\spectrogram_dataset\train\Greater-Spotted-Eagle\Greater-Spotted-Eagle-38.png,Greater-Spotted-Eagle
data\spectrogram_dataset\train\Greater-Spotted-Eagle\Greater-Spotted-Eagle-39.png,Greater-Spotted-Eagle
data\spectrogram_dataset\train\Greater-Spotted-Eagle\Greater-Spotted-Eagle-4.png,Greater-Spotted-Eagle
data\spectrogram_dataset\train\Greater-Spotted-Eagle\Greater-Spotted-Eagle-40.png,Greater-Spotted-Eagle
data\spectrogram_dataset\train\Greater-Spotted-Eagle\Greater-Spotted-Eagle-41.png,Greater-Spotted-Eagle
data\spectrogram_dataset\train\Greater-Spotted-Eagle\Greater-Spotted-Eagle-42.png,Greater-Spotted-Eagle
data\spectrogram_dataset\train\Greater-Spotted-Eagle\Greater-Spotted-Eagle-43.png,Greater-Spotted-Eagle
data\spectrogram_dataset\train\Greater-Spotted-Eagle\Greater-Spotted-Eagle-44.png,Greater-Spotted-Eagle
data\spectrogram_dataset\train\Greater-Spotted-Eagle\Greater-Spotted-Eagle-45.png,Greater-Spotted-Eagle
data\spectrogram_dataset\train\Greater-Spotted-Eagle\Greater-Spotted-Eagle-46.png,Greater-Spotted-Eagle
data\spectrogram_dataset\train\Greater-Spotted-Eagle\Greater-Spotted-Eagle-47.png,Greater-Spotted-Eagle
data\spectrogram_dataset\train\Greater-Spotted-Eagle\Greater-Spotted-Eagle-48.png,Greater-Spotted-Eagle
data\spectrogram_dataset\train\Greater-Spotted-Eagle\Greater-Spotted-Eagle-49.png,Greater-Spotted-Eagle
data\spectrogram_dataset\train\Greater-Spotted-Eagle\Greater-Spotted-Eagle-5.png,Greater-Spotted-Eagle
data\spectrogram_dataset\train\Greater-Spotted-Eagle\Greater-Spotted-Eagle-50.png,Greater-Spotted-Eagle
data\spectrogram_dataset\train\Greater-Spotted-Eagle\Greater-Spotted-Eagle-51.png,Greater-Spotted-Eagle
data\spectrogram_dataset\train\Greater-Spotted-Eagle\Greater-Spotted-Eagle-52.png,Greater-Spotted-Eagle
data\spectrogram_dataset\train\Greater-Spotted-Eagle\Greater-Spotted-Eagle-53.png,Greater-Spotted-Eagle
data\spectrogram_dataset\train\Greater-Spotted-Eagle\Greater-Spotted-Eagle-54.png,Greater-Spotted-Eagle
data\spectrogram_dataset\train\Greater-Spotted-Eagle\Greater-Spotted-Eagle-55.png,Greater-Spotted-Eagle
data\spectrogram_dataset\train\Greater-Spotted-Eagle\Greater-Spotted-Eagle-56.png,Greater-Spotted-Eagle
data\spectrogram_dataset\train\Greater-Spotted-Eagle\Greater-Spotted-Eagle-57.png,Greater-Spotted-Eagle
data\spectrogram_dataset\train\Greater-Spotted-Eagle\Greater-Spotted-Eagle-58.png,Greater-Spotted-Eagle
data\spectrogram_dataset\train\Greater-Spotted-Eagle\Greater-Spotted-Eagle-59.png,Greater-Spotted-Eagle
data\spectrogram_dataset\train\Greater-Spotted-Eagle\Greater-Spotted-Eagle-6.png,Greater-Spotted-Eagle
data\spectrogram_dataset\train\Greater-Spotted-Eagle\Greater-Spotted-Eagle-60.png,Greater-Spotted-Eagle
data\spectrogram_dataset\train\Greater-Spotted-Eagle\Greater-Spotted-Eagle-61.png,Greater-Spotted-Eagle
data\spectrogram_dataset\train\Greater-Spotted-Eagle\Greater-Spotted-Eagle-62.png,Greater-Spotted-Eagle
data\spectrogram_dataset\train\Greater-Spotted-Eagle\Greater-Spotted-Eagle-63.png,Greater-Spotted-Eagle
data\spectrogram_dataset\train\Greater-Spotted-Eagle\Greater-Spotted-Eagle-64.png,Greater-Spotted-Eagle
data\spectrogram_dataset\train\Greater-Spotted-Eagle\Greater-Spotted-Eagle-65.png,Greater-Spotted-Eagle
data\spectrogram_dataset\train\Greater-Spotted-Eagle\Greater-Spotted-Eagle-66.png,Greater-Spotted-Eagle
data\spectrogram_dataset\train\Greater-Spotted-Eagle\Greater-Spotted-Eagle-67.png,Greater-Spotted-Eagle
data\spectrogram_dataset\train\Greater-Spotted-Eagle\Greater-Spotted-Eagle-68.png,Greater-Spotted-Eagle
data\spectrogram_dataset\train\Greater-Spotted-Eagle\Greater-Spotted-Eagle-69.png,Greater-Spotted-Eagle
data\spectrogram_dataset\train\Greater-Spotted-Eagle\Greater-Spotted-Eagle-7.png,Greater-Spotted-Eagle
data\spectrogram_dataset\train\Greater-Spotted-Eagle\Greater-Spotted-Eagle-70.png,Greater-Spotted-Eagle
data\spectrogram_dataset\train\Greater-Spotted-Eagle\Greater-Spotted-Eagle-71.png,Greater-Spotted-Eagle
data\spectrogram_dataset\train\Greater-Spotted-Eagle\Greater-Spotted-Eagle-72.png,Greater-Spotted-Eagle
data\spectrogram_dataset\train\Greater-Spotted-Eagle\Greater-Spotted-Eagle-73.png,Greater-Spotted-Eagle
data\spectrogram_dataset\train\Greater-Spotted-Eagle\Greater-Spotted-Eagle-74.png,Greater-Spotted-Eagle
data\spectrogram_dataset\train\Greater-Spotted-Eagle\Greater-Spotted-Eagle-75.png,Greater-Spotted-Eagle
data\spectrogram_dataset\train\Greater-Spotted-Eagle\Greater-Spotted-Eagle-76.png,Greater-Spotted-Eagle
data\spectrogram_dataset\train\Greater-Spotted-Eagle\Greater-Spotted-Eagle-77.png,Greater-Spotted-Eagle
data\spectrogram_dataset\train\Greater-Spotted-Eagle\Greater-Spotted-Eagle-78.png,Greater-Spotted-Eagle
data\spectrogram_dataset\train\Greater-Spotted-Eagle\Greater-Spotted-Eagle-79.png,Greater-Spotted-Eagle
data\spectrogram_dataset\train\Greater-Spotted-Eagle\Greater-Spotted-Eagle-8.png,Greater-Spotted-Eagle
data\spectrogram_dataset\train\Greater-Spotted-Eagle\Greater-Spotted-Eagle-80.png,Greater-Spotted-Eagle
data\spectrogram_dataset\train\Greater-Spotted-Eagle\Greater-Spotted-Eagle-81.png,Greater-Spotted-Eagle
data\spectrogram_dataset\train\Greater-Spotted-Eagle\Greater-Spotted-Eagle-82.png,Greater-Spotted-Eagle
data\spectrogram_dataset\train\Greater-Spotted-Eagle\Greater-Spotted-Eagle-83.png,Greater-Spotted-Eagle
data\spectrogram_dataset\train\Greater-Spotted-Eagle\Greater-Spotted-Eagle-84.png,Greater-Spotted-Eagle
data\spectrogram_dataset\train\Greater-Spotted-Eagle\Greater-Spotted-Eagle-85.png,Greater-Spotted-Eagle
data\spectrogram_dataset\train\Greater-Spotted-Eagle\Greater-Spotted-Eagle-86.png,Greater-Spotted-Eagle
data\spectrogram_dataset\train\Greater-Spotted-Eagle\Greater-Spotted-Eagle-87.png,Greater-Spotted-Eagle
data\spectrogram_dataset\train\Greater-Spotted-Eagle\Greater-Spotted-Eagle-88.png,Greater-Spotted-Eagle
data\spectrogram_dataset\train\Greater-Spotted-Eagle\Greater-Spotted-Eagle-89.png,Greater-Spotted-Eagle
data\spectrogram_dataset\train\Greater-Spotted-Eagle\Greater-Spotted-Eagle-9.png,Greater-Spotted-Eagle
data\spectrogram_dataset\train\Greater-Spotted-Eagle\Greater-Spotted-Eagle-90.png,Greater-Spotted-Eagle
data\spectrogram_dataset\train\Greater-Spotted-Eagle\Greater-Spotted-Eagle-91.png,Greater-Spotted-Eagle
data\spectrogram_dataset\train\Greater-Spotted-Eagle\Greater-Spotted-Eagle-92.png,Greater-Spotted-Eagle
data\spectrogram_dataset\train\Greater-Spotted-Eagle\Greater-Spotted-Eagle-93.png,Greater-Spotted-Eagle
data\spectrogram_dataset\train\Greater-Spotted-Eagle\Greater-Spotted-Eagle-94.png,Greater-Spotted-Eagle
data\spectrogram_dataset\train\Greater-Spotted-Eagle\Greater-Spotted-Eagle-95.png,Greater-Spotted-Eagle
data\spectrogram_dataset\train\Greater-Spotted-Eagle\Greater-Spotted-Eagle-96.png,Greater-Spotted-Eagle
data\spectrogram_dataset\train\Greater-Spotted-Eagle\Greater-Spotted-Eagle-97.png,Greater-Spotted-Eagle
data\spectrogram_dataset\train\Greater-Spotted-Eagle\Greater-Spotted-Eagle-98.png,Greater-Spotted-Eagle
data\spectrogram_dataset\train\Greater-Spotted-Eagle\Greater-Spotted-Eagle-99.png,Greater-Spotted-Eagle
data\spectrogram_dataset\train\Grey-crowned-Prinia\Grey-crowned-Prinia-0.png,Grey-crowned-Prinia
data\spectrogram_dataset\train\Grey-crowned-Prinia\Grey-crowned-Prinia-1.png,Grey-crowned-Prinia
data\spectrogram_dataset\train\Grey-crowned-Prinia\Grey-crowned-Prinia-10.png,Grey-crowned-Prinia
data\spectrogram_dataset\train\Grey-crowned-Prinia\Grey-crowned-Prinia-11.png,Grey-crowned-Prinia
data\spectrogram_dataset\train\Grey-crowned-Prinia\Grey-crowned-Prinia-12.png,Grey-crowned-Prinia
data\spectrogram_dataset\train\Grey-crowned-Prinia\Grey-crowned-Prinia-13.png,Grey-crowned-Prinia
data\spectrogram_dataset\train\Grey-crowned-Prinia\Grey-crowned-Prinia-14.png,Grey-crowned-Prinia
data\spectrogram_dataset\train\Grey-crowned-Prinia\Grey-crowned-Prinia-15.png,Grey-crowned-Prinia
data\spectrogram_dataset\train\Grey-crowned-Prinia\Grey-crowned-Prinia-16.png,Grey-crowned-Prinia
data\spectrogram_dataset\train\Grey-crowned-Prinia\Grey-crowned-Prinia-17.png,Grey-crowned-Prinia
data\spectrogram_dataset\train\Grey-crowned-Prinia\Grey-crowned-Prinia-18.png,Grey-crowned-Prinia
data\spectrogram_dataset\train\Grey-crowned-Prinia\Grey-crowned-Prinia-19.png,Grey-crowned-Prinia
data\spectrogram_dataset\train\Grey-crowned-Prinia\Grey-crowned-Prinia-2.png,Grey-crowned-Prinia
data\spectrogram_dataset\train\Grey-crowned-Prinia\Grey-crowned-Prinia-20.png,Grey-crowned-Prinia
data\spectrogram_dataset\train\Grey-crowned-Prinia\Grey-crowned-Prinia-21.png,Grey-crowned-Prinia
data\spectrogram_dataset\train\Grey-crowned-Prinia\Grey-crowned-Prinia-22.png,Grey-crowned-Prinia
data\spectrogram_dataset\train\Grey-crowned-Prinia\Grey-crowned-Prinia-23.png,Grey-crowned-Prinia
data\spectrogram_dataset\train\Grey-crowned-Prinia\Grey-crowned-Prinia-3.png,Grey-crowned-Prinia
data\spectrogram_dataset\train\Grey-crowned-Prinia\Grey-crowned-Prinia-4.png,Grey-crowned-Prinia
data\spectrogram_dataset\train\Grey-crowned-Prinia\Grey-crowned-Prinia-5.png,Grey-crowned-Prinia
data\spectrogram_dataset\train\Grey-crowned-Prinia\Grey-crowned-Prinia-6.png,Grey-crowned-Prinia
data\spectrogram_dataset\train\Grey-crowned-Prinia\Grey-crowned-Prinia-7.png,Grey-crowned-Prinia
data\spectrogram_dataset\train\Grey-crowned-Prinia\Grey-crowned-Prinia-8.png,Grey-crowned-Prinia
data\spectrogram_dataset\train\Grey-crowned-Prinia\Grey-crowned-Prinia-9.png,Grey-crowned-Prinia
data\spectrogram_dataset\train\Grey-sided-Thrush\Grey-sided-Thrush-0.png,Grey-sided-Thrush
data\spectrogram_dataset\train\Grey-sided-Thrush\Grey-sided-Thrush-1.png,Grey-sided-Thrush
data\spectrogram_dataset\train\Grey-sided-Thrush\Grey-sided-Thrush-10.png,Grey-sided-Thrush
data\spectrogram_dataset\train\Grey-sided-Thrush\Grey-sided-Thrush-11.png,Grey-sided-Thrush
data\spectrogram_dataset\train\Grey-sided-Thrush\Grey-sided-Thrush-12.png,Grey-sided-Thrush
data\spectrogram_dataset\train\Grey-sided-Thrush\Grey-sided-Thrush-13.png,Grey-sided-Thrush
data\spectrogram_dataset\train\Grey-sided-Thrush\Grey-sided-Thrush-14.png,Grey-sided-Thrush
data\spectrogram_dataset\train\Grey-sided-Thrush\Grey-sided-Thrush-15.png,Grey-sided-Thrush
data\spectrogram_dataset\train\Grey-sided-Thrush\Grey-sided-Thrush-16.png,Grey-sided-Thrush
data\spectrogram_dataset\train\Grey-sided-Thrush\Grey-sided-Thrush-17.png,Grey-sided-Thrush
data\spectrogram_dataset\train\Grey-sided-Thrush\Grey-sided-Thrush-18.png,Grey-sided-Thrush
data\spectrogram_dataset\train\Grey-sided-Thrush\Grey-sided-Thrush-19.png,Grey-sided-Thrush
data\spectrogram_dataset\train\Grey-sided-Thrush\Grey-sided-Thrush-2.png,Grey-sided-Thrush
data\spectrogram_dataset\train\Grey-sided-Thrush\Grey-sided-Thrush-20.png,Grey-sided-Thrush
data\spectrogram_dataset\train\Grey-sided-Thrush\Grey-sided-Thrush-21.png,Grey-sided-Thrush
data\spectrogram_dataset\train\Grey-sided-Thrush\Grey-sided-Thrush-22.png,Grey-sided-Thrush
data\spectrogram_dataset\train\Grey-sided-Thrush\Grey-sided-Thrush-23.png,Grey-sided-Thrush
data\spectrogram_dataset\train\Grey-sided-Thrush\Grey-sided-Thrush-24.png,Grey-sided-Thrush
data\spectrogram_dataset\train\Grey-sided-Thrush\Grey-sided-Thrush-25.png,Grey-sided-Thrush
data\spectrogram_dataset\train\Grey-sided-Thrush\Grey-sided-Thrush-26.png,Grey-sided-Thrush
data\spectrogram_dataset\train\Grey-sided-Thrush\Grey-sided-Thrush-27.png,Grey-sided-Thrush
data\spectrogram_dataset\train\Grey-sided-Thrush\Grey-sided-Thrush-3.png,Grey-sided-Thrush
data\spectrogram_dataset\train\Grey-sided-Thrush\Grey-sided-Thrush-4.png,Grey-sided-Thrush
data\spectrogram_dataset\train\Grey-sided-Thrush\Grey-sided-Thrush-5.png,Grey-sided-Thrush
data\spectrogram_dataset\train\Grey-sided-Thrush\Grey-sided-Thrush-6.png,Grey-sided-Thrush
data\spectrogram_dataset\train\Grey-sided-Thrush\Grey-sided-Thrush-7.png,Grey-sided-Thrush
data\spectrogram_dataset\train\Grey-sided-Thrush\Grey-sided-Thrush-8.png,Grey-sided-Thrush
data\spectrogram_dataset\train\Grey-sided-Thrush\Grey-sided-Thrush-9.png,Grey-sided-Thrush
data\spectrogram_dataset\train\Grey-Treepie\Grey-Treepie-0.png,Grey-Treepie
data\spectrogram_dataset\train\Grey-Treepie\Grey-Treepie-1.png,Grey-Treepie
data\spectrogram_dataset\train\Grey-Treepie\Grey-Treepie-10.png,Grey-Treepie
data\spectrogram_dataset\train\Grey-Treepie\Grey-Treepie-100.png,Grey-Treepie
data\spectrogram_dataset\train\Grey-Treepie\Grey-Treepie-101.png,Grey-Treepie
data\spectrogram_dataset\train\Grey-Treepie\Grey-Treepie-102.png,Grey-Treepie
data\spectrogram_dataset\train\Grey-Treepie\Grey-Treepie-103.png,Grey-Treepie
data\spectrogram_dataset\train\Grey-Treepie\Grey-Treepie-104.png,Grey-Treepie
data\spectrogram_dataset\train\Grey-Treepie\Grey-Treepie-105.png,Grey-Treepie
data\spectrogram_dataset\train\Grey-Treepie\Grey-Treepie-106.png,Grey-Treepie
data\spectrogram_dataset\train\Grey-Treepie\Grey-Treepie-107.png,Grey-Treepie
data\spectrogram_dataset\train\Grey-Treepie\Grey-Treepie-108.png,Grey-Treepie
data\spectrogram_dataset\train\Grey-Treepie\Grey-Treepie-109.png,Grey-Treepie
data\spectrogram_dataset\train\Grey-Treepie\Grey-Treepie-11.png,Grey-Treepie
data\spectrogram_dataset\train\Grey-Treepie\Grey-Treepie-110.png,Grey-Treepie
data\spectrogram_dataset\train\Grey-Treepie\Grey-Treepie-111.png,Grey-Treepie
data\spectrogram_dataset\train\Grey-Treepie\Grey-Treepie-112.png,Grey-Treepie
data\spectrogram_dataset\train\Grey-Treepie\Grey-Treepie-113.png,Grey-Treepie
data\spectrogram_dataset\train\Grey-Treepie\Grey-Treepie-114.png,Grey-Treepie
data\spectrogram_dataset\train\Grey-Treepie\Grey-Treepie-115.png,Grey-Treepie
data\spectrogram_dataset\train\Grey-Treepie\Grey-Treepie-116.png,Grey-Treepie
data\spectrogram_dataset\train\Grey-Treepie\Grey-Treepie-117.png,Grey-Treepie
data\spectrogram_dataset\train\Grey-Treepie\Grey-Treepie-118.png,Grey-Treepie
data\spectrogram_dataset\train\Grey-Treepie\Grey-Treepie-119.png,Grey-Treepie
data\spectrogram_dataset\train\Grey-Treepie\Grey-Treepie-12.png,Grey-Treepie
data\spectrogram_dataset\train\Grey-Treepie\Grey-Treepie-120.png,Grey-Treepie
data\spectrogram_dataset\train\Grey-Treepie\Grey-Treepie-121.png,Grey-Treepie
data\spectrogram_dataset\train\Grey-Treepie\Grey-Treepie-122.png,Grey-Treepie
data\spectrogram_dataset\train\Grey-Treepie\Grey-Treepie-123.png,Grey-Treepie
data\spectrogram_dataset\train\Grey-Treepie\Grey-Treepie-124.png,Grey-Treepie
data\spectrogram_dataset\train\Grey-Treepie\Grey-Treepie-125.png,Grey-Treepie
data\spectrogram_dataset\train\Grey-Treepie\Grey-Treepie-126.png,Grey-Treepie
data\spectrogram_dataset\train\Grey-Treepie\Grey-Treepie-127.png,Grey-Treepie
data\spectrogram_dataset\train\Grey-Treepie\Grey-Treepie-128.png,Grey-Treepie
data\spectrogram_dataset\train\Grey-Treepie\Grey-Treepie-129.png,Grey-Treepie
data\spectrogram_dataset\train\Grey-Treepie\Grey-Treepie-13.png,Grey-Treepie
data\spectrogram_dataset\train\Grey-Treepie\Grey-Treepie-130.png,Grey-Treepie
data\spectrogram_dataset\train\Grey-Treepie\Grey-Treepie-131.png,Grey-Treepie
data\spectrogram_dataset\train\Grey-Treepie\Grey-Treepie-132.png,Grey-Treepie
data\spectrogram_dataset\train\Grey-Treepie\Grey-Treepie-133.png,Grey-Treepie
data\spectrogram_dataset\train\Grey-Treepie\Grey-Treepie-134.png,Grey-Treepie
data\spectrogram_dataset\train\Grey-Treepie\Grey-Treepie-135.png,Grey-Treepie
data\spectrogram_dataset\train\Grey-Treepie\Grey-Treepie-136.png,Grey-Treepie
data\spectrogram_dataset\train\Grey-Treepie\Grey-Treepie-137.png,Grey-Treepie
data\spectrogram_dataset\train\Grey-Treepie\Grey-Treepie-138.png,Grey-Treepie
data\spectrogram_dataset\train\Grey-Treepie\Grey-Treepie-139.png,Grey-Treepie
data\spectrogram_dataset\train\Grey-Treepie\Grey-Treepie-14.png,Grey-Treepie
data\spectrogram_dataset\train\Grey-Treepie\Grey-Treepie-140.png,Grey-Treepie
data\spectrogram_dataset\train\Grey-Treepie\Grey-Treepie-141.png,Grey-Treepie
data\spectrogram_dataset\train\Grey-Treepie\Grey-Treepie-142.png,Grey-Treepie
data\spectrogram_dataset\train\Grey-Treepie\Grey-Treepie-143.png,Grey-Treepie
data\spectrogram_dataset\train\Grey-Treepie\Grey-Treepie-144.png,Grey-Treepie
data\spectrogram_dataset\train\Grey-Treepie\Grey-Treepie-145.png,Grey-Treepie
data\spectrogram_dataset\train\Grey-Treepie\Grey-Treepie-146.png,Grey-Treepie
data\spectrogram_dataset\train\Grey-Treepie\Grey-Treepie-147.png,Grey-Treepie
data\spectrogram_dataset\train\Grey-Treepie\Grey-Treepie-148.png,Grey-Treepie
data\spectrogram_dataset\train\Grey-Treepie\Grey-Treepie-149.png,Grey-Treepie
data\spectrogram_dataset\train\Grey-Treepie\Grey-Treepie-15.png,Grey-Treepie
data\spectrogram_dataset\train\Grey-Treepie\Grey-Treepie-150.png,Grey-Treepie
data\spectrogram_dataset\train\Grey-Treepie\Grey-Treepie-151.png,Grey-Treepie
data\spectrogram_dataset\train\Grey-Treepie\Grey-Treepie-152.png,Grey-Treepie
data\spectrogram_dataset\train\Grey-Treepie\Grey-Treepie-153.png,Grey-Treepie
data\spectrogram_dataset\train\Grey-Treepie\Grey-Treepie-154.png,Grey-Treepie
data\spectrogram_dataset\train\Grey-Treepie\Grey-Treepie-155.png,Grey-Treepie
data\spectrogram_dataset\train\Grey-Treepie\Grey-Treepie-156.png,Grey-Treepie
data\spectrogram_dataset\train\Grey-Treepie\Grey-Treepie-157.png,Grey-Treepie
data\spectrogram_dataset\train\Grey-Treepie\Grey-Treepie-158.png,Grey-Treepie
data\spectrogram_dataset\train\Grey-Treepie\Grey-Treepie-159.png,Grey-Treepie
data\spectrogram_dataset\train\Grey-Treepie\Grey-Treepie-16.png,Grey-Treepie
data\spectrogram_dataset\train\Grey-Treepie\Grey-Treepie-160.png,Grey-Treepie
data\spectrogram_dataset\train\Grey-Treepie\Grey-Treepie-161.png,Grey-Treepie
data\spectrogram_dataset\train\Grey-Treepie\Grey-Treepie-162.png,Grey-Treepie
data\spectrogram_dataset\train\Grey-Treepie\Grey-Treepie-163.png,Grey-Treepie
data\spectrogram_dataset\train\Grey-Treepie\Grey-Treepie-164.png,Grey-Treepie
data\spectrogram_dataset\train\Grey-Treepie\Grey-Treepie-165.png,Grey-Treepie
data\spectrogram_dataset\train\Grey-Treepie\Grey-Treepie-166.png,Grey-Treepie
data\spectrogram_dataset\train\Grey-Treepie\Grey-Treepie-167.png,Grey-Treepie
data\spectrogram_dataset\train\Grey-Treepie\Grey-Treepie-168.png,Grey-Treepie
data\spectrogram_dataset\train\Grey-Treepie\Grey-Treepie-169.png,Grey-Treepie
data\spectrogram_dataset\train\Grey-Treepie\Grey-Treepie-17.png,Grey-Treepie
data\spectrogram_dataset\train\Grey-Treepie\Grey-Treepie-170.png,Grey-Treepie
data\spectrogram_dataset\train\Grey-Treepie\Grey-Treepie-171.png,Grey-Treepie
data\spectrogram_dataset\train\Grey-Treepie\Grey-Treepie-172.png,Grey-Treepie
data\spectrogram_dataset\train\Grey-Treepie\Grey-Treepie-173.png,Grey-Treepie
data\spectrogram_dataset\train\Grey-Treepie\Grey-Treepie-174.png,Grey-Treepie
data\spectrogram_dataset\train\Grey-Treepie\Grey-Treepie-175.png,Grey-Treepie
data\spectrogram_dataset\train\Grey-Treepie\Grey-Treepie-176.png,Grey-Treepie
data\spectrogram_dataset\train\Grey-Treepie\Grey-Treepie-177.png,Grey-Treepie
data\spectrogram_dataset\train\Grey-Treepie\Grey-Treepie-178.png,Grey-Treepie
data\spectrogram_dataset\train\Grey-Treepie\Grey-Treepie-179.png,Grey-Treepie
data\spectrogram_dataset\train\Grey-Treepie\Grey-Treepie-18.png,Grey-Treepie
data\spectrogram_dataset\train\Grey-Treepie\Grey-Treepie-180.png,Grey-Treepie
data\spectrogram_dataset\train\Grey-Treepie\Grey-Treepie-181.png,Grey-Treepie
data\spectrogram_dataset\train\Grey-Treepie\Grey-Treepie-182.png,Grey-Treepie
data\spectrogram_dataset\train\Grey-Treepie\Grey-Treepie-183.png,Grey-Treepie
data\spectrogram_dataset\train\Grey-Treepie\Grey-Treepie-184.png,Grey-Treepie
data\spectrogram_dataset\train\Grey-Treepie\Grey-Treepie-185.png,Grey-Treepie
data\spectrogram_dataset\train\Grey-Treepie\Grey-Treepie-186.png,Grey-Treepie
data\spectrogram_dataset\train\Grey-Treepie\Grey-Treepie-187.png,Grey-Treepie
data\spectrogram_dataset\train\Grey-Treepie\Grey-Treepie-188.png,Grey-Treepie
data\spectrogram_dataset\train\Grey-Treepie\Grey-Treepie-189.png,Grey-Treepie
data\spectrogram_dataset\train\Grey-Treepie\Grey-Treepie-19.png,Grey-Treepie
data\spectrogram_dataset\train\Grey-Treepie\Grey-Treepie-190.png,Grey-Treepie
data\spectrogram_dataset\train\Grey-Treepie\Grey-Treepie-191.png,Grey-Treepie
data\spectrogram_dataset\train\Grey-Treepie\Grey-Treepie-192.png,Grey-Treepie
data\spectrogram_dataset\train\Grey-Treepie\Grey-Treepie-193.png,Grey-Treepie
data\spectrogram_dataset\train\Grey-Treepie\Grey-Treepie-194.png,Grey-Treepie
data\spectrogram_dataset\train\Grey-Treepie\Grey-Treepie-195.png,Grey-Treepie
data\spectrogram_dataset\train\Grey-Treepie\Grey-Treepie-196.png,Grey-Treepie
data\spectrogram_dataset\train\Grey-Treepie\Grey-Treepie-197.png,Grey-Treepie
data\spectrogram_dataset\train\Grey-Treepie\Grey-Treepie-198.png,Grey-Treepie
data\spectrogram_dataset\train\Grey-Treepie\Grey-Treepie-199.png,Grey-Treepie
data\spectrogram_dataset\train\Grey-Treepie\Grey-Treepie-2.png,Grey-Treepie
data\spectrogram_dataset\train\Grey-Treepie\Grey-Treepie-20.png,Grey-Treepie
data\spectrogram_dataset\train\Grey-Treepie\Grey-Treepie-200.png,Grey-Treepie
data\spectrogram_dataset\train\Grey-Treepie\Grey-Treepie-201.png,Grey-Treepie
data\spectrogram_dataset\train\Grey-Treepie\Grey-Treepie-202.png,Grey-Treepie
data\spectrogram_dataset\train\Grey-Treepie\Grey-Treepie-203.png,Grey-Treepie
data\spectrogram_dataset\train\Grey-Treepie\Grey-Treepie-204.png,Grey-Treepie
data\spectrogram_dataset\train\Grey-Treepie\Grey-Treepie-205.png,Grey-Treepie
data\spectrogram_dataset\train\Grey-Treepie\Grey-Treepie-206.png,Grey-Treepie
data\spectrogram_dataset\train\Grey-Treepie\Grey-Treepie-207.png,Grey-Treepie
data\spectrogram_dataset\train\Grey-Treepie\Grey-Treepie-208.png,Grey-Treepie
data\spectrogram_dataset\train\Grey-Treepie\Grey-Treepie-209.png,Grey-Treepie
data\spectrogram_dataset\train\Grey-Treepie\Grey-Treepie-21.png,Grey-Treepie
data\spectrogram_dataset\train\Grey-Treepie\Grey-Treepie-210.png,Grey-Treepie
data\spectrogram_dataset\train\Grey-Treepie\Grey-Treepie-211.png,Grey-Treepie
data\spectrogram_dataset\train\Grey-Treepie\Grey-Treepie-212.png,Grey-Treepie
data\spectrogram_dataset\train\Grey-Treepie\Grey-Treepie-213.png,Grey-Treepie
data\spectrogram_dataset\train\Grey-Treepie\Grey-Treepie-214.png,Grey-Treepie
data\spectrogram_dataset\train\Grey-Treepie\Grey-Treepie-215.png,Grey-Treepie
data\spectrogram_dataset\train\Grey-Treepie\Grey-Treepie-216.png,Grey-Treepie
data\spectrogram_dataset\train\Grey-Treepie\Grey-Treepie-217.png,Grey-Treepie
data\spectrogram_dataset\train\Grey-Treepie\Grey-Treepie-218.png,Grey-Treepie
data\spectrogram_dataset\train\Grey-Treepie\Grey-Treepie-219.png,Grey-Treepie
data\spectrogram_dataset\train\Grey-Treepie\Grey-Treepie-22.png,Grey-Treepie
data\spectrogram_dataset\train\Grey-Treepie\Grey-Treepie-220.png,Grey-Treepie
data\spectrogram_dataset\train\Grey-Treepie\Grey-Treepie-221.png,Grey-Treepie
data\spectrogram_dataset\train\Grey-Treepie\Grey-Treepie-222.png,Grey-Treepie
data\spectrogram_dataset\train\Grey-Treepie\Grey-Treepie-223.png,Grey-Treepie
data\spectrogram_dataset\train\Grey-Treepie\Grey-Treepie-224.png,Grey-Treepie
data\spectrogram_dataset\train\Grey-Treepie\Grey-Treepie-225.png,Grey-Treepie
data\spectrogram_dataset\train\Grey-Treepie\Grey-Treepie-226.png,Grey-Treepie
data\spectrogram_dataset\train\Grey-Treepie\Grey-Treepie-227.png,Grey-Treepie
data\spectrogram_dataset\train\Grey-Treepie\Grey-Treepie-228.png,Grey-Treepie
data\spectrogram_dataset\train\Grey-Treepie\Grey-Treepie-229.png,Grey-Treepie
data\spectrogram_dataset\train\Grey-Treepie\Grey-Treepie-23.png,Grey-Treepie
data\spectrogram_dataset\train\Grey-Treepie\Grey-Treepie-230.png,Grey-Treepie
data\spectrogram_dataset\train\Grey-Treepie\Grey-Treepie-231.png,Grey-Treepie
data\spectrogram_dataset\train\Grey-Treepie\Grey-Treepie-232.png,Grey-Treepie
data\spectrogram_dataset\train\Grey-Treepie\Grey-Treepie-233.png,Grey-Treepie
data\spectrogram_dataset\train\Grey-Treepie\Grey-Treepie-234.png,Grey-Treepie
data\spectrogram_dataset\train\Grey-Treepie\Grey-Treepie-235.png,Grey-Treepie
data\spectrogram_dataset\train\Grey-Treepie\Grey-Treepie-236.png,Grey-Treepie
data\spectrogram_dataset\train\Grey-Treepie\Grey-Treepie-237.png,Grey-Treepie
data\spectrogram_dataset\train\Grey-Treepie\Grey-Treepie-238.png,Grey-Treepie
data\spectrogram_dataset\train\Grey-Treepie\Grey-Treepie-239.png,Grey-Treepie
data\spectrogram_dataset\train\Grey-Treepie\Grey-Treepie-24.png,Grey-Treepie
data\spectrogram_dataset\train\Grey-Treepie\Grey-Treepie-240.png,Grey-Treepie
data\spectrogram_dataset\train\Grey-Treepie\Grey-Treepie-241.png,Grey-Treepie
data\spectrogram_dataset\train\Grey-Treepie\Grey-Treepie-242.png,Grey-Treepie
data\spectrogram_dataset\train\Grey-Treepie\Grey-Treepie-243.png,Grey-Treepie
data\spectrogram_dataset\train\Grey-Treepie\Grey-Treepie-244.png,Grey-Treepie
data\spectrogram_dataset\train\Grey-Treepie\Grey-Treepie-245.png,Grey-Treepie
data\spectrogram_dataset\train\Grey-Treepie\Grey-Treepie-246.png,Grey-Treepie
data\spectrogram_dataset\train\Grey-Treepie\Grey-Treepie-247.png,Grey-Treepie
data\spectrogram_dataset\train\Grey-Treepie\Grey-Treepie-248.png,Grey-Treepie
data\spectrogram_dataset\train\Grey-Treepie\Grey-Treepie-249.png,Grey-Treepie
data\spectrogram_dataset\train\Grey-Treepie\Grey-Treepie-25.png,Grey-Treepie
data\spectrogram_dataset\train\Grey-Treepie\Grey-Treepie-250.png,Grey-Treepie
data\spectrogram_dataset\train\Grey-Treepie\Grey-Treepie-251.png,Grey-Treepie
data\spectrogram_dataset\train\Grey-Treepie\Grey-Treepie-252.png,Grey-Treepie
data\spectrogram_dataset\train\Grey-Treepie\Grey-Treepie-253.png,Grey-Treepie
data\spectrogram_dataset\train\Grey-Treepie\Grey-Treepie-254.png,Grey-Treepie
data\spectrogram_dataset\train\Grey-Treepie\Grey-Treepie-255.png,Grey-Treepie
data\spectrogram_dataset\train\Grey-Treepie\Grey-Treepie-256.png,Grey-Treepie
data\spectrogram_dataset\train\Grey-Treepie\Grey-Treepie-257.png,Grey-Treepie
data\spectrogram_dataset\train\Grey-Treepie\Grey-Treepie-258.png,Grey-Treepie
data\spectrogram_dataset\train\Grey-Treepie\Grey-Treepie-259.png,Grey-Treepie
data\spectrogram_dataset\train\Grey-Treepie\Grey-Treepie-26.png,Grey-Treepie
data\spectrogram_dataset\train\Grey-Treepie\Grey-Treepie-260.png,Grey-Treepie
data\spectrogram_dataset\train\Grey-Treepie\Grey-Treepie-261.png,Grey-Treepie
data\spectrogram_dataset\train\Grey-Treepie\Grey-Treepie-262.png,Grey-Treepie
data\spectrogram_dataset\train\Grey-Treepie\Grey-Treepie-263.png,Grey-Treepie
data\spectrogram_dataset\train\Grey-Treepie\Grey-Treepie-264.png,Grey-Treepie
data\spectrogram_dataset\train\Grey-Treepie\Grey-Treepie-265.png,Grey-Treepie
data\spectrogram_dataset\train\Grey-Treepie\Grey-Treepie-266.png,Grey-Treepie
data\spectrogram_dataset\train\Grey-Treepie\Grey-Treepie-27.png,Grey-Treepie
data\spectrogram_dataset\train\Grey-Treepie\Grey-Treepie-28.png,Grey-Treepie
data\spectrogram_dataset\train\Grey-Treepie\Grey-Treepie-29.png,Grey-Treepie
data\spectrogram_dataset\train\Grey-Treepie\Grey-Treepie-3.png,Grey-Treepie
data\spectrogram_dataset\train\Grey-Treepie\Grey-Treepie-30.png,Grey-Treepie
data\spectrogram_dataset\train\Grey-Treepie\Grey-Treepie-31.png,Grey-Treepie
data\spectrogram_dataset\train\Grey-Treepie\Grey-Treepie-32.png,Grey-Treepie
data\spectrogram_dataset\train\Grey-Treepie\Grey-Treepie-33.png,Grey-Treepie
data\spectrogram_dataset\train\Grey-Treepie\Grey-Treepie-34.png,Grey-Treepie
data\spectrogram_dataset\train\Grey-Treepie\Grey-Treepie-35.png,Grey-Treepie
data\spectrogram_dataset\train\Grey-Treepie\Grey-Treepie-36.png,Grey-Treepie
data\spectrogram_dataset\train\Grey-Treepie\Grey-Treepie-37.png,Grey-Treepie
data\spectrogram_dataset\train\Grey-Treepie\Grey-Treepie-38.png,Grey-Treepie
data\spectrogram_dataset\train\Grey-Treepie\Grey-Treepie-39.png,Grey-Treepie
data\spectrogram_dataset\train\Grey-Treepie\Grey-Treepie-4.png,Grey-Treepie
data\spectrogram_dataset\train\Grey-Treepie\Grey-Treepie-40.png,Grey-Treepie
data\spectrogram_dataset\train\Grey-Treepie\Grey-Treepie-41.png,Grey-Treepie
data\spectrogram_dataset\train\Grey-Treepie\Grey-Treepie-42.png,Grey-Treepie
data\spectrogram_dataset\train\Grey-Treepie\Grey-Treepie-43.png,Grey-Treepie
data\spectrogram_dataset\train\Grey-Treepie\Grey-Treepie-44.png,Grey-Treepie
data\spectrogram_dataset\train\Grey-Treepie\Grey-Treepie-45.png,Grey-Treepie
data\spectrogram_dataset\train\Grey-Treepie\Grey-Treepie-46.png,Grey-Treepie
data\spectrogram_dataset\train\Grey-Treepie\Grey-Treepie-47.png,Grey-Treepie
data\spectrogram_dataset\train\Grey-Treepie\Grey-Treepie-48.png,Grey-Treepie
data\spectrogram_dataset\train\Grey-Treepie\Grey-Treepie-49.png,Grey-Treepie
data\spectrogram_dataset\train\Grey-Treepie\Grey-Treepie-5.png,Grey-Treepie
data\spectrogram_dataset\train\Grey-Treepie\Grey-Treepie-50.png,Grey-Treepie
data\spectrogram_dataset\train\Grey-Treepie\Grey-Treepie-51.png,Grey-Treepie
data\spectrogram_dataset\train\Grey-Treepie\Grey-Treepie-52.png,Grey-Treepie
data\spectrogram_dataset\train\Grey-Treepie\Grey-Treepie-53.png,Grey-Treepie
data\spectrogram_dataset\train\Grey-Treepie\Grey-Treepie-54.png,Grey-Treepie
data\spectrogram_dataset\train\Grey-Treepie\Grey-Treepie-55.png,Grey-Treepie
data\spectrogram_dataset\train\Grey-Treepie\Grey-Treepie-56.png,Grey-Treepie
data\spectrogram_dataset\train\Grey-Treepie\Grey-Treepie-57.png,Grey-Treepie
data\spectrogram_dataset\train\Grey-Treepie\Grey-Treepie-58.png,Grey-Treepie
data\spectrogram_dataset\train\Grey-Treepie\Grey-Treepie-59.png,Grey-Treepie
data\spectrogram_dataset\train\Grey-Treepie\Grey-Treepie-6.png,Grey-Treepie
data\spectrogram_dataset\train\Grey-Treepie\Grey-Treepie-60.png,Grey-Treepie
data\spectrogram_dataset\train\Grey-Treepie\Grey-Treepie-61.png,Grey-Treepie
data\spectrogram_dataset\train\Grey-Treepie\Grey-Treepie-62.png,Grey-Treepie
data\spectrogram_dataset\train\Grey-Treepie\Grey-Treepie-63.png,Grey-Treepie
data\spectrogram_dataset\train\Grey-Treepie\Grey-Treepie-64.png,Grey-Treepie
data\spectrogram_dataset\train\Grey-Treepie\Grey-Treepie-65.png,Grey-Treepie
data\spectrogram_dataset\train\Grey-Treepie\Grey-Treepie-66.png,Grey-Treepie
data\spectrogram_dataset\train\Grey-Treepie\Grey-Treepie-67.png,Grey-Treepie
data\spectrogram_dataset\train\Grey-Treepie\Grey-Treepie-68.png,Grey-Treepie
data\spectrogram_dataset\train\Grey-Treepie\Grey-Treepie-69.png,Grey-Treepie
data\spectrogram_dataset\train\Grey-Treepie\Grey-Treepie-7.png,Grey-Treepie
data\spectrogram_dataset\train\Grey-Treepie\Grey-Treepie-70.png,Grey-Treepie
data\spectrogram_dataset\train\Grey-Treepie\Grey-Treepie-71.png,Grey-Treepie
data\spectrogram_dataset\train\Grey-Treepie\Grey-Treepie-72.png,Grey-Treepie
data\spectrogram_dataset\train\Grey-Treepie\Grey-Treepie-73.png,Grey-Treepie
data\spectrogram_dataset\train\Grey-Treepie\Grey-Treepie-74.png,Grey-Treepie
data\spectrogram_dataset\train\Grey-Treepie\Grey-Treepie-75.png,Grey-Treepie
data\spectrogram_dataset\train\Grey-Treepie\Grey-Treepie-76.png,Grey-Treepie
data\spectrogram_dataset\train\Grey-Treepie\Grey-Treepie-77.png,Grey-Treepie
data\spectrogram_dataset\train\Grey-Treepie\Grey-Treepie-78.png,Grey-Treepie
data\spectrogram_dataset\train\Grey-Treepie\Grey-Treepie-79.png,Grey-Treepie
data\spectrogram_dataset\train\Grey-Treepie\Grey-Treepie-8.png,Grey-Treepie
data\spectrogram_dataset\train\Grey-Treepie\Grey-Treepie-80.png,Grey-Treepie
data\spectrogram_dataset\train\Grey-Treepie\Grey-Treepie-81.png,Grey-Treepie
data\spectrogram_dataset\train\Grey-Treepie\Grey-Treepie-82.png,Grey-Treepie
data\spectrogram_dataset\train\Grey-Treepie\Grey-Treepie-83.png,Grey-Treepie
data\spectrogram_dataset\train\Grey-Treepie\Grey-Treepie-84.png,Grey-Treepie
data\spectrogram_dataset\train\Grey-Treepie\Grey-Treepie-85.png,Grey-Treepie
data\spectrogram_dataset\train\Grey-Treepie\Grey-Treepie-86.png,Grey-Treepie
data\spectrogram_dataset\train\Grey-Treepie\Grey-Treepie-87.png,Grey-Treepie
data\spectrogram_dataset\train\Grey-Treepie\Grey-Treepie-88.png,Grey-Treepie
data\spectrogram_dataset\train\Grey-Treepie\Grey-Treepie-89.png,Grey-Treepie
data\spectrogram_dataset\train\Grey-Treepie\Grey-Treepie-9.png,Grey-Treepie
data\spectrogram_dataset\train\Grey-Treepie\Grey-Treepie-90.png,Grey-Treepie
data\spectrogram_dataset\train\Grey-Treepie\Grey-Treepie-91.png,Grey-Treepie
data\spectrogram_dataset\train\Grey-Treepie\Grey-Treepie-92.png,Grey-Treepie
data\spectrogram_dataset\train\Grey-Treepie\Grey-Treepie-93.png,Grey-Treepie
data\spectrogram_dataset\train\Grey-Treepie\Grey-Treepie-94.png,Grey-Treepie
data\spectrogram_dataset\train\Grey-Treepie\Grey-Treepie-95.png,Grey-Treepie
data\spectrogram_dataset\train\Grey-Treepie\Grey-Treepie-96.png,Grey-Treepie
data\spectrogram_dataset\train\Grey-Treepie\Grey-Treepie-97.png,Grey-Treepie
data\spectrogram_dataset\train\Grey-Treepie\Grey-Treepie-98.png,Grey-Treepie
data\spectrogram_dataset\train\Grey-Treepie\Grey-Treepie-99.png,Grey-Treepie
data\spectrogram_dataset\train\Himalayan-Monal\Himalayan-Monal-0.png,Himalayan-Monal
data\spectrogram_dataset\train\Himalayan-Monal\Himalayan-Monal-1.png,Himalayan-Monal
data\spectrogram_dataset\train\Himalayan-Monal\Himalayan-Monal-10.png,Himalayan-Monal
data\spectrogram_dataset\train\Himalayan-Monal\Himalayan-Monal-11.png,Himalayan-Monal
data\spectrogram_dataset\train\Himalayan-Monal\Himalayan-Monal-12.png,Himalayan-Monal
data\spectrogram_dataset\train\Himalayan-Monal\Himalayan-Monal-13.png,Himalayan-Monal
data\spectrogram_dataset\train\Himalayan-Monal\Himalayan-Monal-14.png,Himalayan-Monal
data\spectrogram_dataset\train\Himalayan-Monal\Himalayan-Monal-15.png,Himalayan-Monal
data\spectrogram_dataset\train\Himalayan-Monal\Himalayan-Monal-16.png,Himalayan-Monal
data\spectrogram_dataset\train\Himalayan-Monal\Himalayan-Monal-17.png,Himalayan-Monal
data\spectrogram_dataset\train\Himalayan-Monal\Himalayan-Monal-18.png,Himalayan-Monal
data\spectrogram_dataset\train\Himalayan-Monal\Himalayan-Monal-19.png,Himalayan-Monal
data\spectrogram_dataset\train\Himalayan-Monal\Himalayan-Monal-2.png,Himalayan-Monal
data\spectrogram_dataset\train\Himalayan-Monal\Himalayan-Monal-20.png,Himalayan-Monal
data\spectrogram_dataset\train\Himalayan-Monal\Himalayan-Monal-21.png,Himalayan-Monal
data\spectrogram_dataset\train\Himalayan-Monal\Himalayan-Monal-22.png,Himalayan-Monal
data\spectrogram_dataset\train\Himalayan-Monal\Himalayan-Monal-23.png,Himalayan-Monal
data\spectrogram_dataset\train\Himalayan-Monal\Himalayan-Monal-24.png,Himalayan-Monal
data\spectrogram_dataset\train\Himalayan-Monal\Himalayan-Monal-25.png,Himalayan-Monal
data\spectrogram_dataset\train\Himalayan-Monal\Himalayan-Monal-26.png,Himalayan-Monal
data\spectrogram_dataset\train\Himalayan-Monal\Himalayan-Monal-27.png,Himalayan-Monal
data\spectrogram_dataset\train\Himalayan-Monal\Himalayan-Monal-28.png,Himalayan-Monal
data\spectrogram_dataset\train\Himalayan-Monal\Himalayan-Monal-29.png,Himalayan-Monal
data\spectrogram_dataset\train\Himalayan-Monal\Himalayan-Monal-3.png,Himalayan-Monal
data\spectrogram_dataset\train\Himalayan-Monal\Himalayan-Monal-30.png,Himalayan-Monal
data\spectrogram_dataset\train\Himalayan-Monal\Himalayan-Monal-31.png,Himalayan-Monal
data\spectrogram_dataset\train\Himalayan-Monal\Himalayan-Monal-32.png,Himalayan-Monal
data\spectrogram_dataset\train\Himalayan-Monal\Himalayan-Monal-33.png,Himalayan-Monal
data\spectrogram_dataset\train\Himalayan-Monal\Himalayan-Monal-34.png,Himalayan-Monal
data\spectrogram_dataset\train\Himalayan-Monal\Himalayan-Monal-35.png,Himalayan-Monal
data\spectrogram_dataset\train\Himalayan-Monal\Himalayan-Monal-36.png,Himalayan-Monal
data\spectrogram_dataset\train\Himalayan-Monal\Himalayan-Monal-37.png,Himalayan-Monal
data\spectrogram_dataset\train\Himalayan-Monal\Himalayan-Monal-38.png,Himalayan-Monal
data\spectrogram_dataset\train\Himalayan-Monal\Himalayan-Monal-39.png,Himalayan-Monal
data\spectrogram_dataset\train\Himalayan-Monal\Himalayan-Monal-4.png,Himalayan-Monal
data\spectrogram_dataset\train\Himalayan-Monal\Himalayan-Monal-40.png,Himalayan-Monal
data\spectrogram_dataset\train\Himalayan-Monal\Himalayan-Monal-41.png,Himalayan-Monal
data\spectrogram_dataset\train\Himalayan-Monal\Himalayan-Monal-42.png,Himalayan-Monal
data\spectrogram_dataset\train\Himalayan-Monal\Himalayan-Monal-43.png,Himalayan-Monal
data\spectrogram_dataset\train\Himalayan-Monal\Himalayan-Monal-44.png,Himalayan-Monal
data\spectrogram_dataset\train\Himalayan-Monal\Himalayan-Monal-45.png,Himalayan-Monal
data\spectrogram_dataset\train\Himalayan-Monal\Himalayan-Monal-46.png,Himalayan-Monal
data\spectrogram_dataset\train\Himalayan-Monal\Himalayan-Monal-47.png,Himalayan-Monal
data\spectrogram_dataset\train\Himalayan-Monal\Himalayan-Monal-48.png,Himalayan-Monal
data\spectrogram_dataset\train\Himalayan-Monal\Himalayan-Monal-49.png,Himalayan-Monal
data\spectrogram_dataset\train\Himalayan-Monal\Himalayan-Monal-5.png,Himalayan-Monal
data\spectrogram_dataset\train\Himalayan-Monal\Himalayan-Monal-50.png,Himalayan-Monal
data\spectrogram_dataset\train\Himalayan-Monal\Himalayan-Monal-51.png,Himalayan-Monal
data\spectrogram_dataset\train\Himalayan-Monal\Himalayan-Monal-52.png,Himalayan-Monal
data\spectrogram_dataset\train\Himalayan-Monal\Himalayan-Monal-53.png,Himalayan-Monal
data\spectrogram_dataset\train\Himalayan-Monal\Himalayan-Monal-54.png,Himalayan-Monal
data\spectrogram_dataset\train\Himalayan-Monal\Himalayan-Monal-55.png,Himalayan-Monal
data\spectrogram_dataset\train\Himalayan-Monal\Himalayan-Monal-56.png,Himalayan-Monal
data\spectrogram_dataset\train\Himalayan-Monal\Himalayan-Monal-57.png,Himalayan-Monal
data\spectrogram_dataset\train\Himalayan-Monal\Himalayan-Monal-58.png,Himalayan-Monal
data\spectrogram_dataset\train\Himalayan-Monal\Himalayan-Monal-59.png,Himalayan-Monal
data\spectrogram_dataset\train\Himalayan-Monal\Himalayan-Monal-6.png,Himalayan-Monal
data\spectrogram_dataset\train\Himalayan-Monal\Himalayan-Monal-60.png,Himalayan-Monal
data\spectrogram_dataset\train\Himalayan-Monal\Himalayan-Monal-61.png,Himalayan-Monal
data\spectrogram_dataset\train\Himalayan-Monal\Himalayan-Monal-62.png,Himalayan-Monal
data\spectrogram_dataset\train\Himalayan-Monal\Himalayan-Monal-63.png,Himalayan-Monal
data\spectrogram_dataset\train\Himalayan-Monal\Himalayan-Monal-64.png,Himalayan-Monal
data\spectrogram_dataset\train\Himalayan-Monal\Himalayan-Monal-65.png,Himalayan-Monal
data\spectrogram_dataset\train\Himalayan-Monal\Himalayan-Monal-66.png,Himalayan-Monal
data\spectrogram_dataset\train\Himalayan-Monal\Himalayan-Monal-67.png,Himalayan-Monal
data\spectrogram_dataset\train\Himalayan-Monal\Himalayan-Monal-68.png,Himalayan-Monal
data\spectrogram_dataset\train\Himalayan-Monal\Himalayan-Monal-69.png,Himalayan-Monal
data\spectrogram_dataset\train\Himalayan-Monal\Himalayan-Monal-7.png,Himalayan-Monal
data\spectrogram_dataset\train\Himalayan-Monal\Himalayan-Monal-70.png,Himalayan-Monal
data\spectrogram_dataset\train\Himalayan-Monal\Himalayan-Monal-71.png,Himalayan-Monal
data\spectrogram_dataset\train\Himalayan-Monal\Himalayan-Monal-72.png,Himalayan-Monal
data\spectrogram_dataset\train\Himalayan-Monal\Himalayan-Monal-73.png,Himalayan-Monal
data\spectrogram_dataset\train\Himalayan-Monal\Himalayan-Monal-74.png,Himalayan-Monal
data\spectrogram_dataset\train\Himalayan-Monal\Himalayan-Monal-75.png,Himalayan-Monal
data\spectrogram_dataset\train\Himalayan-Monal\Himalayan-Monal-8.png,Himalayan-Monal
data\spectrogram_dataset\train\Himalayan-Monal\Himalayan-Monal-9.png,Himalayan-Monal
data\spectrogram_dataset\train\House-Crow\House-Crow-0.png,House-Crow
data\spectrogram_dataset\train\House-Crow\House-Crow-1.png,House-Crow
data\spectrogram_dataset\train\House-Crow\House-Crow-10.png,House-Crow
data\spectrogram_dataset\train\House-Crow\House-Crow-100.png,House-Crow
data\spectrogram_dataset\train\House-Crow\House-Crow-101.png,House-Crow
data\spectrogram_dataset\train\House-Crow\House-Crow-102.png,House-Crow
data\spectrogram_dataset\train\House-Crow\House-Crow-103.png,House-Crow
data\spectrogram_dataset\train\House-Crow\House-Crow-104.png,House-Crow
data\spectrogram_dataset\train\House-Crow\House-Crow-105.png,House-Crow
data\spectrogram_dataset\train\House-Crow\House-Crow-106.png,House-Crow
data\spectrogram_dataset\train\House-Crow\House-Crow-107.png,House-Crow
data\spectrogram_dataset\train\House-Crow\House-Crow-108.png,House-Crow
data\spectrogram_dataset\train\House-Crow\House-Crow-109.png,House-Crow
data\spectrogram_dataset\train\House-Crow\House-Crow-11.png,House-Crow
data\spectrogram_dataset\train\House-Crow\House-Crow-110.png,House-Crow
data\spectrogram_dataset\train\House-Crow\House-Crow-111.png,House-Crow
data\spectrogram_dataset\train\House-Crow\House-Crow-112.png,House-Crow
data\spectrogram_dataset\train\House-Crow\House-Crow-113.png,House-Crow
data\spectrogram_dataset\train\House-Crow\House-Crow-114.png,House-Crow
data\spectrogram_dataset\train\House-Crow\House-Crow-115.png,House-Crow
data\spectrogram_dataset\train\House-Crow\House-Crow-116.png,House-Crow
data\spectrogram_dataset\train\House-Crow\House-Crow-117.png,House-Crow
data\spectrogram_dataset\train\House-Crow\House-Crow-118.png,House-Crow
data\spectrogram_dataset\train\House-Crow\House-Crow-119.png,House-Crow
data\spectrogram_dataset\train\House-Crow\House-Crow-12.png,House-Crow
data\spectrogram_dataset\train\House-Crow\House-Crow-120.png,House-Crow
data\spectrogram_dataset\train\House-Crow\House-Crow-121.png,House-Crow
data\spectrogram_dataset\train\House-Crow\House-Crow-122.png,House-Crow
data\spectrogram_dataset\train\House-Crow\House-Crow-123.png,House-Crow
data\spectrogram_dataset\train\House-Crow\House-Crow-124.png,House-Crow
data\spectrogram_dataset\train\House-Crow\House-Crow-125.png,House-Crow
data\spectrogram_dataset\train\House-Crow\House-Crow-126.png,House-Crow
data\spectrogram_dataset\train\House-Crow\House-Crow-127.png,House-Crow
data\spectrogram_dataset\train\House-Crow\House-Crow-128.png,House-Crow
data\spectrogram_dataset\train\House-Crow\House-Crow-129.png,House-Crow
data\spectrogram_dataset\train\House-Crow\House-Crow-13.png,House-Crow
data\spectrogram_dataset\train\House-Crow\House-Crow-130.png,House-Crow
data\spectrogram_dataset\train\House-Crow\House-Crow-131.png,House-Crow
data\spectrogram_dataset\train\House-Crow\House-Crow-132.png,House-Crow
data\spectrogram_dataset\train\House-Crow\House-Crow-133.png,House-Crow
data\spectrogram_dataset\train\House-Crow\House-Crow-134.png,House-Crow
data\spectrogram_dataset\train\House-Crow\House-Crow-135.png,House-Crow
data\spectrogram_dataset\train\House-Crow\House-Crow-136.png,House-Crow
data\spectrogram_dataset\train\House-Crow\House-Crow-137.png,House-Crow
data\spectrogram_dataset\train\House-Crow\House-Crow-138.png,House-Crow
data\spectrogram_dataset\train\House-Crow\House-Crow-139.png,House-Crow
data\spectrogram_dataset\train\House-Crow\House-Crow-14.png,House-Crow
data\spectrogram_dataset\train\House-Crow\House-Crow-140.png,House-Crow
data\spectrogram_dataset\train\House-Crow\House-Crow-141.png,House-Crow
data\spectrogram_dataset\train\House-Crow\House-Crow-142.png,House-Crow
data\spectrogram_dataset\train\House-Crow\House-Crow-143.png,House-Crow
data\spectrogram_dataset\train\House-Crow\House-Crow-144.png,House-Crow
data\spectrogram_dataset\train\House-Crow\House-Crow-145.png,House-Crow
data\spectrogram_dataset\train\House-Crow\House-Crow-146.png,House-Crow
data\spectrogram_dataset\train\House-Crow\House-Crow-147.png,House-Crow
data\spectrogram_dataset\train\House-Crow\House-Crow-148.png,House-Crow
data\spectrogram_dataset\train\House-Crow\House-Crow-149.png,House-Crow
data\spectrogram_dataset\train\House-Crow\House-Crow-15.png,House-Crow
data\spectrogram_dataset\train\House-Crow\House-Crow-150.png,House-Crow
data\spectrogram_dataset\train\House-Crow\House-Crow-151.png,House-Crow
data\spectrogram_dataset\train\House-Crow\House-Crow-152.png,House-Crow
data\spectrogram_dataset\train\House-Crow\House-Crow-153.png,House-Crow
data\spectrogram_dataset\train\House-Crow\House-Crow-154.png,House-Crow
data\spectrogram_dataset\train\House-Crow\House-Crow-155.png,House-Crow
data\spectrogram_dataset\train\House-Crow\House-Crow-156.png,House-Crow
data\spectrogram_dataset\train\House-Crow\House-Crow-157.png,House-Crow
data\spectrogram_dataset\train\House-Crow\House-Crow-158.png,House-Crow
data\spectrogram_dataset\train\House-Crow\House-Crow-159.png,House-Crow
data\spectrogram_dataset\train\House-Crow\House-Crow-16.png,House-Crow
data\spectrogram_dataset\train\House-Crow\House-Crow-160.png,House-Crow
data\spectrogram_dataset\train\House-Crow\House-Crow-161.png,House-Crow
data\spectrogram_dataset\train\House-Crow\House-Crow-162.png,House-Crow
data\spectrogram_dataset\train\House-Crow\House-Crow-163.png,House-Crow
data\spectrogram_dataset\train\House-Crow\House-Crow-164.png,House-Crow
data\spectrogram_dataset\train\House-Crow\House-Crow-165.png,House-Crow
data\spectrogram_dataset\train\House-Crow\House-Crow-166.png,House-Crow
data\spectrogram_dataset\train\House-Crow\House-Crow-167.png,House-Crow
data\spectrogram_dataset\train\House-Crow\House-Crow-168.png,House-Crow
data\spectrogram_dataset\train\House-Crow\House-Crow-169.png,House-Crow
data\spectrogram_dataset\train\House-Crow\House-Crow-17.png,House-Crow
data\spectrogram_dataset\train\House-Crow\House-Crow-170.png,House-Crow
data\spectrogram_dataset\train\House-Crow\House-Crow-171.png,House-Crow
data\spectrogram_dataset\train\House-Crow\House-Crow-172.png,House-Crow
data\spectrogram_dataset\train\House-Crow\House-Crow-173.png,House-Crow
data\spectrogram_dataset\train\House-Crow\House-Crow-174.png,House-Crow
data\spectrogram_dataset\train\House-Crow\House-Crow-175.png,House-Crow
data\spectrogram_dataset\train\House-Crow\House-Crow-176.png,House-Crow
data\spectrogram_dataset\train\House-Crow\House-Crow-177.png,House-Crow
data\spectrogram_dataset\train\House-Crow\House-Crow-178.png,House-Crow
data\spectrogram_dataset\train\House-Crow\House-Crow-179.png,House-Crow
data\spectrogram_dataset\train\House-Crow\House-Crow-18.png,House-Crow
data\spectrogram_dataset\train\House-Crow\House-Crow-180.png,House-Crow
data\spectrogram_dataset\train\House-Crow\House-Crow-181.png,House-Crow
data\spectrogram_dataset\train\House-Crow\House-Crow-182.png,House-Crow
data\spectrogram_dataset\train\House-Crow\House-Crow-183.png,House-Crow
data\spectrogram_dataset\train\House-Crow\House-Crow-184.png,House-Crow
data\spectrogram_dataset\train\House-Crow\House-Crow-185.png,House-Crow
data\spectrogram_dataset\train\House-Crow\House-Crow-186.png,House-Crow
data\spectrogram_dataset\train\House-Crow\House-Crow-187.png,House-Crow
data\spectrogram_dataset\train\House-Crow\House-Crow-188.png,House-Crow
data\spectrogram_dataset\train\House-Crow\House-Crow-189.png,House-Crow
data\spectrogram_dataset\train\House-Crow\House-Crow-19.png,House-Crow
data\spectrogram_dataset\train\House-Crow\House-Crow-190.png,House-Crow
data\spectrogram_dataset\train\House-Crow\House-Crow-191.png,House-Crow
data\spectrogram_dataset\train\House-Crow\House-Crow-192.png,House-Crow
data\spectrogram_dataset\train\House-Crow\House-Crow-193.png,House-Crow
data\spectrogram_dataset\train\House-Crow\House-Crow-194.png,House-Crow
data\spectrogram_dataset\train\House-Crow\House-Crow-195.png,House-Crow
data\spectrogram_dataset\train\House-Crow\House-Crow-196.png,House-Crow
data\spectrogram_dataset\train\House-Crow\House-Crow-197.png,House-Crow
data\spectrogram_dataset\train\House-Crow\House-Crow-198.png,House-Crow
data\spectrogram_dataset\train\House-Crow\House-Crow-199.png,House-Crow
data\spectrogram_dataset\train\House-Crow\House-Crow-2.png,House-Crow
data\spectrogram_dataset\train\House-Crow\House-Crow-20.png,House-Crow
data\spectrogram_dataset\train\House-Crow\House-Crow-200.png,House-Crow
data\spectrogram_dataset\train\House-Crow\House-Crow-201.png,House-Crow
data\spectrogram_dataset\train\House-Crow\House-Crow-202.png,House-Crow
data\spectrogram_dataset\train\House-Crow\House-Crow-203.png,House-Crow
data\spectrogram_dataset\train\House-Crow\House-Crow-204.png,House-Crow
data\spectrogram_dataset\train\House-Crow\House-Crow-205.png,House-Crow
data\spectrogram_dataset\train\House-Crow\House-Crow-206.png,House-Crow
data\spectrogram_dataset\train\House-Crow\House-Crow-207.png,House-Crow
data\spectrogram_dataset\train\House-Crow\House-Crow-208.png,House-Crow
data\spectrogram_dataset\train\House-Crow\House-Crow-209.png,House-Crow
data\spectrogram_dataset\train\House-Crow\House-Crow-21.png,House-Crow
data\spectrogram_dataset\train\House-Crow\House-Crow-210.png,House-Crow
data\spectrogram_dataset\train\House-Crow\House-Crow-211.png,House-Crow
data\spectrogram_dataset\train\House-Crow\House-Crow-212.png,House-Crow
data\spectrogram_dataset\train\House-Crow\House-Crow-213.png,House-Crow
data\spectrogram_dataset\train\House-Crow\House-Crow-214.png,House-Crow
data\spectrogram_dataset\train\House-Crow\House-Crow-215.png,House-Crow
data\spectrogram_dataset\train\House-Crow\House-Crow-216.png,House-Crow
data\spectrogram_dataset\train\House-Crow\House-Crow-217.png,House-Crow
data\spectrogram_dataset\train\House-Crow\House-Crow-218.png,House-Crow
data\spectrogram_dataset\train\House-Crow\House-Crow-219.png,House-Crow
data\spectrogram_dataset\train\House-Crow\House-Crow-22.png,House-Crow
data\spectrogram_dataset\train\House-Crow\House-Crow-220.png,House-Crow
data\spectrogram_dataset\train\House-Crow\House-Crow-221.png,House-Crow
data\spectrogram_dataset\train\House-Crow\House-Crow-222.png,House-Crow
data\spectrogram_dataset\train\House-Crow\House-Crow-223.png,House-Crow
data\spectrogram_dataset\train\House-Crow\House-Crow-224.png,House-Crow
data\spectrogram_dataset\train\House-Crow\House-Crow-225.png,House-Crow
data\spectrogram_dataset\train\House-Crow\House-Crow-226.png,House-Crow
data\spectrogram_dataset\train\House-Crow\House-Crow-227.png,House-Crow
data\spectrogram_dataset\train\House-Crow\House-Crow-228.png,House-Crow
data\spectrogram_dataset\train\House-Crow\House-Crow-229.png,House-Crow
data\spectrogram_dataset\train\House-Crow\House-Crow-23.png,House-Crow
data\spectrogram_dataset\train\House-Crow\House-Crow-230.png,House-Crow
data\spectrogram_dataset\train\House-Crow\House-Crow-231.png,House-Crow
data\spectrogram_dataset\train\House-Crow\House-Crow-232.png,House-Crow
data\spectrogram_dataset\train\House-Crow\House-Crow-233.png,House-Crow
data\spectrogram_dataset\train\House-Crow\House-Crow-234.png,House-Crow
data\spectrogram_dataset\train\House-Crow\House-Crow-235.png,House-Crow
data\spectrogram_dataset\train\House-Crow\House-Crow-236.png,House-Crow
data\spectrogram_dataset\train\House-Crow\House-Crow-237.png,House-Crow
data\spectrogram_dataset\train\House-Crow\House-Crow-238.png,House-Crow
data\spectrogram_dataset\train\House-Crow\House-Crow-239.png,House-Crow
data\spectrogram_dataset\train\House-Crow\House-Crow-24.png,House-Crow
data\spectrogram_dataset\train\House-Crow\House-Crow-240.png,House-Crow
data\spectrogram_dataset\train\House-Crow\House-Crow-241.png,House-Crow
data\spectrogram_dataset\train\House-Crow\House-Crow-242.png,House-Crow
data\spectrogram_dataset\train\House-Crow\House-Crow-243.png,House-Crow
data\spectrogram_dataset\train\House-Crow\House-Crow-244.png,House-Crow
data\spectrogram_dataset\train\House-Crow\House-Crow-245.png,House-Crow
data\spectrogram_dataset\train\House-Crow\House-Crow-246.png,House-Crow
data\spectrogram_dataset\train\House-Crow\House-Crow-247.png,House-Crow
data\spectrogram_dataset\train\House-Crow\House-Crow-248.png,House-Crow
data\spectrogram_dataset\train\House-Crow\House-Crow-249.png,House-Crow
data\spectrogram_dataset\train\House-Crow\House-Crow-25.png,House-Crow
data\spectrogram_dataset\train\House-Crow\House-Crow-250.png,House-Crow
data\spectrogram_dataset\train\House-Crow\House-Crow-251.png,House-Crow
data\spectrogram_dataset\train\House-Crow\House-Crow-252.png,House-Crow
data\spectrogram_dataset\train\House-Crow\House-Crow-253.png,House-Crow
data\spectrogram_dataset\train\House-Crow\House-Crow-254.png,House-Crow
data\spectrogram_dataset\train\House-Crow\House-Crow-255.png,House-Crow
data\spectrogram_dataset\train\House-Crow\House-Crow-256.png,House-Crow
data\spectrogram_dataset\train\House-Crow\House-Crow-257.png,House-Crow
data\spectrogram_dataset\train\House-Crow\House-Crow-258.png,House-Crow
data\spectrogram_dataset\train\House-Crow\House-Crow-259.png,House-Crow
data\spectrogram_dataset\train\House-Crow\House-Crow-26.png,House-Crow
data\spectrogram_dataset\train\House-Crow\House-Crow-260.png,House-Crow
data\spectrogram_dataset\train\House-Crow\House-Crow-261.png,House-Crow
data\spectrogram_dataset\train\House-Crow\House-Crow-262.png,House-Crow
data\spectrogram_dataset\train\House-Crow\House-Crow-263.png,House-Crow
data\spectrogram_dataset\train\House-Crow\House-Crow-264.png,House-Crow
data\spectrogram_dataset\train\House-Crow\House-Crow-265.png,House-Crow
data\spectrogram_dataset\train\House-Crow\House-Crow-266.png,House-Crow
data\spectrogram_dataset\train\House-Crow\House-Crow-267.png,House-Crow
data\spectrogram_dataset\train\House-Crow\House-Crow-268.png,House-Crow
data\spectrogram_dataset\train\House-Crow\House-Crow-269.png,House-Crow
data\spectrogram_dataset\train\House-Crow\House-Crow-27.png,House-Crow
data\spectrogram_dataset\train\House-Crow\House-Crow-270.png,House-Crow
data\spectrogram_dataset\train\House-Crow\House-Crow-271.png,House-Crow
data\spectrogram_dataset\train\House-Crow\House-Crow-272.png,House-Crow
data\spectrogram_dataset\train\House-Crow\House-Crow-273.png,House-Crow
data\spectrogram_dataset\train\House-Crow\House-Crow-274.png,House-Crow
data\spectrogram_dataset\train\House-Crow\House-Crow-275.png,House-Crow
data\spectrogram_dataset\train\House-Crow\House-Crow-276.png,House-Crow
data\spectrogram_dataset\train\House-Crow\House-Crow-277.png,House-Crow
data\spectrogram_dataset\train\House-Crow\House-Crow-278.png,House-Crow
data\spectrogram_dataset\train\House-Crow\House-Crow-279.png,House-Crow
data\spectrogram_dataset\train\House-Crow\House-Crow-28.png,House-Crow
data\spectrogram_dataset\train\House-Crow\House-Crow-280.png,House-Crow
data\spectrogram_dataset\train\House-Crow\House-Crow-281.png,House-Crow
data\spectrogram_dataset\train\House-Crow\House-Crow-282.png,House-Crow
data\spectrogram_dataset\train\House-Crow\House-Crow-283.png,House-Crow
data\spectrogram_dataset\train\House-Crow\House-Crow-284.png,House-Crow
data\spectrogram_dataset\train\House-Crow\House-Crow-285.png,House-Crow
data\spectrogram_dataset\train\House-Crow\House-Crow-286.png,House-Crow
data\spectrogram_dataset\train\House-Crow\House-Crow-287.png,House-Crow
data\spectrogram_dataset\train\House-Crow\House-Crow-288.png,House-Crow
data\spectrogram_dataset\train\House-Crow\House-Crow-289.png,House-Crow
data\spectrogram_dataset\train\House-Crow\House-Crow-29.png,House-Crow
data\spectrogram_dataset\train\House-Crow\House-Crow-290.png,House-Crow
data\spectrogram_dataset\train\House-Crow\House-Crow-291.png,House-Crow
data\spectrogram_dataset\train\House-Crow\House-Crow-292.png,House-Crow
data\spectrogram_dataset\train\House-Crow\House-Crow-293.png,House-Crow
data\spectrogram_dataset\train\House-Crow\House-Crow-294.png,House-Crow
data\spectrogram_dataset\train\House-Crow\House-Crow-295.png,House-Crow
data\spectrogram_dataset\train\House-Crow\House-Crow-296.png,House-Crow
data\spectrogram_dataset\train\House-Crow\House-Crow-297.png,House-Crow
data\spectrogram_dataset\train\House-Crow\House-Crow-298.png,House-Crow
data\spectrogram_dataset\train\House-Crow\House-Crow-299.png,House-Crow
data\spectrogram_dataset\train\House-Crow\House-Crow-3.png,House-Crow
data\spectrogram_dataset\train\House-Crow\House-Crow-30.png,House-Crow
data\spectrogram_dataset\train\House-Crow\House-Crow-300.png,House-Crow
data\spectrogram_dataset\train\House-Crow\House-Crow-301.png,House-Crow
data\spectrogram_dataset\train\House-Crow\House-Crow-302.png,House-Crow
data\spectrogram_dataset\train\House-Crow\House-Crow-303.png,House-Crow
data\spectrogram_dataset\train\House-Crow\House-Crow-304.png,House-Crow
data\spectrogram_dataset\train\House-Crow\House-Crow-305.png,House-Crow
data\spectrogram_dataset\train\House-Crow\House-Crow-306.png,House-Crow
data\spectrogram_dataset\train\House-Crow\House-Crow-307.png,House-Crow
data\spectrogram_dataset\train\House-Crow\House-Crow-308.png,House-Crow
data\spectrogram_dataset\train\House-Crow\House-Crow-309.png,House-Crow
data\spectrogram_dataset\train\House-Crow\House-Crow-31.png,House-Crow
data\spectrogram_dataset\train\House-Crow\House-Crow-310.png,House-Crow
data\spectrogram_dataset\train\House-Crow\House-Crow-311.png,House-Crow
data\spectrogram_dataset\train\House-Crow\House-Crow-312.png,House-Crow
data\spectrogram_dataset\train\House-Crow\House-Crow-313.png,House-Crow
data\spectrogram_dataset\train\House-Crow\House-Crow-32.png,House-Crow
data\spectrogram_dataset\train\House-Crow\House-Crow-33.png,House-Crow
data\spectrogram_dataset\train\House-Crow\House-Crow-34.png,House-Crow
data\spectrogram_dataset\train\House-Crow\House-Crow-35.png,House-Crow
data\spectrogram_dataset\train\House-Crow\House-Crow-36.png,House-Crow
data\spectrogram_dataset\train\House-Crow\House-Crow-37.png,House-Crow
data\spectrogram_dataset\train\House-Crow\House-Crow-38.png,House-Crow
data\spectrogram_dataset\train\House-Crow\House-Crow-39.png,House-Crow
data\spectrogram_dataset\train\House-Crow\House-Crow-4.png,House-Crow
data\spectrogram_dataset\train\House-Crow\House-Crow-40.png,House-Crow
data\spectrogram_dataset\train\House-Crow\House-Crow-41.png,House-Crow
data\spectrogram_dataset\train\House-Crow\House-Crow-42.png,House-Crow
data\spectrogram_dataset\train\House-Crow\House-Crow-43.png,House-Crow
data\spectrogram_dataset\train\House-Crow\House-Crow-44.png,House-Crow
data\spectrogram_dataset\train\House-Crow\House-Crow-45.png,House-Crow
data\spectrogram_dataset\train\House-Crow\House-Crow-46.png,House-Crow
data\spectrogram_dataset\train\House-Crow\House-Crow-47.png,House-Crow
data\spectrogram_dataset\train\House-Crow\House-Crow-48.png,House-Crow
data\spectrogram_dataset\train\House-Crow\House-Crow-49.png,House-Crow
data\spectrogram_dataset\train\House-Crow\House-Crow-5.png,House-Crow
data\spectrogram_dataset\train\House-Crow\House-Crow-50.png,House-Crow
data\spectrogram_dataset\train\House-Crow\House-Crow-51.png,House-Crow
data\spectrogram_dataset\train\House-Crow\House-Crow-52.png,House-Crow
data\spectrogram_dataset\train\House-Crow\House-Crow-53.png,House-Crow
data\spectrogram_dataset\train\House-Crow\House-Crow-54.png,House-Crow
data\spectrogram_dataset\train\House-Crow\House-Crow-55.png,House-Crow
data\spectrogram_dataset\train\House-Crow\House-Crow-56.png,House-Crow
data\spectrogram_dataset\train\House-Crow\House-Crow-57.png,House-Crow
data\spectrogram_dataset\train\House-Crow\House-Crow-58.png,House-Crow
data\spectrogram_dataset\train\House-Crow\House-Crow-59.png,House-Crow
data\spectrogram_dataset\train\House-Crow\House-Crow-6.png,House-Crow
data\spectrogram_dataset\train\House-Crow\House-Crow-60.png,House-Crow
data\spectrogram_dataset\train\House-Crow\House-Crow-61.png,House-Crow
data\spectrogram_dataset\train\House-Crow\House-Crow-62.png,House-Crow
data\spectrogram_dataset\train\House-Crow\House-Crow-63.png,House-Crow
data\spectrogram_dataset\train\House-Crow\House-Crow-64.png,House-Crow
data\spectrogram_dataset\train\House-Crow\House-Crow-65.png,House-Crow
data\spectrogram_dataset\train\House-Crow\House-Crow-66.png,House-Crow
data\spectrogram_dataset\train\House-Crow\House-Crow-67.png,House-Crow
data\spectrogram_dataset\train\House-Crow\House-Crow-68.png,House-Crow
data\spectrogram_dataset\train\House-Crow\House-Crow-69.png,House-Crow
data\spectrogram_dataset\train\House-Crow\House-Crow-7.png,House-Crow
data\spectrogram_dataset\train\House-Crow\House-Crow-70.png,House-Crow
data\spectrogram_dataset\train\House-Crow\House-Crow-71.png,House-Crow
data\spectrogram_dataset\train\House-Crow\House-Crow-72.png,House-Crow
data\spectrogram_dataset\train\House-Crow\House-Crow-73.png,House-Crow
data\spectrogram_dataset\train\House-Crow\House-Crow-74.png,House-Crow
data\spectrogram_dataset\train\House-Crow\House-Crow-75.png,House-Crow
data\spectrogram_dataset\train\House-Crow\House-Crow-76.png,House-Crow
data\spectrogram_dataset\train\House-Crow\House-Crow-77.png,House-Crow
data\spectrogram_dataset\train\House-Crow\House-Crow-78.png,House-Crow
data\spectrogram_dataset\train\House-Crow\House-Crow-79.png,House-Crow
data\spectrogram_dataset\train\House-Crow\House-Crow-8.png,House-Crow
data\spectrogram_dataset\train\House-Crow\House-Crow-80.png,House-Crow
data\spectrogram_dataset\train\House-Crow\House-Crow-81.png,House-Crow
data\spectrogram_dataset\train\House-Crow\House-Crow-82.png,House-Crow
data\spectrogram_dataset\train\House-Crow\House-Crow-83.png,House-Crow
data\spectrogram_dataset\train\House-Crow\House-Crow-84.png,House-Crow
data\spectrogram_dataset\train\House-Crow\House-Crow-85.png,House-Crow
data\spectrogram_dataset\train\House-Crow\House-Crow-86.png,House-Crow
data\spectrogram_dataset\train\House-Crow\House-Crow-87.png,House-Crow
data\spectrogram_dataset\train\House-Crow\House-Crow-88.png,House-Crow
data\spectrogram_dataset\train\House-Crow\House-Crow-89.png,House-Crow
data\spectrogram_dataset\train\House-Crow\House-Crow-9.png,House-Crow
data\spectrogram_dataset\train\House-Crow\House-Crow-90.png,House-Crow
data\spectrogram_dataset\train\House-Crow\House-Crow-91.png,House-Crow
data\spectrogram_dataset\train\House-Crow\House-Crow-92.png,House-Crow
data\spectrogram_dataset\train\House-Crow\House-Crow-93.png,House-Crow
data\spectrogram_dataset\train\House-Crow\House-Crow-94.png,House-Crow
data\spectrogram_dataset\train\House-Crow\House-Crow-95.png,House-Crow
data\spectrogram_dataset\train\House-Crow\House-Crow-96.png,House-Crow
data\spectrogram_dataset\train\House-Crow\House-Crow-97.png,House-Crow
data\spectrogram_dataset\train\House-Crow\House-Crow-98.png,House-Crow
data\spectrogram_dataset\train\House-Crow\House-Crow-99.png,House-Crow
data\spectrogram_dataset\train\House-Sparrow\House-Sparrow-0.png,House-Sparrow
data\spectrogram_dataset\train\House-Sparrow\House-Sparrow-1.png,House-Sparrow
data\spectrogram_dataset\train\House-Sparrow\House-Sparrow-10.png,House-Sparrow
data\spectrogram_dataset\train\House-Sparrow\House-Sparrow-100.png,House-Sparrow
data\spectrogram_dataset\train\House-Sparrow\House-Sparrow-101.png,House-Sparrow
data\spectrogram_dataset\train\House-Sparrow\House-Sparrow-102.png,House-Sparrow
data\spectrogram_dataset\train\House-Sparrow\House-Sparrow-103.png,House-Sparrow
data\spectrogram_dataset\train\House-Sparrow\House-Sparrow-104.png,House-Sparrow
data\spectrogram_dataset\train\House-Sparrow\House-Sparrow-105.png,House-Sparrow
data\spectrogram_dataset\train\House-Sparrow\House-Sparrow-106.png,House-Sparrow
data\spectrogram_dataset\train\House-Sparrow\House-Sparrow-107.png,House-Sparrow
data\spectrogram_dataset\train\House-Sparrow\House-Sparrow-108.png,House-Sparrow
data\spectrogram_dataset\train\House-Sparrow\House-Sparrow-109.png,House-Sparrow
data\spectrogram_dataset\train\House-Sparrow\House-Sparrow-11.png,House-Sparrow
data\spectrogram_dataset\train\House-Sparrow\House-Sparrow-110.png,House-Sparrow
data\spectrogram_dataset\train\House-Sparrow\House-Sparrow-111.png,House-Sparrow
data\spectrogram_dataset\train\House-Sparrow\House-Sparrow-112.png,House-Sparrow
data\spectrogram_dataset\train\House-Sparrow\House-Sparrow-113.png,House-Sparrow
data\spectrogram_dataset\train\House-Sparrow\House-Sparrow-114.png,House-Sparrow
data\spectrogram_dataset\train\House-Sparrow\House-Sparrow-115.png,House-Sparrow
data\spectrogram_dataset\train\House-Sparrow\House-Sparrow-116.png,House-Sparrow
data\spectrogram_dataset\train\House-Sparrow\House-Sparrow-117.png,House-Sparrow
data\spectrogram_dataset\train\House-Sparrow\House-Sparrow-118.png,House-Sparrow
data\spectrogram_dataset\train\House-Sparrow\House-Sparrow-119.png,House-Sparrow
data\spectrogram_dataset\train\House-Sparrow\House-Sparrow-12.png,House-Sparrow
data\spectrogram_dataset\train\House-Sparrow\House-Sparrow-120.png,House-Sparrow
data\spectrogram_dataset\train\House-Sparrow\House-Sparrow-121.png,House-Sparrow
data\spectrogram_dataset\train\House-Sparrow\House-Sparrow-122.png,House-Sparrow
data\spectrogram_dataset\train\House-Sparrow\House-Sparrow-123.png,House-Sparrow
data\spectrogram_dataset\train\House-Sparrow\House-Sparrow-124.png,House-Sparrow
data\spectrogram_dataset\train\House-Sparrow\House-Sparrow-125.png,House-Sparrow
data\spectrogram_dataset\train\House-Sparrow\House-Sparrow-126.png,House-Sparrow
data\spectrogram_dataset\train\House-Sparrow\House-Sparrow-127.png,House-Sparrow
data\spectrogram_dataset\train\House-Sparrow\House-Sparrow-128.png,House-Sparrow
data\spectrogram_dataset\train\House-Sparrow\House-Sparrow-129.png,House-Sparrow
data\spectrogram_dataset\train\House-Sparrow\House-Sparrow-13.png,House-Sparrow
data\spectrogram_dataset\train\House-Sparrow\House-Sparrow-130.png,House-Sparrow
data\spectrogram_dataset\train\House-Sparrow\House-Sparrow-131.png,House-Sparrow
data\spectrogram_dataset\train\House-Sparrow\House-Sparrow-132.png,House-Sparrow
data\spectrogram_dataset\train\House-Sparrow\House-Sparrow-133.png,House-Sparrow
data\spectrogram_dataset\train\House-Sparrow\House-Sparrow-134.png,House-Sparrow
data\spectrogram_dataset\train\House-Sparrow\House-Sparrow-135.png,House-Sparrow
data\spectrogram_dataset\train\House-Sparrow\House-Sparrow-136.png,House-Sparrow
data\spectrogram_dataset\train\House-Sparrow\House-Sparrow-137.png,House-Sparrow
data\spectrogram_dataset\train\House-Sparrow\House-Sparrow-138.png,House-Sparrow
data\spectrogram_dataset\train\House-Sparrow\House-Sparrow-139.png,House-Sparrow
data\spectrogram_dataset\train\House-Sparrow\House-Sparrow-14.png,House-Sparrow
data\spectrogram_dataset\train\House-Sparrow\House-Sparrow-140.png,House-Sparrow
data\spectrogram_dataset\train\House-Sparrow\House-Sparrow-141.png,House-Sparrow
data\spectrogram_dataset\train\House-Sparrow\House-Sparrow-142.png,House-Sparrow
data\spectrogram_dataset\train\House-Sparrow\House-Sparrow-143.png,House-Sparrow
data\spectrogram_dataset\train\House-Sparrow\House-Sparrow-144.png,House-Sparrow
data\spectrogram_dataset\train\House-Sparrow\House-Sparrow-145.png,House-Sparrow
data\spectrogram_dataset\train\House-Sparrow\House-Sparrow-146.png,House-Sparrow
data\spectrogram_dataset\train\House-Sparrow\House-Sparrow-147.png,House-Sparrow
data\spectrogram_dataset\train\House-Sparrow\House-Sparrow-148.png,House-Sparrow
data\spectrogram_dataset\train\House-Sparrow\House-Sparrow-149.png,House-Sparrow
data\spectrogram_dataset\train\House-Sparrow\House-Sparrow-15.png,House-Sparrow
data\spectrogram_dataset\train\House-Sparrow\House-Sparrow-150.png,House-Sparrow
data\spectrogram_dataset\train\House-Sparrow\House-Sparrow-151.png,House-Sparrow
data\spectrogram_dataset\train\House-Sparrow\House-Sparrow-152.png,House-Sparrow
data\spectrogram_dataset\train\House-Sparrow\House-Sparrow-153.png,House-Sparrow
data\spectrogram_dataset\train\House-Sparrow\House-Sparrow-154.png,House-Sparrow
data\spectrogram_dataset\train\House-Sparrow\House-Sparrow-155.png,House-Sparrow
data\spectrogram_dataset\train\House-Sparrow\House-Sparrow-156.png,House-Sparrow
data\spectrogram_dataset\train\House-Sparrow\House-Sparrow-157.png,House-Sparrow
data\spectrogram_dataset\train\House-Sparrow\House-Sparrow-158.png,House-Sparrow
data\spectrogram_dataset\train\House-Sparrow\House-Sparrow-159.png,House-Sparrow
data\spectrogram_dataset\train\House-Sparrow\House-Sparrow-16.png,House-Sparrow
data\spectrogram_dataset\train\House-Sparrow\House-Sparrow-160.png,House-Sparrow
data\spectrogram_dataset\train\House-Sparrow\House-Sparrow-161.png,House-Sparrow
data\spectrogram_dataset\train\House-Sparrow\House-Sparrow-162.png,House-Sparrow
data\spectrogram_dataset\train\House-Sparrow\House-Sparrow-163.png,House-Sparrow
data\spectrogram_dataset\train\House-Sparrow\House-Sparrow-164.png,House-Sparrow
data\spectrogram_dataset\train\House-Sparrow\House-Sparrow-165.png,House-Sparrow
data\spectrogram_dataset\train\House-Sparrow\House-Sparrow-166.png,House-Sparrow
data\spectrogram_dataset\train\House-Sparrow\House-Sparrow-167.png,House-Sparrow
data\spectrogram_dataset\train\House-Sparrow\House-Sparrow-168.png,House-Sparrow
data\spectrogram_dataset\train\House-Sparrow\House-Sparrow-169.png,House-Sparrow
data\spectrogram_dataset\train\House-Sparrow\House-Sparrow-17.png,House-Sparrow
data\spectrogram_dataset\train\House-Sparrow\House-Sparrow-170.png,House-Sparrow
data\spectrogram_dataset\train\House-Sparrow\House-Sparrow-171.png,House-Sparrow
data\spectrogram_dataset\train\House-Sparrow\House-Sparrow-172.png,House-Sparrow
data\spectrogram_dataset\train\House-Sparrow\House-Sparrow-173.png,House-Sparrow
data\spectrogram_dataset\train\House-Sparrow\House-Sparrow-174.png,House-Sparrow
data\spectrogram_dataset\train\House-Sparrow\House-Sparrow-175.png,House-Sparrow
data\spectrogram_dataset\train\House-Sparrow\House-Sparrow-176.png,House-Sparrow
data\spectrogram_dataset\train\House-Sparrow\House-Sparrow-177.png,House-Sparrow
data\spectrogram_dataset\train\House-Sparrow\House-Sparrow-178.png,House-Sparrow
data\spectrogram_dataset\train\House-Sparrow\House-Sparrow-179.png,House-Sparrow
data\spectrogram_dataset\train\House-Sparrow\House-Sparrow-18.png,House-Sparrow
data\spectrogram_dataset\train\House-Sparrow\House-Sparrow-180.png,House-Sparrow
data\spectrogram_dataset\train\House-Sparrow\House-Sparrow-181.png,House-Sparrow
data\spectrogram_dataset\train\House-Sparrow\House-Sparrow-182.png,House-Sparrow
data\spectrogram_dataset\train\House-Sparrow\House-Sparrow-183.png,House-Sparrow
data\spectrogram_dataset\train\House-Sparrow\House-Sparrow-184.png,House-Sparrow
data\spectrogram_dataset\train\House-Sparrow\House-Sparrow-185.png,House-Sparrow
data\spectrogram_dataset\train\House-Sparrow\House-Sparrow-186.png,House-Sparrow
data\spectrogram_dataset\train\House-Sparrow\House-Sparrow-187.png,House-Sparrow
data\spectrogram_dataset\train\House-Sparrow\House-Sparrow-188.png,House-Sparrow
data\spectrogram_dataset\train\House-Sparrow\House-Sparrow-189.png,House-Sparrow
data\spectrogram_dataset\train\House-Sparrow\House-Sparrow-19.png,House-Sparrow
data\spectrogram_dataset\train\House-Sparrow\House-Sparrow-190.png,House-Sparrow
data\spectrogram_dataset\train\House-Sparrow\House-Sparrow-191.png,House-Sparrow
data\spectrogram_dataset\train\House-Sparrow\House-Sparrow-192.png,House-Sparrow
data\spectrogram_dataset\train\House-Sparrow\House-Sparrow-193.png,House-Sparrow
data\spectrogram_dataset\train\House-Sparrow\House-Sparrow-194.png,House-Sparrow
data\spectrogram_dataset\train\House-Sparrow\House-Sparrow-195.png,House-Sparrow
data\spectrogram_dataset\train\House-Sparrow\House-Sparrow-196.png,House-Sparrow
data\spectrogram_dataset\train\House-Sparrow\House-Sparrow-197.png,House-Sparrow
data\spectrogram_dataset\train\House-Sparrow\House-Sparrow-198.png,House-Sparrow
data\spectrogram_dataset\train\House-Sparrow\House-Sparrow-199.png,House-Sparrow
data\spectrogram_dataset\train\House-Sparrow\House-Sparrow-2.png,House-Sparrow
data\spectrogram_dataset\train\House-Sparrow\House-Sparrow-20.png,House-Sparrow
data\spectrogram_dataset\train\House-Sparrow\House-Sparrow-200.png,House-Sparrow
data\spectrogram_dataset\train\House-Sparrow\House-Sparrow-201.png,House-Sparrow
data\spectrogram_dataset\train\House-Sparrow\House-Sparrow-202.png,House-Sparrow
data\spectrogram_dataset\train\House-Sparrow\House-Sparrow-203.png,House-Sparrow
data\spectrogram_dataset\train\House-Sparrow\House-Sparrow-204.png,House-Sparrow
data\spectrogram_dataset\train\House-Sparrow\House-Sparrow-205.png,House-Sparrow
data\spectrogram_dataset\train\House-Sparrow\House-Sparrow-206.png,House-Sparrow
data\spectrogram_dataset\train\House-Sparrow\House-Sparrow-207.png,House-Sparrow
data\spectrogram_dataset\train\House-Sparrow\House-Sparrow-208.png,House-Sparrow
data\spectrogram_dataset\train\House-Sparrow\House-Sparrow-209.png,House-Sparrow
data\spectrogram_dataset\train\House-Sparrow\House-Sparrow-21.png,House-Sparrow
data\spectrogram_dataset\train\House-Sparrow\House-Sparrow-210.png,House-Sparrow
data\spectrogram_dataset\train\House-Sparrow\House-Sparrow-211.png,House-Sparrow
data\spectrogram_dataset\train\House-Sparrow\House-Sparrow-212.png,House-Sparrow
data\spectrogram_dataset\train\House-Sparrow\House-Sparrow-213.png,House-Sparrow
data\spectrogram_dataset\train\House-Sparrow\House-Sparrow-214.png,House-Sparrow
data\spectrogram_dataset\train\House-Sparrow\House-Sparrow-215.png,House-Sparrow
data\spectrogram_dataset\train\House-Sparrow\House-Sparrow-216.png,House-Sparrow
data\spectrogram_dataset\train\House-Sparrow\House-Sparrow-217.png,House-Sparrow
data\spectrogram_dataset\train\House-Sparrow\House-Sparrow-218.png,House-Sparrow
data\spectrogram_dataset\train\House-Sparrow\House-Sparrow-219.png,House-Sparrow
data\spectrogram_dataset\train\House-Sparrow\House-Sparrow-22.png,House-Sparrow
data\spectrogram_dataset\train\House-Sparrow\House-Sparrow-220.png,House-Sparrow
data\spectrogram_dataset\train\House-Sparrow\House-Sparrow-221.png,House-Sparrow
data\spectrogram_dataset\train\House-Sparrow\House-Sparrow-222.png,House-Sparrow
data\spectrogram_dataset\train\House-Sparrow\House-Sparrow-223.png,House-Sparrow
data\spectrogram_dataset\train\House-Sparrow\House-Sparrow-224.png,House-Sparrow
data\spectrogram_dataset\train\House-Sparrow\House-Sparrow-225.png,House-Sparrow
data\spectrogram_dataset\train\House-Sparrow\House-Sparrow-226.png,House-Sparrow
data\spectrogram_dataset\train\House-Sparrow\House-Sparrow-227.png,House-Sparrow
data\spectrogram_dataset\train\House-Sparrow\House-Sparrow-228.png,House-Sparrow
data\spectrogram_dataset\train\House-Sparrow\House-Sparrow-229.png,House-Sparrow
data\spectrogram_dataset\train\House-Sparrow\House-Sparrow-23.png,House-Sparrow
data\spectrogram_dataset\train\House-Sparrow\House-Sparrow-230.png,House-Sparrow
data\spectrogram_dataset\train\House-Sparrow\House-Sparrow-231.png,House-Sparrow
data\spectrogram_dataset\train\House-Sparrow\House-Sparrow-232.png,House-Sparrow
data\spectrogram_dataset\train\House-Sparrow\House-Sparrow-233.png,House-Sparrow
data\spectrogram_dataset\train\House-Sparrow\House-Sparrow-234.png,House-Sparrow
data\spectrogram_dataset\train\House-Sparrow\House-Sparrow-235.png,House-Sparrow
data\spectrogram_dataset\train\House-Sparrow\House-Sparrow-236.png,House-Sparrow
data\spectrogram_dataset\train\House-Sparrow\House-Sparrow-237.png,House-Sparrow
data\spectrogram_dataset\train\House-Sparrow\House-Sparrow-238.png,House-Sparrow
data\spectrogram_dataset\train\House-Sparrow\House-Sparrow-239.png,House-Sparrow
data\spectrogram_dataset\train\House-Sparrow\House-Sparrow-24.png,House-Sparrow
data\spectrogram_dataset\train\House-Sparrow\House-Sparrow-240.png,House-Sparrow
data\spectrogram_dataset\train\House-Sparrow\House-Sparrow-241.png,House-Sparrow
data\spectrogram_dataset\train\House-Sparrow\House-Sparrow-242.png,House-Sparrow
data\spectrogram_dataset\train\House-Sparrow\House-Sparrow-243.png,House-Sparrow
data\spectrogram_dataset\train\House-Sparrow\House-Sparrow-244.png,House-Sparrow
data\spectrogram_dataset\train\House-Sparrow\House-Sparrow-245.png,House-Sparrow
data\spectrogram_dataset\train\House-Sparrow\House-Sparrow-246.png,House-Sparrow
data\spectrogram_dataset\train\House-Sparrow\House-Sparrow-247.png,House-Sparrow
data\spectrogram_dataset\train\House-Sparrow\House-Sparrow-248.png,House-Sparrow
data\spectrogram_dataset\train\House-Sparrow\House-Sparrow-249.png,House-Sparrow
data\spectrogram_dataset\train\House-Sparrow\House-Sparrow-25.png,House-Sparrow
data\spectrogram_dataset\train\House-Sparrow\House-Sparrow-250.png,House-Sparrow
data\spectrogram_dataset\train\House-Sparrow\House-Sparrow-251.png,House-Sparrow
data\spectrogram_dataset\train\House-Sparrow\House-Sparrow-252.png,House-Sparrow
data\spectrogram_dataset\train\House-Sparrow\House-Sparrow-253.png,House-Sparrow
data\spectrogram_dataset\train\House-Sparrow\House-Sparrow-254.png,House-Sparrow
data\spectrogram_dataset\train\House-Sparrow\House-Sparrow-255.png,House-Sparrow
data\spectrogram_dataset\train\House-Sparrow\House-Sparrow-256.png,House-Sparrow
data\spectrogram_dataset\train\House-Sparrow\House-Sparrow-257.png,House-Sparrow
data\spectrogram_dataset\train\House-Sparrow\House-Sparrow-258.png,House-Sparrow
data\spectrogram_dataset\train\House-Sparrow\House-Sparrow-259.png,House-Sparrow
data\spectrogram_dataset\train\House-Sparrow\House-Sparrow-26.png,House-Sparrow
data\spectrogram_dataset\train\House-Sparrow\House-Sparrow-260.png,House-Sparrow
data\spectrogram_dataset\train\House-Sparrow\House-Sparrow-261.png,House-Sparrow
data\spectrogram_dataset\train\House-Sparrow\House-Sparrow-262.png,House-Sparrow
data\spectrogram_dataset\train\House-Sparrow\House-Sparrow-263.png,House-Sparrow
data\spectrogram_dataset\train\House-Sparrow\House-Sparrow-264.png,House-Sparrow
data\spectrogram_dataset\train\House-Sparrow\House-Sparrow-265.png,House-Sparrow
data\spectrogram_dataset\train\House-Sparrow\House-Sparrow-266.png,House-Sparrow
data\spectrogram_dataset\train\House-Sparrow\House-Sparrow-267.png,House-Sparrow
data\spectrogram_dataset\train\House-Sparrow\House-Sparrow-268.png,House-Sparrow
data\spectrogram_dataset\train\House-Sparrow\House-Sparrow-269.png,House-Sparrow
data\spectrogram_dataset\train\House-Sparrow\House-Sparrow-27.png,House-Sparrow
data\spectrogram_dataset\train\House-Sparrow\House-Sparrow-270.png,House-Sparrow
data\spectrogram_dataset\train\House-Sparrow\House-Sparrow-271.png,House-Sparrow
data\spectrogram_dataset\train\House-Sparrow\House-Sparrow-272.png,House-Sparrow
data\spectrogram_dataset\train\House-Sparrow\House-Sparrow-273.png,House-Sparrow
data\spectrogram_dataset\train\House-Sparrow\House-Sparrow-274.png,House-Sparrow
data\spectrogram_dataset\train\House-Sparrow\House-Sparrow-275.png,House-Sparrow
data\spectrogram_dataset\train\House-Sparrow\House-Sparrow-276.png,House-Sparrow
data\spectrogram_dataset\train\House-Sparrow\House-Sparrow-277.png,House-Sparrow
data\spectrogram_dataset\train\House-Sparrow\House-Sparrow-278.png,House-Sparrow
data\spectrogram_dataset\train\House-Sparrow\House-Sparrow-279.png,House-Sparrow
data\spectrogram_dataset\train\House-Sparrow\House-Sparrow-28.png,House-Sparrow
data\spectrogram_dataset\train\House-Sparrow\House-Sparrow-280.png,House-Sparrow
data\spectrogram_dataset\train\House-Sparrow\House-Sparrow-281.png,House-Sparrow
data\spectrogram_dataset\train\House-Sparrow\House-Sparrow-282.png,House-Sparrow
data\spectrogram_dataset\train\House-Sparrow\House-Sparrow-283.png,House-Sparrow
data\spectrogram_dataset\train\House-Sparrow\House-Sparrow-284.png,House-Sparrow
data\spectrogram_dataset\train\House-Sparrow\House-Sparrow-285.png,House-Sparrow
data\spectrogram_dataset\train\House-Sparrow\House-Sparrow-286.png,House-Sparrow
data\spectrogram_dataset\train\House-Sparrow\House-Sparrow-287.png,House-Sparrow
data\spectrogram_dataset\train\House-Sparrow\House-Sparrow-288.png,House-Sparrow
data\spectrogram_dataset\train\House-Sparrow\House-Sparrow-289.png,House-Sparrow
data\spectrogram_dataset\train\House-Sparrow\House-Sparrow-29.png,House-Sparrow
data\spectrogram_dataset\train\House-Sparrow\House-Sparrow-290.png,House-Sparrow
data\spectrogram_dataset\train\House-Sparrow\House-Sparrow-291.png,House-Sparrow
data\spectrogram_dataset\train\House-Sparrow\House-Sparrow-292.png,House-Sparrow
data\spectrogram_dataset\train\House-Sparrow\House-Sparrow-293.png,House-Sparrow
data\spectrogram_dataset\train\House-Sparrow\House-Sparrow-294.png,House-Sparrow
data\spectrogram_dataset\train\House-Sparrow\House-Sparrow-295.png,House-Sparrow
data\spectrogram_dataset\train\House-Sparrow\House-Sparrow-296.png,House-Sparrow
data\spectrogram_dataset\train\House-Sparrow\House-Sparrow-297.png,House-Sparrow
data\spectrogram_dataset\train\House-Sparrow\House-Sparrow-298.png,House-Sparrow
data\spectrogram_dataset\train\House-Sparrow\House-Sparrow-299.png,House-Sparrow
data\spectrogram_dataset\train\House-Sparrow\House-Sparrow-3.png,House-Sparrow
data\spectrogram_dataset\train\House-Sparrow\House-Sparrow-30.png,House-Sparrow
data\spectrogram_dataset\train\House-Sparrow\House-Sparrow-300.png,House-Sparrow
data\spectrogram_dataset\train\House-Sparrow\House-Sparrow-301.png,House-Sparrow
data\spectrogram_dataset\train\House-Sparrow\House-Sparrow-302.png,House-Sparrow
data\spectrogram_dataset\train\House-Sparrow\House-Sparrow-303.png,House-Sparrow
data\spectrogram_dataset\train\House-Sparrow\House-Sparrow-304.png,House-Sparrow
data\spectrogram_dataset\train\House-Sparrow\House-Sparrow-305.png,House-Sparrow
data\spectrogram_dataset\train\House-Sparrow\House-Sparrow-306.png,House-Sparrow
data\spectrogram_dataset\train\House-Sparrow\House-Sparrow-307.png,House-Sparrow
data\spectrogram_dataset\train\House-Sparrow\House-Sparrow-308.png,House-Sparrow
data\spectrogram_dataset\train\House-Sparrow\House-Sparrow-309.png,House-Sparrow
data\spectrogram_dataset\train\House-Sparrow\House-Sparrow-31.png,House-Sparrow
data\spectrogram_dataset\train\House-Sparrow\House-Sparrow-310.png,House-Sparrow
data\spectrogram_dataset\train\House-Sparrow\House-Sparrow-311.png,House-Sparrow
data\spectrogram_dataset\train\House-Sparrow\House-Sparrow-312.png,House-Sparrow
data\spectrogram_dataset\train\House-Sparrow\House-Sparrow-313.png,House-Sparrow
data\spectrogram_dataset\train\House-Sparrow\House-Sparrow-314.png,House-Sparrow
data\spectrogram_dataset\train\House-Sparrow\House-Sparrow-315.png,House-Sparrow
data\spectrogram_dataset\train\House-Sparrow\House-Sparrow-32.png,House-Sparrow
data\spectrogram_dataset\train\House-Sparrow\House-Sparrow-33.png,House-Sparrow
data\spectrogram_dataset\train\House-Sparrow\House-Sparrow-34.png,House-Sparrow
data\spectrogram_dataset\train\House-Sparrow\House-Sparrow-35.png,House-Sparrow
data\spectrogram_dataset\train\House-Sparrow\House-Sparrow-36.png,House-Sparrow
data\spectrogram_dataset\train\House-Sparrow\House-Sparrow-37.png,House-Sparrow
data\spectrogram_dataset\train\House-Sparrow\House-Sparrow-38.png,House-Sparrow
data\spectrogram_dataset\train\House-Sparrow\House-Sparrow-39.png,House-Sparrow
data\spectrogram_dataset\train\House-Sparrow\House-Sparrow-4.png,House-Sparrow
data\spectrogram_dataset\train\House-Sparrow\House-Sparrow-40.png,House-Sparrow
data\spectrogram_dataset\train\House-Sparrow\House-Sparrow-41.png,House-Sparrow
data\spectrogram_dataset\train\House-Sparrow\House-Sparrow-42.png,House-Sparrow
data\spectrogram_dataset\train\House-Sparrow\House-Sparrow-43.png,House-Sparrow
data\spectrogram_dataset\train\House-Sparrow\House-Sparrow-44.png,House-Sparrow
data\spectrogram_dataset\train\House-Sparrow\House-Sparrow-45.png,House-Sparrow
data\spectrogram_dataset\train\House-Sparrow\House-Sparrow-46.png,House-Sparrow
data\spectrogram_dataset\train\House-Sparrow\House-Sparrow-47.png,House-Sparrow
data\spectrogram_dataset\train\House-Sparrow\House-Sparrow-48.png,House-Sparrow
data\spectrogram_dataset\train\House-Sparrow\House-Sparrow-49.png,House-Sparrow
data\spectrogram_dataset\train\House-Sparrow\House-Sparrow-5.png,House-Sparrow
data\spectrogram_dataset\train\House-Sparrow\House-Sparrow-50.png,House-Sparrow
data\spectrogram_dataset\train\House-Sparrow\House-Sparrow-51.png,House-Sparrow
data\spectrogram_dataset\train\House-Sparrow\House-Sparrow-52.png,House-Sparrow
data\spectrogram_dataset\train\House-Sparrow\House-Sparrow-53.png,House-Sparrow
data\spectrogram_dataset\train\House-Sparrow\House-Sparrow-54.png,House-Sparrow
data\spectrogram_dataset\train\House-Sparrow\House-Sparrow-55.png,House-Sparrow
data\spectrogram_dataset\train\House-Sparrow\House-Sparrow-56.png,House-Sparrow
data\spectrogram_dataset\train\House-Sparrow\House-Sparrow-57.png,House-Sparrow
data\spectrogram_dataset\train\House-Sparrow\House-Sparrow-58.png,House-Sparrow
data\spectrogram_dataset\train\House-Sparrow\House-Sparrow-59.png,House-Sparrow
data\spectrogram_dataset\train\House-Sparrow\House-Sparrow-6.png,House-Sparrow
data\spectrogram_dataset\train\House-Sparrow\House-Sparrow-60.png,House-Sparrow
data\spectrogram_dataset\train\House-Sparrow\House-Sparrow-61.png,House-Sparrow
data\spectrogram_dataset\train\House-Sparrow\House-Sparrow-62.png,House-Sparrow
data\spectrogram_dataset\train\House-Sparrow\House-Sparrow-63.png,House-Sparrow
data\spectrogram_dataset\train\House-Sparrow\House-Sparrow-64.png,House-Sparrow
data\spectrogram_dataset\train\House-Sparrow\House-Sparrow-65.png,House-Sparrow
data\spectrogram_dataset\train\House-Sparrow\House-Sparrow-66.png,House-Sparrow
data\spectrogram_dataset\train\House-Sparrow\House-Sparrow-67.png,House-Sparrow
data\spectrogram_dataset\train\House-Sparrow\House-Sparrow-68.png,House-Sparrow
data\spectrogram_dataset\train\House-Sparrow\House-Sparrow-69.png,House-Sparrow
data\spectrogram_dataset\train\House-Sparrow\House-Sparrow-7.png,House-Sparrow
data\spectrogram_dataset\train\House-Sparrow\House-Sparrow-70.png,House-Sparrow
data\spectrogram_dataset\train\House-Sparrow\House-Sparrow-71.png,House-Sparrow
data\spectrogram_dataset\train\House-Sparrow\House-Sparrow-72.png,House-Sparrow
data\spectrogram_dataset\train\House-Sparrow\House-Sparrow-73.png,House-Sparrow
data\spectrogram_dataset\train\House-Sparrow\House-Sparrow-74.png,House-Sparrow
data\spectrogram_dataset\train\House-Sparrow\House-Sparrow-75.png,House-Sparrow
data\spectrogram_dataset\train\House-Sparrow\House-Sparrow-76.png,House-Sparrow
data\spectrogram_dataset\train\House-Sparrow\House-Sparrow-77.png,House-Sparrow
data\spectrogram_dataset\train\House-Sparrow\House-Sparrow-78.png,House-Sparrow
data\spectrogram_dataset\train\House-Sparrow\House-Sparrow-79.png,House-Sparrow
data\spectrogram_dataset\train\House-Sparrow\House-Sparrow-8.png,House-Sparrow
data\spectrogram_dataset\train\House-Sparrow\House-Sparrow-80.png,House-Sparrow
data\spectrogram_dataset\train\House-Sparrow\House-Sparrow-81.png,House-Sparrow
data\spectrogram_dataset\train\House-Sparrow\House-Sparrow-82.png,House-Sparrow
data\spectrogram_dataset\train\House-Sparrow\House-Sparrow-83.png,House-Sparrow
data\spectrogram_dataset\train\House-Sparrow\House-Sparrow-84.png,House-Sparrow
data\spectrogram_dataset\train\House-Sparrow\House-Sparrow-85.png,House-Sparrow
data\spectrogram_dataset\train\House-Sparrow\House-Sparrow-86.png,House-Sparrow
data\spectrogram_dataset\train\House-Sparrow\House-Sparrow-87.png,House-Sparrow
data\spectrogram_dataset\train\House-Sparrow\House-Sparrow-88.png,House-Sparrow
data\spectrogram_dataset\train\House-Sparrow\House-Sparrow-89.png,House-Sparrow
data\spectrogram_dataset\train\House-Sparrow\House-Sparrow-9.png,House-Sparrow
data\spectrogram_dataset\train\House-Sparrow\House-Sparrow-90.png,House-Sparrow
data\spectrogram_dataset\train\House-Sparrow\House-Sparrow-91.png,House-Sparrow
data\spectrogram_dataset\train\House-Sparrow\House-Sparrow-92.png,House-Sparrow
data\spectrogram_dataset\train\House-Sparrow\House-Sparrow-93.png,House-Sparrow
data\spectrogram_dataset\train\House-Sparrow\House-Sparrow-94.png,House-Sparrow
data\spectrogram_dataset\train\House-Sparrow\House-Sparrow-95.png,House-Sparrow
data\spectrogram_dataset\train\House-Sparrow\House-Sparrow-96.png,House-Sparrow
data\spectrogram_dataset\train\House-Sparrow\House-Sparrow-97.png,House-Sparrow
data\spectrogram_dataset\train\House-Sparrow\House-Sparrow-98.png,House-Sparrow
data\spectrogram_dataset\train\House-Sparrow\House-Sparrow-99.png,House-Sparrow
data\spectrogram_dataset\train\Indian-Spotted-Eagle\Indian-Spotted-Eagle-0.png,Indian-Spotted-Eagle
data\spectrogram_dataset\train\Indian-Spotted-Eagle\Indian-Spotted-Eagle-1.png,Indian-Spotted-Eagle
data\spectrogram_dataset\train\Indian-Spotted-Eagle\Indian-Spotted-Eagle-10.png,Indian-Spotted-Eagle
data\spectrogram_dataset\train\Indian-Spotted-Eagle\Indian-Spotted-Eagle-11.png,Indian-Spotted-Eagle
data\spectrogram_dataset\train\Indian-Spotted-Eagle\Indian-Spotted-Eagle-12.png,Indian-Spotted-Eagle
data\spectrogram_dataset\train\Indian-Spotted-Eagle\Indian-Spotted-Eagle-13.png,Indian-Spotted-Eagle
data\spectrogram_dataset\train\Indian-Spotted-Eagle\Indian-Spotted-Eagle-2.png,Indian-Spotted-Eagle
data\spectrogram_dataset\train\Indian-Spotted-Eagle\Indian-Spotted-Eagle-3.png,Indian-Spotted-Eagle
data\spectrogram_dataset\train\Indian-Spotted-Eagle\Indian-Spotted-Eagle-4.png,Indian-Spotted-Eagle
data\spectrogram_dataset\train\Indian-Spotted-Eagle\Indian-Spotted-Eagle-5.png,Indian-Spotted-Eagle
data\spectrogram_dataset\train\Indian-Spotted-Eagle\Indian-Spotted-Eagle-6.png,Indian-Spotted-Eagle
data\spectrogram_dataset\train\Indian-Spotted-Eagle\Indian-Spotted-Eagle-7.png,Indian-Spotted-Eagle
data\spectrogram_dataset\train\Indian-Spotted-Eagle\Indian-Spotted-Eagle-8.png,Indian-Spotted-Eagle
data\spectrogram_dataset\train\Indian-Spotted-Eagle\Indian-Spotted-Eagle-9.png,Indian-Spotted-Eagle
data\spectrogram_dataset\train\Jerdon_s-Babbler\Jerdon_s-Babbler-0.png,Jerdon_s-Babbler
data\spectrogram_dataset\train\Jerdon_s-Babbler\Jerdon_s-Babbler-1.png,Jerdon_s-Babbler
data\spectrogram_dataset\train\Jerdon_s-Babbler\Jerdon_s-Babbler-10.png,Jerdon_s-Babbler
data\spectrogram_dataset\train\Jerdon_s-Babbler\Jerdon_s-Babbler-11.png,Jerdon_s-Babbler
data\spectrogram_dataset\train\Jerdon_s-Babbler\Jerdon_s-Babbler-12.png,Jerdon_s-Babbler
data\spectrogram_dataset\train\Jerdon_s-Babbler\Jerdon_s-Babbler-13.png,Jerdon_s-Babbler
data\spectrogram_dataset\train\Jerdon_s-Babbler\Jerdon_s-Babbler-14.png,Jerdon_s-Babbler
data\spectrogram_dataset\train\Jerdon_s-Babbler\Jerdon_s-Babbler-15.png,Jerdon_s-Babbler
data\spectrogram_dataset\train\Jerdon_s-Babbler\Jerdon_s-Babbler-16.png,Jerdon_s-Babbler
data\spectrogram_dataset\train\Jerdon_s-Babbler\Jerdon_s-Babbler-17.png,Jerdon_s-Babbler
data\spectrogram_dataset\train\Jerdon_s-Babbler\Jerdon_s-Babbler-18.png,Jerdon_s-Babbler
data\spectrogram_dataset\train\Jerdon_s-Babbler\Jerdon_s-Babbler-19.png,Jerdon_s-Babbler
data\spectrogram_dataset\train\Jerdon_s-Babbler\Jerdon_s-Babbler-2.png,Jerdon_s-Babbler
data\spectrogram_dataset\train\Jerdon_s-Babbler\Jerdon_s-Babbler-20.png,Jerdon_s-Babbler
data\spectrogram_dataset\train\Jerdon_s-Babbler\Jerdon_s-Babbler-21.png,Jerdon_s-Babbler
data\spectrogram_dataset\train\Jerdon_s-Babbler\Jerdon_s-Babbler-22.png,Jerdon_s-Babbler
data\spectrogram_dataset\train\Jerdon_s-Babbler\Jerdon_s-Babbler-23.png,Jerdon_s-Babbler
data\spectrogram_dataset\train\Jerdon_s-Babbler\Jerdon_s-Babbler-24.png,Jerdon_s-Babbler
data\spectrogram_dataset\train\Jerdon_s-Babbler\Jerdon_s-Babbler-25.png,Jerdon_s-Babbler
data\spectrogram_dataset\train\Jerdon_s-Babbler\Jerdon_s-Babbler-26.png,Jerdon_s-Babbler
data\spectrogram_dataset\train\Jerdon_s-Babbler\Jerdon_s-Babbler-27.png,Jerdon_s-Babbler
data\spectrogram_dataset\train\Jerdon_s-Babbler\Jerdon_s-Babbler-28.png,Jerdon_s-Babbler
data\spectrogram_dataset\train\Jerdon_s-Babbler\Jerdon_s-Babbler-29.png,Jerdon_s-Babbler
data\spectrogram_dataset\train\Jerdon_s-Babbler\Jerdon_s-Babbler-3.png,Jerdon_s-Babbler
data\spectrogram_dataset\train\Jerdon_s-Babbler\Jerdon_s-Babbler-30.png,Jerdon_s-Babbler
data\spectrogram_dataset\train\Jerdon_s-Babbler\Jerdon_s-Babbler-31.png,Jerdon_s-Babbler
data\spectrogram_dataset\train\Jerdon_s-Babbler\Jerdon_s-Babbler-4.png,Jerdon_s-Babbler
data\spectrogram_dataset\train\Jerdon_s-Babbler\Jerdon_s-Babbler-5.png,Jerdon_s-Babbler
data\spectrogram_dataset\train\Jerdon_s-Babbler\Jerdon_s-Babbler-6.png,Jerdon_s-Babbler
data\spectrogram_dataset\train\Jerdon_s-Babbler\Jerdon_s-Babbler-7.png,Jerdon_s-Babbler
data\spectrogram_dataset\train\Jerdon_s-Babbler\Jerdon_s-Babbler-8.png,Jerdon_s-Babbler
data\spectrogram_dataset\train\Jerdon_s-Babbler\Jerdon_s-Babbler-9.png,Jerdon_s-Babbler
data\spectrogram_dataset\train\Kashmir-Flycatcher\Kashmir-Flycatcher-0.png,Kashmir-Flycatcher
data\spectrogram_dataset\train\Kashmir-Flycatcher\Kashmir-Flycatcher-1.png,Kashmir-Flycatcher
data\spectrogram_dataset\train\Kashmir-Flycatcher\Kashmir-Flycatcher-10.png,Kashmir-Flycatcher
data\spectrogram_dataset\train\Kashmir-Flycatcher\Kashmir-Flycatcher-11.png,Kashmir-Flycatcher
data\spectrogram_dataset\train\Kashmir-Flycatcher\Kashmir-Flycatcher-12.png,Kashmir-Flycatcher
data\spectrogram_dataset\train\Kashmir-Flycatcher\Kashmir-Flycatcher-13.png,Kashmir-Flycatcher
data\spectrogram_dataset\train\Kashmir-Flycatcher\Kashmir-Flycatcher-14.png,Kashmir-Flycatcher
data\spectrogram_dataset\train\Kashmir-Flycatcher\Kashmir-Flycatcher-15.png,Kashmir-Flycatcher
data\spectrogram_dataset\train\Kashmir-Flycatcher\Kashmir-Flycatcher-16.png,Kashmir-Flycatcher
data\spectrogram_dataset\train\Kashmir-Flycatcher\Kashmir-Flycatcher-17.png,Kashmir-Flycatcher
data\spectrogram_dataset\train\Kashmir-Flycatcher\Kashmir-Flycatcher-18.png,Kashmir-Flycatcher
data\spectrogram_dataset\train\Kashmir-Flycatcher\Kashmir-Flycatcher-19.png,Kashmir-Flycatcher
data\spectrogram_dataset\train\Kashmir-Flycatcher\Kashmir-Flycatcher-2.png,Kashmir-Flycatcher
data\spectrogram_dataset\train\Kashmir-Flycatcher\Kashmir-Flycatcher-20.png,Kashmir-Flycatcher
data\spectrogram_dataset\train\Kashmir-Flycatcher\Kashmir-Flycatcher-21.png,Kashmir-Flycatcher
data\spectrogram_dataset\train\Kashmir-Flycatcher\Kashmir-Flycatcher-22.png,Kashmir-Flycatcher
data\spectrogram_dataset\train\Kashmir-Flycatcher\Kashmir-Flycatcher-23.png,Kashmir-Flycatcher
data\spectrogram_dataset\train\Kashmir-Flycatcher\Kashmir-Flycatcher-24.png,Kashmir-Flycatcher
data\spectrogram_dataset\train\Kashmir-Flycatcher\Kashmir-Flycatcher-25.png,Kashmir-Flycatcher
data\spectrogram_dataset\train\Kashmir-Flycatcher\Kashmir-Flycatcher-26.png,Kashmir-Flycatcher
data\spectrogram_dataset\train\Kashmir-Flycatcher\Kashmir-Flycatcher-27.png,Kashmir-Flycatcher
data\spectrogram_dataset\train\Kashmir-Flycatcher\Kashmir-Flycatcher-28.png,Kashmir-Flycatcher
data\spectrogram_dataset\train\Kashmir-Flycatcher\Kashmir-Flycatcher-29.png,Kashmir-Flycatcher
data\spectrogram_dataset\train\Kashmir-Flycatcher\Kashmir-Flycatcher-3.png,Kashmir-Flycatcher
data\spectrogram_dataset\train\Kashmir-Flycatcher\Kashmir-Flycatcher-30.png,Kashmir-Flycatcher
data\spectrogram_dataset\train\Kashmir-Flycatcher\Kashmir-Flycatcher-31.png,Kashmir-Flycatcher
data\spectrogram_dataset\train\Kashmir-Flycatcher\Kashmir-Flycatcher-32.png,Kashmir-Flycatcher
data\spectrogram_dataset\train\Kashmir-Flycatcher\Kashmir-Flycatcher-33.png,Kashmir-Flycatcher
data\spectrogram_dataset\train\Kashmir-Flycatcher\Kashmir-Flycatcher-34.png,Kashmir-Flycatcher
data\spectrogram_dataset\train\Kashmir-Flycatcher\Kashmir-Flycatcher-35.png,Kashmir-Flycatcher
data\spectrogram_dataset\train\Kashmir-Flycatcher\Kashmir-Flycatcher-36.png,Kashmir-Flycatcher
data\spectrogram_dataset\train\Kashmir-Flycatcher\Kashmir-Flycatcher-37.png,Kashmir-Flycatcher
data\spectrogram_dataset\train\Kashmir-Flycatcher\Kashmir-Flycatcher-38.png,Kashmir-Flycatcher
data\spectrogram_dataset\train\Kashmir-Flycatcher\Kashmir-Flycatcher-39.png,Kashmir-Flycatcher
data\spectrogram_dataset\train\Kashmir-Flycatcher\Kashmir-Flycatcher-4.png,Kashmir-Flycatcher
data\spectrogram_dataset\train\Kashmir-Flycatcher\Kashmir-Flycatcher-40.png,Kashmir-Flycatcher
data\spectrogram_dataset\train\Kashmir-Flycatcher\Kashmir-Flycatcher-41.png,Kashmir-Flycatcher
data\spectrogram_dataset\train\Kashmir-Flycatcher\Kashmir-Flycatcher-5.png,Kashmir-Flycatcher
data\spectrogram_dataset\train\Kashmir-Flycatcher\Kashmir-Flycatcher-6.png,Kashmir-Flycatcher
data\spectrogram_dataset\train\Kashmir-Flycatcher\Kashmir-Flycatcher-7.png,Kashmir-Flycatcher
data\spectrogram_dataset\train\Kashmir-Flycatcher\Kashmir-Flycatcher-8.png,Kashmir-Flycatcher
data\spectrogram_dataset\train\Kashmir-Flycatcher\Kashmir-Flycatcher-9.png,Kashmir-Flycatcher
data\spectrogram_dataset\train\Long-tailed-Duck\Long-tailed-Duck-0.png,Long-tailed-Duck
data\spectrogram_dataset\train\Long-tailed-Duck\Long-tailed-Duck-1.png,Long-tailed-Duck
data\spectrogram_dataset\train\Long-tailed-Duck\Long-tailed-Duck-10.png,Long-tailed-Duck
data\spectrogram_dataset\train\Long-tailed-Duck\Long-tailed-Duck-100.png,Long-tailed-Duck
data\spectrogram_dataset\train\Long-tailed-Duck\Long-tailed-Duck-101.png,Long-tailed-Duck
data\spectrogram_dataset\train\Long-tailed-Duck\Long-tailed-Duck-102.png,Long-tailed-Duck
data\spectrogram_dataset\train\Long-tailed-Duck\Long-tailed-Duck-103.png,Long-tailed-Duck
data\spectrogram_dataset\train\Long-tailed-Duck\Long-tailed-Duck-104.png,Long-tailed-Duck
data\spectrogram_dataset\train\Long-tailed-Duck\Long-tailed-Duck-105.png,Long-tailed-Duck
data\spectrogram_dataset\train\Long-tailed-Duck\Long-tailed-Duck-106.png,Long-tailed-Duck
data\spectrogram_dataset\train\Long-tailed-Duck\Long-tailed-Duck-107.png,Long-tailed-Duck
data\spectrogram_dataset\train\Long-tailed-Duck\Long-tailed-Duck-108.png,Long-tailed-Duck
data\spectrogram_dataset\train\Long-tailed-Duck\Long-tailed-Duck-109.png,Long-tailed-Duck
data\spectrogram_dataset\train\Long-tailed-Duck\Long-tailed-Duck-11.png,Long-tailed-Duck
data\spectrogram_dataset\train\Long-tailed-Duck\Long-tailed-Duck-110.png,Long-tailed-Duck
data\spectrogram_dataset\train\Long-tailed-Duck\Long-tailed-Duck-111.png,Long-tailed-Duck
data\spectrogram_dataset\train\Long-tailed-Duck\Long-tailed-Duck-112.png,Long-tailed-Duck
data\spectrogram_dataset\train\Long-tailed-Duck\Long-tailed-Duck-113.png,Long-tailed-Duck
data\spectrogram_dataset\train\Long-tailed-Duck\Long-tailed-Duck-114.png,Long-tailed-Duck
data\spectrogram_dataset\train\Long-tailed-Duck\Long-tailed-Duck-115.png,Long-tailed-Duck
data\spectrogram_dataset\train\Long-tailed-Duck\Long-tailed-Duck-116.png,Long-tailed-Duck
data\spectrogram_dataset\train\Long-tailed-Duck\Long-tailed-Duck-117.png,Long-tailed-Duck
data\spectrogram_dataset\train\Long-tailed-Duck\Long-tailed-Duck-118.png,Long-tailed-Duck
data\spectrogram_dataset\train\Long-tailed-Duck\Long-tailed-Duck-119.png,Long-tailed-Duck
data\spectrogram_dataset\train\Long-tailed-Duck\Long-tailed-Duck-12.png,Long-tailed-Duck
data\spectrogram_dataset\train\Long-tailed-Duck\Long-tailed-Duck-120.png,Long-tailed-Duck
data\spectrogram_dataset\train\Long-tailed-Duck\Long-tailed-Duck-121.png,Long-tailed-Duck
data\spectrogram_dataset\train\Long-tailed-Duck\Long-tailed-Duck-122.png,Long-tailed-Duck
data\spectrogram_dataset\train\Long-tailed-Duck\Long-tailed-Duck-123.png,Long-tailed-Duck
data\spectrogram_dataset\train\Long-tailed-Duck\Long-tailed-Duck-124.png,Long-tailed-Duck
data\spectrogram_dataset\train\Long-tailed-Duck\Long-tailed-Duck-125.png,Long-tailed-Duck
data\spectrogram_dataset\train\Long-tailed-Duck\Long-tailed-Duck-126.png,Long-tailed-Duck
data\spectrogram_dataset\train\Long-tailed-Duck\Long-tailed-Duck-127.png,Long-tailed-Duck
data\spectrogram_dataset\train\Long-tailed-Duck\Long-tailed-Duck-128.png,Long-tailed-Duck
data\spectrogram_dataset\train\Long-tailed-Duck\Long-tailed-Duck-129.png,Long-tailed-Duck
data\spectrogram_dataset\train\Long-tailed-Duck\Long-tailed-Duck-13.png,Long-tailed-Duck
data\spectrogram_dataset\train\Long-tailed-Duck\Long-tailed-Duck-130.png,Long-tailed-Duck
data\spectrogram_dataset\train\Long-tailed-Duck\Long-tailed-Duck-131.png,Long-tailed-Duck
data\spectrogram_dataset\train\Long-tailed-Duck\Long-tailed-Duck-132.png,Long-tailed-Duck
data\spectrogram_dataset\train\Long-tailed-Duck\Long-tailed-Duck-133.png,Long-tailed-Duck
data\spectrogram_dataset\train\Long-tailed-Duck\Long-tailed-Duck-134.png,Long-tailed-Duck
data\spectrogram_dataset\train\Long-tailed-Duck\Long-tailed-Duck-135.png,Long-tailed-Duck
data\spectrogram_dataset\train\Long-tailed-Duck\Long-tailed-Duck-136.png,Long-tailed-Duck
data\spectrogram_dataset\train\Long-tailed-Duck\Long-tailed-Duck-137.png,Long-tailed-Duck
data\spectrogram_dataset\train\Long-tailed-Duck\Long-tailed-Duck-138.png,Long-tailed-Duck
data\spectrogram_dataset\train\Long-tailed-Duck\Long-tailed-Duck-139.png,Long-tailed-Duck
data\spectrogram_dataset\train\Long-tailed-Duck\Long-tailed-Duck-14.png,Long-tailed-Duck
data\spectrogram_dataset\train\Long-tailed-Duck\Long-tailed-Duck-140.png,Long-tailed-Duck
data\spectrogram_dataset\train\Long-tailed-Duck\Long-tailed-Duck-141.png,Long-tailed-Duck
data\spectrogram_dataset\train\Long-tailed-Duck\Long-tailed-Duck-142.png,Long-tailed-Duck
data\spectrogram_dataset\train\Long-tailed-Duck\Long-tailed-Duck-143.png,Long-tailed-Duck
data\spectrogram_dataset\train\Long-tailed-Duck\Long-tailed-Duck-144.png,Long-tailed-Duck
data\spectrogram_dataset\train\Long-tailed-Duck\Long-tailed-Duck-145.png,Long-tailed-Duck
data\spectrogram_dataset\train\Long-tailed-Duck\Long-tailed-Duck-146.png,Long-tailed-Duck
data\spectrogram_dataset\train\Long-tailed-Duck\Long-tailed-Duck-147.png,Long-tailed-Duck
data\spectrogram_dataset\train\Long-tailed-Duck\Long-tailed-Duck-148.png,Long-tailed-Duck
data\spectrogram_dataset\train\Long-tailed-Duck\Long-tailed-Duck-149.png,Long-tailed-Duck
data\spectrogram_dataset\train\Long-tailed-Duck\Long-tailed-Duck-15.png,Long-tailed-Duck
data\spectrogram_dataset\train\Long-tailed-Duck\Long-tailed-Duck-150.png,Long-tailed-Duck
data\spectrogram_dataset\train\Long-tailed-Duck\Long-tailed-Duck-151.png,Long-tailed-Duck
data\spectrogram_dataset\train\Long-tailed-Duck\Long-tailed-Duck-152.png,Long-tailed-Duck
data\spectrogram_dataset\train\Long-tailed-Duck\Long-tailed-Duck-153.png,Long-tailed-Duck
data\spectrogram_dataset\train\Long-tailed-Duck\Long-tailed-Duck-154.png,Long-tailed-Duck
data\spectrogram_dataset\train\Long-tailed-Duck\Long-tailed-Duck-155.png,Long-tailed-Duck
data\spectrogram_dataset\train\Long-tailed-Duck\Long-tailed-Duck-156.png,Long-tailed-Duck
data\spectrogram_dataset\train\Long-tailed-Duck\Long-tailed-Duck-157.png,Long-tailed-Duck
data\spectrogram_dataset\train\Long-tailed-Duck\Long-tailed-Duck-158.png,Long-tailed-Duck
data\spectrogram_dataset\train\Long-tailed-Duck\Long-tailed-Duck-159.png,Long-tailed-Duck
data\spectrogram_dataset\train\Long-tailed-Duck\Long-tailed-Duck-16.png,Long-tailed-Duck
data\spectrogram_dataset\train\Long-tailed-Duck\Long-tailed-Duck-160.png,Long-tailed-Duck
data\spectrogram_dataset\train\Long-tailed-Duck\Long-tailed-Duck-161.png,Long-tailed-Duck
data\spectrogram_dataset\train\Long-tailed-Duck\Long-tailed-Duck-162.png,Long-tailed-Duck
data\spectrogram_dataset\train\Long-tailed-Duck\Long-tailed-Duck-163.png,Long-tailed-Duck
data\spectrogram_dataset\train\Long-tailed-Duck\Long-tailed-Duck-164.png,Long-tailed-Duck
data\spectrogram_dataset\train\Long-tailed-Duck\Long-tailed-Duck-165.png,Long-tailed-Duck
data\spectrogram_dataset\train\Long-tailed-Duck\Long-tailed-Duck-166.png,Long-tailed-Duck
data\spectrogram_dataset\train\Long-tailed-Duck\Long-tailed-Duck-167.png,Long-tailed-Duck
data\spectrogram_dataset\train\Long-tailed-Duck\Long-tailed-Duck-168.png,Long-tailed-Duck
data\spectrogram_dataset\train\Long-tailed-Duck\Long-tailed-Duck-169.png,Long-tailed-Duck
data\spectrogram_dataset\train\Long-tailed-Duck\Long-tailed-Duck-17.png,Long-tailed-Duck
data\spectrogram_dataset\train\Long-tailed-Duck\Long-tailed-Duck-170.png,Long-tailed-Duck
data\spectrogram_dataset\train\Long-tailed-Duck\Long-tailed-Duck-171.png,Long-tailed-Duck
data\spectrogram_dataset\train\Long-tailed-Duck\Long-tailed-Duck-172.png,Long-tailed-Duck
data\spectrogram_dataset\train\Long-tailed-Duck\Long-tailed-Duck-173.png,Long-tailed-Duck
data\spectrogram_dataset\train\Long-tailed-Duck\Long-tailed-Duck-174.png,Long-tailed-Duck
data\spectrogram_dataset\train\Long-tailed-Duck\Long-tailed-Duck-175.png,Long-tailed-Duck
data\spectrogram_dataset\train\Long-tailed-Duck\Long-tailed-Duck-176.png,Long-tailed-Duck
data\spectrogram_dataset\train\Long-tailed-Duck\Long-tailed-Duck-177.png,Long-tailed-Duck
data\spectrogram_dataset\train\Long-tailed-Duck\Long-tailed-Duck-178.png,Long-tailed-Duck
data\spectrogram_dataset\train\Long-tailed-Duck\Long-tailed-Duck-18.png,Long-tailed-Duck
data\spectrogram_dataset\train\Long-tailed-Duck\Long-tailed-Duck-19.png,Long-tailed-Duck
data\spectrogram_dataset\train\Long-tailed-Duck\Long-tailed-Duck-2.png,Long-tailed-Duck
data\spectrogram_dataset\train\Long-tailed-Duck\Long-tailed-Duck-20.png,Long-tailed-Duck
data\spectrogram_dataset\train\Long-tailed-Duck\Long-tailed-Duck-21.png,Long-tailed-Duck
data\spectrogram_dataset\train\Long-tailed-Duck\Long-tailed-Duck-22.png,Long-tailed-Duck
data\spectrogram_dataset\train\Long-tailed-Duck\Long-tailed-Duck-23.png,Long-tailed-Duck
data\spectrogram_dataset\train\Long-tailed-Duck\Long-tailed-Duck-24.png,Long-tailed-Duck
data\spectrogram_dataset\train\Long-tailed-Duck\Long-tailed-Duck-25.png,Long-tailed-Duck
data\spectrogram_dataset\train\Long-tailed-Duck\Long-tailed-Duck-26.png,Long-tailed-Duck
data\spectrogram_dataset\train\Long-tailed-Duck\Long-tailed-Duck-27.png,Long-tailed-Duck
data\spectrogram_dataset\train\Long-tailed-Duck\Long-tailed-Duck-28.png,Long-tailed-Duck
data\spectrogram_dataset\train\Long-tailed-Duck\Long-tailed-Duck-29.png,Long-tailed-Duck
data\spectrogram_dataset\train\Long-tailed-Duck\Long-tailed-Duck-3.png,Long-tailed-Duck
data\spectrogram_dataset\train\Long-tailed-Duck\Long-tailed-Duck-30.png,Long-tailed-Duck
data\spectrogram_dataset\train\Long-tailed-Duck\Long-tailed-Duck-31.png,Long-tailed-Duck
data\spectrogram_dataset\train\Long-tailed-Duck\Long-tailed-Duck-32.png,Long-tailed-Duck
data\spectrogram_dataset\train\Long-tailed-Duck\Long-tailed-Duck-33.png,Long-tailed-Duck
data\spectrogram_dataset\train\Long-tailed-Duck\Long-tailed-Duck-34.png,Long-tailed-Duck
data\spectrogram_dataset\train\Long-tailed-Duck\Long-tailed-Duck-35.png,Long-tailed-Duck
data\spectrogram_dataset\train\Long-tailed-Duck\Long-tailed-Duck-36.png,Long-tailed-Duck
data\spectrogram_dataset\train\Long-tailed-Duck\Long-tailed-Duck-37.png,Long-tailed-Duck
data\spectrogram_dataset\train\Long-tailed-Duck\Long-tailed-Duck-38.png,Long-tailed-Duck
data\spectrogram_dataset\train\Long-tailed-Duck\Long-tailed-Duck-39.png,Long-tailed-Duck
data\spectrogram_dataset\train\Long-tailed-Duck\Long-tailed-Duck-4.png,Long-tailed-Duck
data\spectrogram_dataset\train\Long-tailed-Duck\Long-tailed-Duck-40.png,Long-tailed-Duck
data\spectrogram_dataset\train\Long-tailed-Duck\Long-tailed-Duck-41.png,Long-tailed-Duck
data\spectrogram_dataset\train\Long-tailed-Duck\Long-tailed-Duck-42.png,Long-tailed-Duck
data\spectrogram_dataset\train\Long-tailed-Duck\Long-tailed-Duck-43.png,Long-tailed-Duck
data\spectrogram_dataset\train\Long-tailed-Duck\Long-tailed-Duck-44.png,Long-tailed-Duck
data\spectrogram_dataset\train\Long-tailed-Duck\Long-tailed-Duck-45.png,Long-tailed-Duck
data\spectrogram_dataset\train\Long-tailed-Duck\Long-tailed-Duck-46.png,Long-tailed-Duck
data\spectrogram_dataset\train\Long-tailed-Duck\Long-tailed-Duck-47.png,Long-tailed-Duck
data\spectrogram_dataset\train\Long-tailed-Duck\Long-tailed-Duck-48.png,Long-tailed-Duck
data\spectrogram_dataset\train\Long-tailed-Duck\Long-tailed-Duck-49.png,Long-tailed-Duck
data\spectrogram_dataset\train\Long-tailed-Duck\Long-tailed-Duck-5.png,Long-tailed-Duck
data\spectrogram_dataset\train\Long-tailed-Duck\Long-tailed-Duck-50.png,Long-tailed-Duck
data\spectrogram_dataset\train\Long-tailed-Duck\Long-tailed-Duck-51.png,Long-tailed-Duck
data\spectrogram_dataset\train\Long-tailed-Duck\Long-tailed-Duck-52.png,Long-tailed-Duck
data\spectrogram_dataset\train\Long-tailed-Duck\Long-tailed-Duck-53.png,Long-tailed-Duck
data\spectrogram_dataset\train\Long-tailed-Duck\Long-tailed-Duck-54.png,Long-tailed-Duck
data\spectrogram_dataset\train\Long-tailed-Duck\Long-tailed-Duck-55.png,Long-tailed-Duck
data\spectrogram_dataset\train\Long-tailed-Duck\Long-tailed-Duck-56.png,Long-tailed-Duck
data\spectrogram_dataset\train\Long-tailed-Duck\Long-tailed-Duck-57.png,Long-tailed-Duck
data\spectrogram_dataset\train\Long-tailed-Duck\Long-tailed-Duck-58.png,Long-tailed-Duck
data\spectrogram_dataset\train\Long-tailed-Duck\Long-tailed-Duck-59.png,Long-tailed-Duck
data\spectrogram_dataset\train\Long-tailed-Duck\Long-tailed-Duck-6.png,Long-tailed-Duck
data\spectrogram_dataset\train\Long-tailed-Duck\Long-tailed-Duck-60.png,Long-tailed-Duck
data\spectrogram_dataset\train\Long-tailed-Duck\Long-tailed-Duck-61.png,Long-tailed-Duck
data\spectrogram_dataset\train\Long-tailed-Duck\Long-tailed-Duck-62.png,Long-tailed-Duck
data\spectrogram_dataset\train\Long-tailed-Duck\Long-tailed-Duck-63.png,Long-tailed-Duck
data\spectrogram_dataset\train\Long-tailed-Duck\Long-tailed-Duck-64.png,Long-tailed-Duck
data\spectrogram_dataset\train\Long-tailed-Duck\Long-tailed-Duck-65.png,Long-tailed-Duck
data\spectrogram_dataset\train\Long-tailed-Duck\Long-tailed-Duck-66.png,Long-tailed-Duck
data\spectrogram_dataset\train\Long-tailed-Duck\Long-tailed-Duck-67.png,Long-tailed-Duck
data\spectrogram_dataset\train\Long-tailed-Duck\Long-tailed-Duck-68.png,Long-tailed-Duck
data\spectrogram_dataset\train\Long-tailed-Duck\Long-tailed-Duck-69.png,Long-tailed-Duck
data\spectrogram_dataset\train\Long-tailed-Duck\Long-tailed-Duck-7.png,Long-tailed-Duck
data\spectrogram_dataset\train\Long-tailed-Duck\Long-tailed-Duck-70.png,Long-tailed-Duck
data\spectrogram_dataset\train\Long-tailed-Duck\Long-tailed-Duck-71.png,Long-tailed-Duck
data\spectrogram_dataset\train\Long-tailed-Duck\Long-tailed-Duck-72.png,Long-tailed-Duck
data\spectrogram_dataset\train\Long-tailed-Duck\Long-tailed-Duck-73.png,Long-tailed-Duck
data\spectrogram_dataset\train\Long-tailed-Duck\Long-tailed-Duck-74.png,Long-tailed-Duck
data\spectrogram_dataset\train\Long-tailed-Duck\Long-tailed-Duck-75.png,Long-tailed-Duck
data\spectrogram_dataset\train\Long-tailed-Duck\Long-tailed-Duck-76.png,Long-tailed-Duck
data\spectrogram_dataset\train\Long-tailed-Duck\Long-tailed-Duck-77.png,Long-tailed-Duck
data\spectrogram_dataset\train\Long-tailed-Duck\Long-tailed-Duck-78.png,Long-tailed-Duck
data\spectrogram_dataset\train\Long-tailed-Duck\Long-tailed-Duck-79.png,Long-tailed-Duck
data\spectrogram_dataset\train\Long-tailed-Duck\Long-tailed-Duck-8.png,Long-tailed-Duck
data\spectrogram_dataset\train\Long-tailed-Duck\Long-tailed-Duck-80.png,Long-tailed-Duck
data\spectrogram_dataset\train\Long-tailed-Duck\Long-tailed-Duck-81.png,Long-tailed-Duck
data\spectrogram_dataset\train\Long-tailed-Duck\Long-tailed-Duck-82.png,Long-tailed-Duck
data\spectrogram_dataset\train\Long-tailed-Duck\Long-tailed-Duck-83.png,Long-tailed-Duck
data\spectrogram_dataset\train\Long-tailed-Duck\Long-tailed-Duck-84.png,Long-tailed-Duck
data\spectrogram_dataset\train\Long-tailed-Duck\Long-tailed-Duck-85.png,Long-tailed-Duck
data\spectrogram_dataset\train\Long-tailed-Duck\Long-tailed-Duck-86.png,Long-tailed-Duck
data\spectrogram_dataset\train\Long-tailed-Duck\Long-tailed-Duck-87.png,Long-tailed-Duck
data\spectrogram_dataset\train\Long-tailed-Duck\Long-tailed-Duck-88.png,Long-tailed-Duck
data\spectrogram_dataset\train\Long-tailed-Duck\Long-tailed-Duck-89.png,Long-tailed-Duck
data\spectrogram_dataset\train\Long-tailed-Duck\Long-tailed-Duck-9.png,Long-tailed-Duck
data\spectrogram_dataset\train\Long-tailed-Duck\Long-tailed-Duck-90.png,Long-tailed-Duck
data\spectrogram_dataset\train\Long-tailed-Duck\Long-tailed-Duck-91.png,Long-tailed-Duck
data\spectrogram_dataset\train\Long-tailed-Duck\Long-tailed-Duck-92.png,Long-tailed-Duck
data\spectrogram_dataset\train\Long-tailed-Duck\Long-tailed-Duck-93.png,Long-tailed-Duck
data\spectrogram_dataset\train\Long-tailed-Duck\Long-tailed-Duck-94.png,Long-tailed-Duck
data\spectrogram_dataset\train\Long-tailed-Duck\Long-tailed-Duck-95.png,Long-tailed-Duck
data\spectrogram_dataset\train\Long-tailed-Duck\Long-tailed-Duck-96.png,Long-tailed-Duck
data\spectrogram_dataset\train\Long-tailed-Duck\Long-tailed-Duck-97.png,Long-tailed-Duck
data\spectrogram_dataset\train\Long-tailed-Duck\Long-tailed-Duck-98.png,Long-tailed-Duck
data\spectrogram_dataset\train\Long-tailed-Duck\Long-tailed-Duck-99.png,Long-tailed-Duck
data\spectrogram_dataset\train\Red-billed-Blue-Magpie\Red-billed-Blue-Magpie-0.png,Red-billed-Blue-Magpie
data\spectrogram_dataset\train\Red-billed-Blue-Magpie\Red-billed-Blue-Magpie-1.png,Red-billed-Blue-Magpie
data\spectrogram_dataset\train\Red-billed-Blue-Magpie\Red-billed-Blue-Magpie-10.png,Red-billed-Blue-Magpie
data\spectrogram_dataset\train\Red-billed-Blue-Magpie\Red-billed-Blue-Magpie-100.png,Red-billed-Blue-Magpie
data\spectrogram_dataset\train\Red-billed-Blue-Magpie\Red-billed-Blue-Magpie-101.png,Red-billed-Blue-Magpie
data\spectrogram_dataset\train\Red-billed-Blue-Magpie\Red-billed-Blue-Magpie-102.png,Red-billed-Blue-Magpie
data\spectrogram_dataset\train\Red-billed-Blue-Magpie\Red-billed-Blue-Magpie-103.png,Red-billed-Blue-Magpie
data\spectrogram_dataset\train\Red-billed-Blue-Magpie\Red-billed-Blue-Magpie-104.png,Red-billed-Blue-Magpie
data\spectrogram_dataset\train\Red-billed-Blue-Magpie\Red-billed-Blue-Magpie-105.png,Red-billed-Blue-Magpie
data\spectrogram_dataset\train\Red-billed-Blue-Magpie\Red-billed-Blue-Magpie-106.png,Red-billed-Blue-Magpie
data\spectrogram_dataset\train\Red-billed-Blue-Magpie\Red-billed-Blue-Magpie-107.png,Red-billed-Blue-Magpie
data\spectrogram_dataset\train\Red-billed-Blue-Magpie\Red-billed-Blue-Magpie-108.png,Red-billed-Blue-Magpie
data\spectrogram_dataset\train\Red-billed-Blue-Magpie\Red-billed-Blue-Magpie-109.png,Red-billed-Blue-Magpie
data\spectrogram_dataset\train\Red-billed-Blue-Magpie\Red-billed-Blue-Magpie-11.png,Red-billed-Blue-Magpie
data\spectrogram_dataset\train\Red-billed-Blue-Magpie\Red-billed-Blue-Magpie-110.png,Red-billed-Blue-Magpie
data\spectrogram_dataset\train\Red-billed-Blue-Magpie\Red-billed-Blue-Magpie-111.png,Red-billed-Blue-Magpie
data\spectrogram_dataset\train\Red-billed-Blue-Magpie\Red-billed-Blue-Magpie-112.png,Red-billed-Blue-Magpie
data\spectrogram_dataset\train\Red-billed-Blue-Magpie\Red-billed-Blue-Magpie-113.png,Red-billed-Blue-Magpie
data\spectrogram_dataset\train\Red-billed-Blue-Magpie\Red-billed-Blue-Magpie-114.png,Red-billed-Blue-Magpie
data\spectrogram_dataset\train\Red-billed-Blue-Magpie\Red-billed-Blue-Magpie-115.png,Red-billed-Blue-Magpie
data\spectrogram_dataset\train\Red-billed-Blue-Magpie\Red-billed-Blue-Magpie-116.png,Red-billed-Blue-Magpie
data\spectrogram_dataset\train\Red-billed-Blue-Magpie\Red-billed-Blue-Magpie-117.png,Red-billed-Blue-Magpie
data\spectrogram_dataset\train\Red-billed-Blue-Magpie\Red-billed-Blue-Magpie-118.png,Red-billed-Blue-Magpie
data\spectrogram_dataset\train\Red-billed-Blue-Magpie\Red-billed-Blue-Magpie-119.png,Red-billed-Blue-Magpie
data\spectrogram_dataset\train\Red-billed-Blue-Magpie\Red-billed-Blue-Magpie-12.png,Red-billed-Blue-Magpie
data\spectrogram_dataset\train\Red-billed-Blue-Magpie\Red-billed-Blue-Magpie-120.png,Red-billed-Blue-Magpie
data\spectrogram_dataset\train\Red-billed-Blue-Magpie\Red-billed-Blue-Magpie-121.png,Red-billed-Blue-Magpie
data\spectrogram_dataset\train\Red-billed-Blue-Magpie\Red-billed-Blue-Magpie-122.png,Red-billed-Blue-Magpie
data\spectrogram_dataset\train\Red-billed-Blue-Magpie\Red-billed-Blue-Magpie-123.png,Red-billed-Blue-Magpie
data\spectrogram_dataset\train\Red-billed-Blue-Magpie\Red-billed-Blue-Magpie-124.png,Red-billed-Blue-Magpie
data\spectrogram_dataset\train\Red-billed-Blue-Magpie\Red-billed-Blue-Magpie-125.png,Red-billed-Blue-Magpie
data\spectrogram_dataset\train\Red-billed-Blue-Magpie\Red-billed-Blue-Magpie-126.png,Red-billed-Blue-Magpie
data\spectrogram_dataset\train\Red-billed-Blue-Magpie\Red-billed-Blue-Magpie-127.png,Red-billed-Blue-Magpie
data\spectrogram_dataset\train\Red-billed-Blue-Magpie\Red-billed-Blue-Magpie-128.png,Red-billed-Blue-Magpie
data\spectrogram_dataset\train\Red-billed-Blue-Magpie\Red-billed-Blue-Magpie-129.png,Red-billed-Blue-Magpie
data\spectrogram_dataset\train\Red-billed-Blue-Magpie\Red-billed-Blue-Magpie-13.png,Red-billed-Blue-Magpie
data\spectrogram_dataset\train\Red-billed-Blue-Magpie\Red-billed-Blue-Magpie-130.png,Red-billed-Blue-Magpie
data\spectrogram_dataset\train\Red-billed-Blue-Magpie\Red-billed-Blue-Magpie-131.png,Red-billed-Blue-Magpie
data\spectrogram_dataset\train\Red-billed-Blue-Magpie\Red-billed-Blue-Magpie-132.png,Red-billed-Blue-Magpie
data\spectrogram_dataset\train\Red-billed-Blue-Magpie\Red-billed-Blue-Magpie-133.png,Red-billed-Blue-Magpie
data\spectrogram_dataset\train\Red-billed-Blue-Magpie\Red-billed-Blue-Magpie-134.png,Red-billed-Blue-Magpie
data\spectrogram_dataset\train\Red-billed-Blue-Magpie\Red-billed-Blue-Magpie-135.png,Red-billed-Blue-Magpie
data\spectrogram_dataset\train\Red-billed-Blue-Magpie\Red-billed-Blue-Magpie-136.png,Red-billed-Blue-Magpie
data\spectrogram_dataset\train\Red-billed-Blue-Magpie\Red-billed-Blue-Magpie-137.png,Red-billed-Blue-Magpie
data\spectrogram_dataset\train\Red-billed-Blue-Magpie\Red-billed-Blue-Magpie-138.png,Red-billed-Blue-Magpie
data\spectrogram_dataset\train\Red-billed-Blue-Magpie\Red-billed-Blue-Magpie-139.png,Red-billed-Blue-Magpie
data\spectrogram_dataset\train\Red-billed-Blue-Magpie\Red-billed-Blue-Magpie-14.png,Red-billed-Blue-Magpie
data\spectrogram_dataset\train\Red-billed-Blue-Magpie\Red-billed-Blue-Magpie-140.png,Red-billed-Blue-Magpie
data\spectrogram_dataset\train\Red-billed-Blue-Magpie\Red-billed-Blue-Magpie-141.png,Red-billed-Blue-Magpie
data\spectrogram_dataset\train\Red-billed-Blue-Magpie\Red-billed-Blue-Magpie-142.png,Red-billed-Blue-Magpie
data\spectrogram_dataset\train\Red-billed-Blue-Magpie\Red-billed-Blue-Magpie-143.png,Red-billed-Blue-Magpie
data\spectrogram_dataset\train\Red-billed-Blue-Magpie\Red-billed-Blue-Magpie-144.png,Red-billed-Blue-Magpie
data\spectrogram_dataset\train\Red-billed-Blue-Magpie\Red-billed-Blue-Magpie-145.png,Red-billed-Blue-Magpie
data\spectrogram_dataset\train\Red-billed-Blue-Magpie\Red-billed-Blue-Magpie-146.png,Red-billed-Blue-Magpie
data\spectrogram_dataset\train\Red-billed-Blue-Magpie\Red-billed-Blue-Magpie-147.png,Red-billed-Blue-Magpie
data\spectrogram_dataset\train\Red-billed-Blue-Magpie\Red-billed-Blue-Magpie-148.png,Red-billed-Blue-Magpie
data\spectrogram_dataset\train\Red-billed-Blue-Magpie\Red-billed-Blue-Magpie-149.png,Red-billed-Blue-Magpie
data\spectrogram_dataset\train\Red-billed-Blue-Magpie\Red-billed-Blue-Magpie-15.png,Red-billed-Blue-Magpie
data\spectrogram_dataset\train\Red-billed-Blue-Magpie\Red-billed-Blue-Magpie-150.png,Red-billed-Blue-Magpie
data\spectrogram_dataset\train\Red-billed-Blue-Magpie\Red-billed-Blue-Magpie-151.png,Red-billed-Blue-Magpie
data\spectrogram_dataset\train\Red-billed-Blue-Magpie\Red-billed-Blue-Magpie-152.png,Red-billed-Blue-Magpie
data\spectrogram_dataset\train\Red-billed-Blue-Magpie\Red-billed-Blue-Magpie-153.png,Red-billed-Blue-Magpie
data\spectrogram_dataset\train\Red-billed-Blue-Magpie\Red-billed-Blue-Magpie-154.png,Red-billed-Blue-Magpie
data\spectrogram_dataset\train\Red-billed-Blue-Magpie\Red-billed-Blue-Magpie-155.png,Red-billed-Blue-Magpie
data\spectrogram_dataset\train\Red-billed-Blue-Magpie\Red-billed-Blue-Magpie-156.png,Red-billed-Blue-Magpie
data\spectrogram_dataset\train\Red-billed-Blue-Magpie\Red-billed-Blue-Magpie-157.png,Red-billed-Blue-Magpie
data\spectrogram_dataset\train\Red-billed-Blue-Magpie\Red-billed-Blue-Magpie-158.png,Red-billed-Blue-Magpie
data\spectrogram_dataset\train\Red-billed-Blue-Magpie\Red-billed-Blue-Magpie-159.png,Red-billed-Blue-Magpie
data\spectrogram_dataset\train\Red-billed-Blue-Magpie\Red-billed-Blue-Magpie-16.png,Red-billed-Blue-Magpie
data\spectrogram_dataset\train\Red-billed-Blue-Magpie\Red-billed-Blue-Magpie-160.png,Red-billed-Blue-Magpie
data\spectrogram_dataset\train\Red-billed-Blue-Magpie\Red-billed-Blue-Magpie-161.png,Red-billed-Blue-Magpie
data\spectrogram_dataset\train\Red-billed-Blue-Magpie\Red-billed-Blue-Magpie-162.png,Red-billed-Blue-Magpie
data\spectrogram_dataset\train\Red-billed-Blue-Magpie\Red-billed-Blue-Magpie-163.png,Red-billed-Blue-Magpie
data\spectrogram_dataset\train\Red-billed-Blue-Magpie\Red-billed-Blue-Magpie-164.png,Red-billed-Blue-Magpie
data\spectrogram_dataset\train\Red-billed-Blue-Magpie\Red-billed-Blue-Magpie-165.png,Red-billed-Blue-Magpie
data\spectrogram_dataset\train\Red-billed-Blue-Magpie\Red-billed-Blue-Magpie-166.png,Red-billed-Blue-Magpie
data\spectrogram_dataset\train\Red-billed-Blue-Magpie\Red-billed-Blue-Magpie-167.png,Red-billed-Blue-Magpie
data\spectrogram_dataset\train\Red-billed-Blue-Magpie\Red-billed-Blue-Magpie-168.png,Red-billed-Blue-Magpie
data\spectrogram_dataset\train\Red-billed-Blue-Magpie\Red-billed-Blue-Magpie-169.png,Red-billed-Blue-Magpie
data\spectrogram_dataset\train\Red-billed-Blue-Magpie\Red-billed-Blue-Magpie-17.png,Red-billed-Blue-Magpie
data\spectrogram_dataset\train\Red-billed-Blue-Magpie\Red-billed-Blue-Magpie-18.png,Red-billed-Blue-Magpie
data\spectrogram_dataset\train\Red-billed-Blue-Magpie\Red-billed-Blue-Magpie-19.png,Red-billed-Blue-Magpie
data\spectrogram_dataset\train\Red-billed-Blue-Magpie\Red-billed-Blue-Magpie-2.png,Red-billed-Blue-Magpie
data\spectrogram_dataset\train\Red-billed-Blue-Magpie\Red-billed-Blue-Magpie-20.png,Red-billed-Blue-Magpie
data\spectrogram_dataset\train\Red-billed-Blue-Magpie\Red-billed-Blue-Magpie-21.png,Red-billed-Blue-Magpie
data\spectrogram_dataset\train\Red-billed-Blue-Magpie\Red-billed-Blue-Magpie-22.png,Red-billed-Blue-Magpie
data\spectrogram_dataset\train\Red-billed-Blue-Magpie\Red-billed-Blue-Magpie-23.png,Red-billed-Blue-Magpie
data\spectrogram_dataset\train\Red-billed-Blue-Magpie\Red-billed-Blue-Magpie-24.png,Red-billed-Blue-Magpie
data\spectrogram_dataset\train\Red-billed-Blue-Magpie\Red-billed-Blue-Magpie-25.png,Red-billed-Blue-Magpie
data\spectrogram_dataset\train\Red-billed-Blue-Magpie\Red-billed-Blue-Magpie-26.png,Red-billed-Blue-Magpie
data\spectrogram_dataset\train\Red-billed-Blue-Magpie\Red-billed-Blue-Magpie-27.png,Red-billed-Blue-Magpie
data\spectrogram_dataset\train\Red-billed-Blue-Magpie\Red-billed-Blue-Magpie-28.png,Red-billed-Blue-Magpie
data\spectrogram_dataset\train\Red-billed-Blue-Magpie\Red-billed-Blue-Magpie-29.png,Red-billed-Blue-Magpie
data\spectrogram_dataset\train\Red-billed-Blue-Magpie\Red-billed-Blue-Magpie-3.png,Red-billed-Blue-Magpie
data\spectrogram_dataset\train\Red-billed-Blue-Magpie\Red-billed-Blue-Magpie-30.png,Red-billed-Blue-Magpie
data\spectrogram_dataset\train\Red-billed-Blue-Magpie\Red-billed-Blue-Magpie-31.png,Red-billed-Blue-Magpie
data\spectrogram_dataset\train\Red-billed-Blue-Magpie\Red-billed-Blue-Magpie-32.png,Red-billed-Blue-Magpie
data\spectrogram_dataset\train\Red-billed-Blue-Magpie\Red-billed-Blue-Magpie-33.png,Red-billed-Blue-Magpie
data\spectrogram_dataset\train\Red-billed-Blue-Magpie\Red-billed-Blue-Magpie-34.png,Red-billed-Blue-Magpie
data\spectrogram_dataset\train\Red-billed-Blue-Magpie\Red-billed-Blue-Magpie-35.png,Red-billed-Blue-Magpie
data\spectrogram_dataset\train\Red-billed-Blue-Magpie\Red-billed-Blue-Magpie-36.png,Red-billed-Blue-Magpie
data\spectrogram_dataset\train\Red-billed-Blue-Magpie\Red-billed-Blue-Magpie-37.png,Red-billed-Blue-Magpie
data\spectrogram_dataset\train\Red-billed-Blue-Magpie\Red-billed-Blue-Magpie-38.png,Red-billed-Blue-Magpie
data\spectrogram_dataset\train\Red-billed-Blue-Magpie\Red-billed-Blue-Magpie-39.png,Red-billed-Blue-Magpie
data\spectrogram_dataset\train\Red-billed-Blue-Magpie\Red-billed-Blue-Magpie-4.png,Red-billed-Blue-Magpie
data\spectrogram_dataset\train\Red-billed-Blue-Magpie\Red-billed-Blue-Magpie-40.png,Red-billed-Blue-Magpie
data\spectrogram_dataset\train\Red-billed-Blue-Magpie\Red-billed-Blue-Magpie-41.png,Red-billed-Blue-Magpie
data\spectrogram_dataset\train\Red-billed-Blue-Magpie\Red-billed-Blue-Magpie-42.png,Red-billed-Blue-Magpie
data\spectrogram_dataset\train\Red-billed-Blue-Magpie\Red-billed-Blue-Magpie-43.png,Red-billed-Blue-Magpie
data\spectrogram_dataset\train\Red-billed-Blue-Magpie\Red-billed-Blue-Magpie-44.png,Red-billed-Blue-Magpie
data\spectrogram_dataset\train\Red-billed-Blue-Magpie\Red-billed-Blue-Magpie-45.png,Red-billed-Blue-Magpie
data\spectrogram_dataset\train\Red-billed-Blue-Magpie\Red-billed-Blue-Magpie-46.png,Red-billed-Blue-Magpie
data\spectrogram_dataset\train\Red-billed-Blue-Magpie\Red-billed-Blue-Magpie-47.png,Red-billed-Blue-Magpie
data\spectrogram_dataset\train\Red-billed-Blue-Magpie\Red-billed-Blue-Magpie-48.png,Red-billed-Blue-Magpie
data\spectrogram_dataset\train\Red-billed-Blue-Magpie\Red-billed-Blue-Magpie-49.png,Red-billed-Blue-Magpie
data\spectrogram_dataset\train\Red-billed-Blue-Magpie\Red-billed-Blue-Magpie-5.png,Red-billed-Blue-Magpie
data\spectrogram_dataset\train\Red-billed-Blue-Magpie\Red-billed-Blue-Magpie-50.png,Red-billed-Blue-Magpie
data\spectrogram_dataset\train\Red-billed-Blue-Magpie\Red-billed-Blue-Magpie-51.png,Red-billed-Blue-Magpie
data\spectrogram_dataset\train\Red-billed-Blue-Magpie\Red-billed-Blue-Magpie-52.png,Red-billed-Blue-Magpie
data\spectrogram_dataset\train\Red-billed-Blue-Magpie\Red-billed-Blue-Magpie-53.png,Red-billed-Blue-Magpie
data\spectrogram_dataset\train\Red-billed-Blue-Magpie\Red-billed-Blue-Magpie-54.png,Red-billed-Blue-Magpie
data\spectrogram_dataset\train\Red-billed-Blue-Magpie\Red-billed-Blue-Magpie-55.png,Red-billed-Blue-Magpie
data\spectrogram_dataset\train\Red-billed-Blue-Magpie\Red-billed-Blue-Magpie-56.png,Red-billed-Blue-Magpie
data\spectrogram_dataset\train\Red-billed-Blue-Magpie\Red-billed-Blue-Magpie-57.png,Red-billed-Blue-Magpie
data\spectrogram_dataset\train\Red-billed-Blue-Magpie\Red-billed-Blue-Magpie-58.png,Red-billed-Blue-Magpie
data\spectrogram_dataset\train\Red-billed-Blue-Magpie\Red-billed-Blue-Magpie-59.png,Red-billed-Blue-Magpie
data\spectrogram_dataset\train\Red-billed-Blue-Magpie\Red-billed-Blue-Magpie-6.png,Red-billed-Blue-Magpie
data\spectrogram_dataset\train\Red-billed-Blue-Magpie\Red-billed-Blue-Magpie-60.png,Red-billed-Blue-Magpie
data\spectrogram_dataset\train\Red-billed-Blue-Magpie\Red-billed-Blue-Magpie-61.png,Red-billed-Blue-Magpie
data\spectrogram_dataset\train\Red-billed-Blue-Magpie\Red-billed-Blue-Magpie-62.png,Red-billed-Blue-Magpie
data\spectrogram_dataset\train\Red-billed-Blue-Magpie\Red-billed-Blue-Magpie-63.png,Red-billed-Blue-Magpie
data\spectrogram_dataset\train\Red-billed-Blue-Magpie\Red-billed-Blue-Magpie-64.png,Red-billed-Blue-Magpie
data\spectrogram_dataset\train\Red-billed-Blue-Magpie\Red-billed-Blue-Magpie-65.png,Red-billed-Blue-Magpie
data\spectrogram_dataset\train\Red-billed-Blue-Magpie\Red-billed-Blue-Magpie-66.png,Red-billed-Blue-Magpie
data\spectrogram_dataset\train\Red-billed-Blue-Magpie\Red-billed-Blue-Magpie-67.png,Red-billed-Blue-Magpie
data\spectrogram_dataset\train\Red-billed-Blue-Magpie\Red-billed-Blue-Magpie-68.png,Red-billed-Blue-Magpie
data\spectrogram_dataset\train\Red-billed-Blue-Magpie\Red-billed-Blue-Magpie-69.png,Red-billed-Blue-Magpie
data\spectrogram_dataset\train\Red-billed-Blue-Magpie\Red-billed-Blue-Magpie-7.png,Red-billed-Blue-Magpie
data\spectrogram_dataset\train\Red-billed-Blue-Magpie\Red-billed-Blue-Magpie-70.png,Red-billed-Blue-Magpie
data\spectrogram_dataset\train\Red-billed-Blue-Magpie\Red-billed-Blue-Magpie-71.png,Red-billed-Blue-Magpie
data\spectrogram_dataset\train\Red-billed-Blue-Magpie\Red-billed-Blue-Magpie-72.png,Red-billed-Blue-Magpie
data\spectrogram_dataset\train\Red-billed-Blue-Magpie\Red-billed-Blue-Magpie-73.png,Red-billed-Blue-Magpie
data\spectrogram_dataset\train\Red-billed-Blue-Magpie\Red-billed-Blue-Magpie-74.png,Red-billed-Blue-Magpie
data\spectrogram_dataset\train\Red-billed-Blue-Magpie\Red-billed-Blue-Magpie-75.png,Red-billed-Blue-Magpie
data\spectrogram_dataset\train\Red-billed-Blue-Magpie\Red-billed-Blue-Magpie-76.png,Red-billed-Blue-Magpie
data\spectrogram_dataset\train\Red-billed-Blue-Magpie\Red-billed-Blue-Magpie-77.png,Red-billed-Blue-Magpie
data\spectrogram_dataset\train\Red-billed-Blue-Magpie\Red-billed-Blue-Magpie-78.png,Red-billed-Blue-Magpie
data\spectrogram_dataset\train\Red-billed-Blue-Magpie\Red-billed-Blue-Magpie-79.png,Red-billed-Blue-Magpie
data\spectrogram_dataset\train\Red-billed-Blue-Magpie\Red-billed-Blue-Magpie-8.png,Red-billed-Blue-Magpie
data\spectrogram_dataset\train\Red-billed-Blue-Magpie\Red-billed-Blue-Magpie-80.png,Red-billed-Blue-Magpie
data\spectrogram_dataset\train\Red-billed-Blue-Magpie\Red-billed-Blue-Magpie-81.png,Red-billed-Blue-Magpie
data\spectrogram_dataset\train\Red-billed-Blue-Magpie\Red-billed-Blue-Magpie-82.png,Red-billed-Blue-Magpie
data\spectrogram_dataset\train\Red-billed-Blue-Magpie\Red-billed-Blue-Magpie-83.png,Red-billed-Blue-Magpie
data\spectrogram_dataset\train\Red-billed-Blue-Magpie\Red-billed-Blue-Magpie-84.png,Red-billed-Blue-Magpie
data\spectrogram_dataset\train\Red-billed-Blue-Magpie\Red-billed-Blue-Magpie-85.png,Red-billed-Blue-Magpie
data\spectrogram_dataset\train\Red-billed-Blue-Magpie\Red-billed-Blue-Magpie-86.png,Red-billed-Blue-Magpie
data\spectrogram_dataset\train\Red-billed-Blue-Magpie\Red-billed-Blue-Magpie-87.png,Red-billed-Blue-Magpie
data\spectrogram_dataset\train\Red-billed-Blue-Magpie\Red-billed-Blue-Magpie-88.png,Red-billed-Blue-Magpie
data\spectrogram_dataset\train\Red-billed-Blue-Magpie\Red-billed-Blue-Magpie-89.png,Red-billed-Blue-Magpie
data\spectrogram_dataset\train\Red-billed-Blue-Magpie\Red-billed-Blue-Magpie-9.png,Red-billed-Blue-Magpie
data\spectrogram_dataset\train\Red-billed-Blue-Magpie\Red-billed-Blue-Magpie-90.png,Red-billed-Blue-Magpie
data\spectrogram_dataset\train\Red-billed-Blue-Magpie\Red-billed-Blue-Magpie-91.png,Red-billed-Blue-Magpie
data\spectrogram_dataset\train\Red-billed-Blue-Magpie\Red-billed-Blue-Magpie-92.png,Red-billed-Blue-Magpie
data\spectrogram_dataset\train\Red-billed-Blue-Magpie\Red-billed-Blue-Magpie-93.png,Red-billed-Blue-Magpie
data\spectrogram_dataset\train\Red-billed-Blue-Magpie\Red-billed-Blue-Magpie-94.png,Red-billed-Blue-Magpie
data\spectrogram_dataset\train\Red-billed-Blue-Magpie\Red-billed-Blue-Magpie-95.png,Red-billed-Blue-Magpie
data\spectrogram_dataset\train\Red-billed-Blue-Magpie\Red-billed-Blue-Magpie-96.png,Red-billed-Blue-Magpie
data\spectrogram_dataset\train\Red-billed-Blue-Magpie\Red-billed-Blue-Magpie-97.png,Red-billed-Blue-Magpie
data\spectrogram_dataset\train\Red-billed-Blue-Magpie\Red-billed-Blue-Magpie-98.png,Red-billed-Blue-Magpie
data\spectrogram_dataset\train\Red-billed-Blue-Magpie\Red-billed-Blue-Magpie-99.png,Red-billed-Blue-Magpie
data\spectrogram_dataset\train\Rose-ringed-Parakeet\Rose-ringed-Parakeet-0.png,Rose-ringed-Parakeet
data\spectrogram_dataset\train\Rose-ringed-Parakeet\Rose-ringed-Parakeet-1.png,Rose-ringed-Parakeet
data\spectrogram_dataset\train\Rose-ringed-Parakeet\Rose-ringed-Parakeet-10.png,Rose-ringed-Parakeet
data\spectrogram_dataset\train\Rose-ringed-Parakeet\Rose-ringed-Parakeet-100.png,Rose-ringed-Parakeet
data\spectrogram_dataset\train\Rose-ringed-Parakeet\Rose-ringed-Parakeet-101.png,Rose-ringed-Parakeet
data\spectrogram_dataset\train\Rose-ringed-Parakeet\Rose-ringed-Parakeet-102.png,Rose-ringed-Parakeet
data\spectrogram_dataset\train\Rose-ringed-Parakeet\Rose-ringed-Parakeet-103.png,Rose-ringed-Parakeet
data\spectrogram_dataset\train\Rose-ringed-Parakeet\Rose-ringed-Parakeet-104.png,Rose-ringed-Parakeet
data\spectrogram_dataset\train\Rose-ringed-Parakeet\Rose-ringed-Parakeet-105.png,Rose-ringed-Parakeet
data\spectrogram_dataset\train\Rose-ringed-Parakeet\Rose-ringed-Parakeet-106.png,Rose-ringed-Parakeet
data\spectrogram_dataset\train\Rose-ringed-Parakeet\Rose-ringed-Parakeet-107.png,Rose-ringed-Parakeet
data\spectrogram_dataset\train\Rose-ringed-Parakeet\Rose-ringed-Parakeet-108.png,Rose-ringed-Parakeet
data\spectrogram_dataset\train\Rose-ringed-Parakeet\Rose-ringed-Parakeet-109.png,Rose-ringed-Parakeet
data\spectrogram_dataset\train\Rose-ringed-Parakeet\Rose-ringed-Parakeet-11.png,Rose-ringed-Parakeet
data\spectrogram_dataset\train\Rose-ringed-Parakeet\Rose-ringed-Parakeet-110.png,Rose-ringed-Parakeet
data\spectrogram_dataset\train\Rose-ringed-Parakeet\Rose-ringed-Parakeet-111.png,Rose-ringed-Parakeet
data\spectrogram_dataset\train\Rose-ringed-Parakeet\Rose-ringed-Parakeet-112.png,Rose-ringed-Parakeet
data\spectrogram_dataset\train\Rose-ringed-Parakeet\Rose-ringed-Parakeet-113.png,Rose-ringed-Parakeet
data\spectrogram_dataset\train\Rose-ringed-Parakeet\Rose-ringed-Parakeet-114.png,Rose-ringed-Parakeet
data\spectrogram_dataset\train\Rose-ringed-Parakeet\Rose-ringed-Parakeet-115.png,Rose-ringed-Parakeet
data\spectrogram_dataset\train\Rose-ringed-Parakeet\Rose-ringed-Parakeet-116.png,Rose-ringed-Parakeet
data\spectrogram_dataset\train\Rose-ringed-Parakeet\Rose-ringed-Parakeet-117.png,Rose-ringed-Parakeet
data\spectrogram_dataset\train\Rose-ringed-Parakeet\Rose-ringed-Parakeet-118.png,Rose-ringed-Parakeet
data\spectrogram_dataset\train\Rose-ringed-Parakeet\Rose-ringed-Parakeet-119.png,Rose-ringed-Parakeet
data\spectrogram_dataset\train\Rose-ringed-Parakeet\Rose-ringed-Parakeet-12.png,Rose-ringed-Parakeet
data\spectrogram_dataset\train\Rose-ringed-Parakeet\Rose-ringed-Parakeet-120.png,Rose-ringed-Parakeet
data\spectrogram_dataset\train\Rose-ringed-Parakeet\Rose-ringed-Parakeet-121.png,Rose-ringed-Parakeet
data\spectrogram_dataset\train\Rose-ringed-Parakeet\Rose-ringed-Parakeet-122.png,Rose-ringed-Parakeet
data\spectrogram_dataset\train\Rose-ringed-Parakeet\Rose-ringed-Parakeet-123.png,Rose-ringed-Parakeet
data\spectrogram_dataset\train\Rose-ringed-Parakeet\Rose-ringed-Parakeet-124.png,Rose-ringed-Parakeet
data\spectrogram_dataset\train\Rose-ringed-Parakeet\Rose-ringed-Parakeet-125.png,Rose-ringed-Parakeet
data\spectrogram_dataset\train\Rose-ringed-Parakeet\Rose-ringed-Parakeet-126.png,Rose-ringed-Parakeet
data\spectrogram_dataset\train\Rose-ringed-Parakeet\Rose-ringed-Parakeet-127.png,Rose-ringed-Parakeet
data\spectrogram_dataset\train\Rose-ringed-Parakeet\Rose-ringed-Parakeet-128.png,Rose-ringed-Parakeet
data\spectrogram_dataset\train\Rose-ringed-Parakeet\Rose-ringed-Parakeet-129.png,Rose-ringed-Parakeet
data\spectrogram_dataset\train\Rose-ringed-Parakeet\Rose-ringed-Parakeet-13.png,Rose-ringed-Parakeet
data\spectrogram_dataset\train\Rose-ringed-Parakeet\Rose-ringed-Parakeet-130.png,Rose-ringed-Parakeet
data\spectrogram_dataset\train\Rose-ringed-Parakeet\Rose-ringed-Parakeet-131.png,Rose-ringed-Parakeet
data\spectrogram_dataset\train\Rose-ringed-Parakeet\Rose-ringed-Parakeet-132.png,Rose-ringed-Parakeet
data\spectrogram_dataset\train\Rose-ringed-Parakeet\Rose-ringed-Parakeet-133.png,Rose-ringed-Parakeet
data\spectrogram_dataset\train\Rose-ringed-Parakeet\Rose-ringed-Parakeet-134.png,Rose-ringed-Parakeet
data\spectrogram_dataset\train\Rose-ringed-Parakeet\Rose-ringed-Parakeet-135.png,Rose-ringed-Parakeet
data\spectrogram_dataset\train\Rose-ringed-Parakeet\Rose-ringed-Parakeet-136.png,Rose-ringed-Parakeet
data\spectrogram_dataset\train\Rose-ringed-Parakeet\Rose-ringed-Parakeet-137.png,Rose-ringed-Parakeet
data\spectrogram_dataset\train\Rose-ringed-Parakeet\Rose-ringed-Parakeet-138.png,Rose-ringed-Parakeet
data\spectrogram_dataset\train\Rose-ringed-Parakeet\Rose-ringed-Parakeet-139.png,Rose-ringed-Parakeet
data\spectrogram_dataset\train\Rose-ringed-Parakeet\Rose-ringed-Parakeet-14.png,Rose-ringed-Parakeet
data\spectrogram_dataset\train\Rose-ringed-Parakeet\Rose-ringed-Parakeet-140.png,Rose-ringed-Parakeet
data\spectrogram_dataset\train\Rose-ringed-Parakeet\Rose-ringed-Parakeet-141.png,Rose-ringed-Parakeet
data\spectrogram_dataset\train\Rose-ringed-Parakeet\Rose-ringed-Parakeet-142.png,Rose-ringed-Parakeet
data\spectrogram_dataset\train\Rose-ringed-Parakeet\Rose-ringed-Parakeet-143.png,Rose-ringed-Parakeet
data\spectrogram_dataset\train\Rose-ringed-Parakeet\Rose-ringed-Parakeet-144.png,Rose-ringed-Parakeet
data\spectrogram_dataset\train\Rose-ringed-Parakeet\Rose-ringed-Parakeet-145.png,Rose-ringed-Parakeet
data\spectrogram_dataset\train\Rose-ringed-Parakeet\Rose-ringed-Parakeet-146.png,Rose-ringed-Parakeet
data\spectrogram_dataset\train\Rose-ringed-Parakeet\Rose-ringed-Parakeet-147.png,Rose-ringed-Parakeet
data\spectrogram_dataset\train\Rose-ringed-Parakeet\Rose-ringed-Parakeet-148.png,Rose-ringed-Parakeet
data\spectrogram_dataset\train\Rose-ringed-Parakeet\Rose-ringed-Parakeet-149.png,Rose-ringed-Parakeet
data\spectrogram_dataset\train\Rose-ringed-Parakeet\Rose-ringed-Parakeet-15.png,Rose-ringed-Parakeet
data\spectrogram_dataset\train\Rose-ringed-Parakeet\Rose-ringed-Parakeet-150.png,Rose-ringed-Parakeet
data\spectrogram_dataset\train\Rose-ringed-Parakeet\Rose-ringed-Parakeet-151.png,Rose-ringed-Parakeet
data\spectrogram_dataset\train\Rose-ringed-Parakeet\Rose-ringed-Parakeet-152.png,Rose-ringed-Parakeet
data\spectrogram_dataset\train\Rose-ringed-Parakeet\Rose-ringed-Parakeet-153.png,Rose-ringed-Parakeet
data\spectrogram_dataset\train\Rose-ringed-Parakeet\Rose-ringed-Parakeet-154.png,Rose-ringed-Parakeet
data\spectrogram_dataset\train\Rose-ringed-Parakeet\Rose-ringed-Parakeet-155.png,Rose-ringed-Parakeet
data\spectrogram_dataset\train\Rose-ringed-Parakeet\Rose-ringed-Parakeet-156.png,Rose-ringed-Parakeet
data\spectrogram_dataset\train\Rose-ringed-Parakeet\Rose-ringed-Parakeet-157.png,Rose-ringed-Parakeet
data\spectrogram_dataset\train\Rose-ringed-Parakeet\Rose-ringed-Parakeet-158.png,Rose-ringed-Parakeet
data\spectrogram_dataset\train\Rose-ringed-Parakeet\Rose-ringed-Parakeet-159.png,Rose-ringed-Parakeet
data\spectrogram_dataset\train\Rose-ringed-Parakeet\Rose-ringed-Parakeet-16.png,Rose-ringed-Parakeet
data\spectrogram_dataset\train\Rose-ringed-Parakeet\Rose-ringed-Parakeet-160.png,Rose-ringed-Parakeet
data\spectrogram_dataset\train\Rose-ringed-Parakeet\Rose-ringed-Parakeet-161.png,Rose-ringed-Parakeet
data\spectrogram_dataset\train\Rose-ringed-Parakeet\Rose-ringed-Parakeet-162.png,Rose-ringed-Parakeet
data\spectrogram_dataset\train\Rose-ringed-Parakeet\Rose-ringed-Parakeet-163.png,Rose-ringed-Parakeet
data\spectrogram_dataset\train\Rose-ringed-Parakeet\Rose-ringed-Parakeet-164.png,Rose-ringed-Parakeet
data\spectrogram_dataset\train\Rose-ringed-Parakeet\Rose-ringed-Parakeet-165.png,Rose-ringed-Parakeet
data\spectrogram_dataset\train\Rose-ringed-Parakeet\Rose-ringed-Parakeet-166.png,Rose-ringed-Parakeet
data\spectrogram_dataset\train\Rose-ringed-Parakeet\Rose-ringed-Parakeet-167.png,Rose-ringed-Parakeet
data\spectrogram_dataset\train\Rose-ringed-Parakeet\Rose-ringed-Parakeet-168.png,Rose-ringed-Parakeet
data\spectrogram_dataset\train\Rose-ringed-Parakeet\Rose-ringed-Parakeet-169.png,Rose-ringed-Parakeet
data\spectrogram_dataset\train\Rose-ringed-Parakeet\Rose-ringed-Parakeet-17.png,Rose-ringed-Parakeet
data\spectrogram_dataset\train\Rose-ringed-Parakeet\Rose-ringed-Parakeet-170.png,Rose-ringed-Parakeet
data\spectrogram_dataset\train\Rose-ringed-Parakeet\Rose-ringed-Parakeet-171.png,Rose-ringed-Parakeet
data\spectrogram_dataset\train\Rose-ringed-Parakeet\Rose-ringed-Parakeet-172.png,Rose-ringed-Parakeet
data\spectrogram_dataset\train\Rose-ringed-Parakeet\Rose-ringed-Parakeet-173.png,Rose-ringed-Parakeet
data\spectrogram_dataset\train\Rose-ringed-Parakeet\Rose-ringed-Parakeet-174.png,Rose-ringed-Parakeet
data\spectrogram_dataset\train\Rose-ringed-Parakeet\Rose-ringed-Parakeet-175.png,Rose-ringed-Parakeet
data\spectrogram_dataset\train\Rose-ringed-Parakeet\Rose-ringed-Parakeet-176.png,Rose-ringed-Parakeet
data\spectrogram_dataset\train\Rose-ringed-Parakeet\Rose-ringed-Parakeet-177.png,Rose-ringed-Parakeet
data\spectrogram_dataset\train\Rose-ringed-Parakeet\Rose-ringed-Parakeet-178.png,Rose-ringed-Parakeet
data\spectrogram_dataset\train\Rose-ringed-Parakeet\Rose-ringed-Parakeet-179.png,Rose-ringed-Parakeet
data\spectrogram_dataset\train\Rose-ringed-Parakeet\Rose-ringed-Parakeet-18.png,Rose-ringed-Parakeet
data\spectrogram_dataset\train\Rose-ringed-Parakeet\Rose-ringed-Parakeet-180.png,Rose-ringed-Parakeet
data\spectrogram_dataset\train\Rose-ringed-Parakeet\Rose-ringed-Parakeet-181.png,Rose-ringed-Parakeet
data\spectrogram_dataset\train\Rose-ringed-Parakeet\Rose-ringed-Parakeet-182.png,Rose-ringed-Parakeet
data\spectrogram_dataset\train\Rose-ringed-Parakeet\Rose-ringed-Parakeet-183.png,Rose-ringed-Parakeet
data\spectrogram_dataset\train\Rose-ringed-Parakeet\Rose-ringed-Parakeet-184.png,Rose-ringed-Parakeet
data\spectrogram_dataset\train\Rose-ringed-Parakeet\Rose-ringed-Parakeet-185.png,Rose-ringed-Parakeet
data\spectrogram_dataset\train\Rose-ringed-Parakeet\Rose-ringed-Parakeet-186.png,Rose-ringed-Parakeet
data\spectrogram_dataset\train\Rose-ringed-Parakeet\Rose-ringed-Parakeet-187.png,Rose-ringed-Parakeet
data\spectrogram_dataset\train\Rose-ringed-Parakeet\Rose-ringed-Parakeet-188.png,Rose-ringed-Parakeet
data\spectrogram_dataset\train\Rose-ringed-Parakeet\Rose-ringed-Parakeet-189.png,Rose-ringed-Parakeet
data\spectrogram_dataset\train\Rose-ringed-Parakeet\Rose-ringed-Parakeet-19.png,Rose-ringed-Parakeet
data\spectrogram_dataset\train\Rose-ringed-Parakeet\Rose-ringed-Parakeet-190.png,Rose-ringed-Parakeet
data\spectrogram_dataset\train\Rose-ringed-Parakeet\Rose-ringed-Parakeet-191.png,Rose-ringed-Parakeet
data\spectrogram_dataset\train\Rose-ringed-Parakeet\Rose-ringed-Parakeet-192.png,Rose-ringed-Parakeet
data\spectrogram_dataset\train\Rose-ringed-Parakeet\Rose-ringed-Parakeet-193.png,Rose-ringed-Parakeet
data\spectrogram_dataset\train\Rose-ringed-Parakeet\Rose-ringed-Parakeet-194.png,Rose-ringed-Parakeet
data\spectrogram_dataset\train\Rose-ringed-Parakeet\Rose-ringed-Parakeet-195.png,Rose-ringed-Parakeet
data\spectrogram_dataset\train\Rose-ringed-Parakeet\Rose-ringed-Parakeet-196.png,Rose-ringed-Parakeet
data\spectrogram_dataset\train\Rose-ringed-Parakeet\Rose-ringed-Parakeet-197.png,Rose-ringed-Parakeet
data\spectrogram_dataset\train\Rose-ringed-Parakeet\Rose-ringed-Parakeet-198.png,Rose-ringed-Parakeet
data\spectrogram_dataset\train\Rose-ringed-Parakeet\Rose-ringed-Parakeet-199.png,Rose-ringed-Parakeet
data\spectrogram_dataset\train\Rose-ringed-Parakeet\Rose-ringed-Parakeet-2.png,Rose-ringed-Parakeet
data\spectrogram_dataset\train\Rose-ringed-Parakeet\Rose-ringed-Parakeet-20.png,Rose-ringed-Parakeet
data\spectrogram_dataset\train\Rose-ringed-Parakeet\Rose-ringed-Parakeet-200.png,Rose-ringed-Parakeet
data\spectrogram_dataset\train\Rose-ringed-Parakeet\Rose-ringed-Parakeet-201.png,Rose-ringed-Parakeet
data\spectrogram_dataset\train\Rose-ringed-Parakeet\Rose-ringed-Parakeet-202.png,Rose-ringed-Parakeet
data\spectrogram_dataset\train\Rose-ringed-Parakeet\Rose-ringed-Parakeet-203.png,Rose-ringed-Parakeet
data\spectrogram_dataset\train\Rose-ringed-Parakeet\Rose-ringed-Parakeet-204.png,Rose-ringed-Parakeet
data\spectrogram_dataset\train\Rose-ringed-Parakeet\Rose-ringed-Parakeet-205.png,Rose-ringed-Parakeet
data\spectrogram_dataset\train\Rose-ringed-Parakeet\Rose-ringed-Parakeet-206.png,Rose-ringed-Parakeet
data\spectrogram_dataset\train\Rose-ringed-Parakeet\Rose-ringed-Parakeet-207.png,Rose-ringed-Parakeet
data\spectrogram_dataset\train\Rose-ringed-Parakeet\Rose-ringed-Parakeet-208.png,Rose-ringed-Parakeet
data\spectrogram_dataset\train\Rose-ringed-Parakeet\Rose-ringed-Parakeet-209.png,Rose-ringed-Parakeet
data\spectrogram_dataset\train\Rose-ringed-Parakeet\Rose-ringed-Parakeet-21.png,Rose-ringed-Parakeet
data\spectrogram_dataset\train\Rose-ringed-Parakeet\Rose-ringed-Parakeet-210.png,Rose-ringed-Parakeet
data\spectrogram_dataset\train\Rose-ringed-Parakeet\Rose-ringed-Parakeet-211.png,Rose-ringed-Parakeet
data\spectrogram_dataset\train\Rose-ringed-Parakeet\Rose-ringed-Parakeet-212.png,Rose-ringed-Parakeet
data\spectrogram_dataset\train\Rose-ringed-Parakeet\Rose-ringed-Parakeet-213.png,Rose-ringed-Parakeet
data\spectrogram_dataset\train\Rose-ringed-Parakeet\Rose-ringed-Parakeet-214.png,Rose-ringed-Parakeet
data\spectrogram_dataset\train\Rose-ringed-Parakeet\Rose-ringed-Parakeet-215.png,Rose-ringed-Parakeet
data\spectrogram_dataset\train\Rose-ringed-Parakeet\Rose-ringed-Parakeet-216.png,Rose-ringed-Parakeet
data\spectrogram_dataset\train\Rose-ringed-Parakeet\Rose-ringed-Parakeet-217.png,Rose-ringed-Parakeet
data\spectrogram_dataset\train\Rose-ringed-Parakeet\Rose-ringed-Parakeet-218.png,Rose-ringed-Parakeet
data\spectrogram_dataset\train\Rose-ringed-Parakeet\Rose-ringed-Parakeet-219.png,Rose-ringed-Parakeet
data\spectrogram_dataset\train\Rose-ringed-Parakeet\Rose-ringed-Parakeet-22.png,Rose-ringed-Parakeet
data\spectrogram_dataset\train\Rose-ringed-Parakeet\Rose-ringed-Parakeet-220.png,Rose-ringed-Parakeet
data\spectrogram_dataset\train\Rose-ringed-Parakeet\Rose-ringed-Parakeet-221.png,Rose-ringed-Parakeet
data\spectrogram_dataset\train\Rose-ringed-Parakeet\Rose-ringed-Parakeet-222.png,Rose-ringed-Parakeet
data\spectrogram_dataset\train\Rose-ringed-Parakeet\Rose-ringed-Parakeet-223.png,Rose-ringed-Parakeet
data\spectrogram_dataset\train\Rose-ringed-Parakeet\Rose-ringed-Parakeet-224.png,Rose-ringed-Parakeet
data\spectrogram_dataset\train\Rose-ringed-Parakeet\Rose-ringed-Parakeet-225.png,Rose-ringed-Parakeet
data\spectrogram_dataset\train\Rose-ringed-Parakeet\Rose-ringed-Parakeet-226.png,Rose-ringed-Parakeet
data\spectrogram_dataset\train\Rose-ringed-Parakeet\Rose-ringed-Parakeet-227.png,Rose-ringed-Parakeet
data\spectrogram_dataset\train\Rose-ringed-Parakeet\Rose-ringed-Parakeet-228.png,Rose-ringed-Parakeet
data\spectrogram_dataset\train\Rose-ringed-Parakeet\Rose-ringed-Parakeet-229.png,Rose-ringed-Parakeet
data\spectrogram_dataset\train\Rose-ringed-Parakeet\Rose-ringed-Parakeet-23.png,Rose-ringed-Parakeet
data\spectrogram_dataset\train\Rose-ringed-Parakeet\Rose-ringed-Parakeet-230.png,Rose-ringed-Parakeet
data\spectrogram_dataset\train\Rose-ringed-Parakeet\Rose-ringed-Parakeet-231.png,Rose-ringed-Parakeet
data\spectrogram_dataset\train\Rose-ringed-Parakeet\Rose-ringed-Parakeet-232.png,Rose-ringed-Parakeet
data\spectrogram_dataset\train\Rose-ringed-Parakeet\Rose-ringed-Parakeet-233.png,Rose-ringed-Parakeet
data\spectrogram_dataset\train\Rose-ringed-Parakeet\Rose-ringed-Parakeet-234.png,Rose-ringed-Parakeet
data\spectrogram_dataset\train\Rose-ringed-Parakeet\Rose-ringed-Parakeet-235.png,Rose-ringed-Parakeet
data\spectrogram_dataset\train\Rose-ringed-Parakeet\Rose-ringed-Parakeet-236.png,Rose-ringed-Parakeet
data\spectrogram_dataset\train\Rose-ringed-Parakeet\Rose-ringed-Parakeet-237.png,Rose-ringed-Parakeet
data\spectrogram_dataset\train\Rose-ringed-Parakeet\Rose-ringed-Parakeet-238.png,Rose-ringed-Parakeet
data\spectrogram_dataset\train\Rose-ringed-Parakeet\Rose-ringed-Parakeet-239.png,Rose-ringed-Parakeet
data\spectrogram_dataset\train\Rose-ringed-Parakeet\Rose-ringed-Parakeet-24.png,Rose-ringed-Parakeet
data\spectrogram_dataset\train\Rose-ringed-Parakeet\Rose-ringed-Parakeet-240.png,Rose-ringed-Parakeet
data\spectrogram_dataset\train\Rose-ringed-Parakeet\Rose-ringed-Parakeet-241.png,Rose-ringed-Parakeet
data\spectrogram_dataset\train\Rose-ringed-Parakeet\Rose-ringed-Parakeet-242.png,Rose-ringed-Parakeet
data\spectrogram_dataset\train\Rose-ringed-Parakeet\Rose-ringed-Parakeet-25.png,Rose-ringed-Parakeet
data\spectrogram_dataset\train\Rose-ringed-Parakeet\Rose-ringed-Parakeet-26.png,Rose-ringed-Parakeet
data\spectrogram_dataset\train\Rose-ringed-Parakeet\Rose-ringed-Parakeet-27.png,Rose-ringed-Parakeet
data\spectrogram_dataset\train\Rose-ringed-Parakeet\Rose-ringed-Parakeet-28.png,Rose-ringed-Parakeet
data\spectrogram_dataset\train\Rose-ringed-Parakeet\Rose-ringed-Parakeet-29.png,Rose-ringed-Parakeet
data\spectrogram_dataset\train\Rose-ringed-Parakeet\Rose-ringed-Parakeet-3.png,Rose-ringed-Parakeet
data\spectrogram_dataset\train\Rose-ringed-Parakeet\Rose-ringed-Parakeet-30.png,Rose-ringed-Parakeet
data\spectrogram_dataset\train\Rose-ringed-Parakeet\Rose-ringed-Parakeet-31.png,Rose-ringed-Parakeet
data\spectrogram_dataset\train\Rose-ringed-Parakeet\Rose-ringed-Parakeet-32.png,Rose-ringed-Parakeet
data\spectrogram_dataset\train\Rose-ringed-Parakeet\Rose-ringed-Parakeet-33.png,Rose-ringed-Parakeet
data\spectrogram_dataset\train\Rose-ringed-Parakeet\Rose-ringed-Parakeet-34.png,Rose-ringed-Parakeet
data\spectrogram_dataset\train\Rose-ringed-Parakeet\Rose-ringed-Parakeet-35.png,Rose-ringed-Parakeet
data\spectrogram_dataset\train\Rose-ringed-Parakeet\Rose-ringed-Parakeet-36.png,Rose-ringed-Parakeet
data\spectrogram_dataset\train\Rose-ringed-Parakeet\Rose-ringed-Parakeet-37.png,Rose-ringed-Parakeet
data\spectrogram_dataset\train\Rose-ringed-Parakeet\Rose-ringed-Parakeet-38.png,Rose-ringed-Parakeet
data\spectrogram_dataset\train\Rose-ringed-Parakeet\Rose-ringed-Parakeet-39.png,Rose-ringed-Parakeet
data\spectrogram_dataset\train\Rose-ringed-Parakeet\Rose-ringed-Parakeet-4.png,Rose-ringed-Parakeet
data\spectrogram_dataset\train\Rose-ringed-Parakeet\Rose-ringed-Parakeet-40.png,Rose-ringed-Parakeet
data\spectrogram_dataset\train\Rose-ringed-Parakeet\Rose-ringed-Parakeet-41.png,Rose-ringed-Parakeet
data\spectrogram_dataset\train\Rose-ringed-Parakeet\Rose-ringed-Parakeet-42.png,Rose-ringed-Parakeet
data\spectrogram_dataset\train\Rose-ringed-Parakeet\Rose-ringed-Parakeet-43.png,Rose-ringed-Parakeet
data\spectrogram_dataset\train\Rose-ringed-Parakeet\Rose-ringed-Parakeet-44.png,Rose-ringed-Parakeet
data\spectrogram_dataset\train\Rose-ringed-Parakeet\Rose-ringed-Parakeet-45.png,Rose-ringed-Parakeet
data\spectrogram_dataset\train\Rose-ringed-Parakeet\Rose-ringed-Parakeet-46.png,Rose-ringed-Parakeet
data\spectrogram_dataset\train\Rose-ringed-Parakeet\Rose-ringed-Parakeet-47.png,Rose-ringed-Parakeet
data\spectrogram_dataset\train\Rose-ringed-Parakeet\Rose-ringed-Parakeet-48.png,Rose-ringed-Parakeet
data\spectrogram_dataset\train\Rose-ringed-Parakeet\Rose-ringed-Parakeet-49.png,Rose-ringed-Parakeet
data\spectrogram_dataset\train\Rose-ringed-Parakeet\Rose-ringed-Parakeet-5.png,Rose-ringed-Parakeet
data\spectrogram_dataset\train\Rose-ringed-Parakeet\Rose-ringed-Parakeet-50.png,Rose-ringed-Parakeet
data\spectrogram_dataset\train\Rose-ringed-Parakeet\Rose-ringed-Parakeet-51.png,Rose-ringed-Parakeet
data\spectrogram_dataset\train\Rose-ringed-Parakeet\Rose-ringed-Parakeet-52.png,Rose-ringed-Parakeet
data\spectrogram_dataset\train\Rose-ringed-Parakeet\Rose-ringed-Parakeet-53.png,Rose-ringed-Parakeet
data\spectrogram_dataset\train\Rose-ringed-Parakeet\Rose-ringed-Parakeet-54.png,Rose-ringed-Parakeet
data\spectrogram_dataset\train\Rose-ringed-Parakeet\Rose-ringed-Parakeet-55.png,Rose-ringed-Parakeet
data\spectrogram_dataset\train\Rose-ringed-Parakeet\Rose-ringed-Parakeet-56.png,Rose-ringed-Parakeet
data\spectrogram_dataset\train\Rose-ringed-Parakeet\Rose-ringed-Parakeet-57.png,Rose-ringed-Parakeet
data\spectrogram_dataset\train\Rose-ringed-Parakeet\Rose-ringed-Parakeet-58.png,Rose-ringed-Parakeet
data\spectrogram_dataset\train\Rose-ringed-Parakeet\Rose-ringed-Parakeet-59.png,Rose-ringed-Parakeet
data\spectrogram_dataset\train\Rose-ringed-Parakeet\Rose-ringed-Parakeet-6.png,Rose-ringed-Parakeet
data\spectrogram_dataset\train\Rose-ringed-Parakeet\Rose-ringed-Parakeet-60.png,Rose-ringed-Parakeet
data\spectrogram_dataset\train\Rose-ringed-Parakeet\Rose-ringed-Parakeet-61.png,Rose-ringed-Parakeet
data\spectrogram_dataset\train\Rose-ringed-Parakeet\Rose-ringed-Parakeet-62.png,Rose-ringed-Parakeet
data\spectrogram_dataset\train\Rose-ringed-Parakeet\Rose-ringed-Parakeet-63.png,Rose-ringed-Parakeet
data\spectrogram_dataset\train\Rose-ringed-Parakeet\Rose-ringed-Parakeet-64.png,Rose-ringed-Parakeet
data\spectrogram_dataset\train\Rose-ringed-Parakeet\Rose-ringed-Parakeet-65.png,Rose-ringed-Parakeet
data\spectrogram_dataset\train\Rose-ringed-Parakeet\Rose-ringed-Parakeet-66.png,Rose-ringed-Parakeet
data\spectrogram_dataset\train\Rose-ringed-Parakeet\Rose-ringed-Parakeet-67.png,Rose-ringed-Parakeet
data\spectrogram_dataset\train\Rose-ringed-Parakeet\Rose-ringed-Parakeet-68.png,Rose-ringed-Parakeet
data\spectrogram_dataset\train\Rose-ringed-Parakeet\Rose-ringed-Parakeet-69.png,Rose-ringed-Parakeet
data\spectrogram_dataset\train\Rose-ringed-Parakeet\Rose-ringed-Parakeet-7.png,Rose-ringed-Parakeet
data\spectrogram_dataset\train\Rose-ringed-Parakeet\Rose-ringed-Parakeet-70.png,Rose-ringed-Parakeet
data\spectrogram_dataset\train\Rose-ringed-Parakeet\Rose-ringed-Parakeet-71.png,Rose-ringed-Parakeet
data\spectrogram_dataset\train\Rose-ringed-Parakeet\Rose-ringed-Parakeet-72.png,Rose-ringed-Parakeet
data\spectrogram_dataset\train\Rose-ringed-Parakeet\Rose-ringed-Parakeet-73.png,Rose-ringed-Parakeet
data\spectrogram_dataset\train\Rose-ringed-Parakeet\Rose-ringed-Parakeet-74.png,Rose-ringed-Parakeet
data\spectrogram_dataset\train\Rose-ringed-Parakeet\Rose-ringed-Parakeet-75.png,Rose-ringed-Parakeet
data\spectrogram_dataset\train\Rose-ringed-Parakeet\Rose-ringed-Parakeet-76.png,Rose-ringed-Parakeet
data\spectrogram_dataset\train\Rose-ringed-Parakeet\Rose-ringed-Parakeet-77.png,Rose-ringed-Parakeet
data\spectrogram_dataset\train\Rose-ringed-Parakeet\Rose-ringed-Parakeet-78.png,Rose-ringed-Parakeet
data\spectrogram_dataset\train\Rose-ringed-Parakeet\Rose-ringed-Parakeet-79.png,Rose-ringed-Parakeet
data\spectrogram_dataset\train\Rose-ringed-Parakeet\Rose-ringed-Parakeet-8.png,Rose-ringed-Parakeet
data\spectrogram_dataset\train\Rose-ringed-Parakeet\Rose-ringed-Parakeet-80.png,Rose-ringed-Parakeet
data\spectrogram_dataset\train\Rose-ringed-Parakeet\Rose-ringed-Parakeet-81.png,Rose-ringed-Parakeet
data\spectrogram_dataset\train\Rose-ringed-Parakeet\Rose-ringed-Parakeet-82.png,Rose-ringed-Parakeet
data\spectrogram_dataset\train\Rose-ringed-Parakeet\Rose-ringed-Parakeet-83.png,Rose-ringed-Parakeet
data\spectrogram_dataset\train\Rose-ringed-Parakeet\Rose-ringed-Parakeet-84.png,Rose-ringed-Parakeet
data\spectrogram_dataset\train\Rose-ringed-Parakeet\Rose-ringed-Parakeet-85.png,Rose-ringed-Parakeet
data\spectrogram_dataset\train\Rose-ringed-Parakeet\Rose-ringed-Parakeet-86.png,Rose-ringed-Parakeet
data\spectrogram_dataset\train\Rose-ringed-Parakeet\Rose-ringed-Parakeet-87.png,Rose-ringed-Parakeet
data\spectrogram_dataset\train\Rose-ringed-Parakeet\Rose-ringed-Parakeet-88.png,Rose-ringed-Parakeet
data\spectrogram_dataset\train\Rose-ringed-Parakeet\Rose-ringed-Parakeet-89.png,Rose-ringed-Parakeet
data\spectrogram_dataset\train\Rose-ringed-Parakeet\Rose-ringed-Parakeet-9.png,Rose-ringed-Parakeet
data\spectrogram_dataset\train\Rose-ringed-Parakeet\Rose-ringed-Parakeet-90.png,Rose-ringed-Parakeet
data\spectrogram_dataset\train\Rose-ringed-Parakeet\Rose-ringed-Parakeet-91.png,Rose-ringed-Parakeet
data\spectrogram_dataset\train\Rose-ringed-Parakeet\Rose-ringed-Parakeet-92.png,Rose-ringed-Parakeet
data\spectrogram_dataset\train\Rose-ringed-Parakeet\Rose-ringed-Parakeet-93.png,Rose-ringed-Parakeet
data\spectrogram_dataset\train\Rose-ringed-Parakeet\Rose-ringed-Parakeet-94.png,Rose-ringed-Parakeet
data\spectrogram_dataset\train\Rose-ringed-Parakeet\Rose-ringed-Parakeet-95.png,Rose-ringed-Parakeet
data\spectrogram_dataset\train\Rose-ringed-Parakeet\Rose-ringed-Parakeet-96.png,Rose-ringed-Parakeet
data\spectrogram_dataset\train\Rose-ringed-Parakeet\Rose-ringed-Parakeet-97.png,Rose-ringed-Parakeet
data\spectrogram_dataset\train\Rose-ringed-Parakeet\Rose-ringed-Parakeet-98.png,Rose-ringed-Parakeet
data\spectrogram_dataset\train\Rose-ringed-Parakeet\Rose-ringed-Parakeet-99.png,Rose-ringed-Parakeet
data\spectrogram_dataset\train\Rufous-necked-Hornbill\Rufous-necked-Hornbill-0.png,Rufous-necked-Hornbill
data\spectrogram_dataset\train\Rufous-necked-Hornbill\Rufous-necked-Hornbill-1.png,Rufous-necked-Hornbill
data\spectrogram_dataset\train\Rufous-necked-Hornbill\Rufous-necked-Hornbill-10.png,Rufous-necked-Hornbill
data\spectrogram_dataset\train\Rufous-necked-Hornbill\Rufous-necked-Hornbill-11.png,Rufous-necked-Hornbill
data\spectrogram_dataset\train\Rufous-necked-Hornbill\Rufous-necked-Hornbill-12.png,Rufous-necked-Hornbill
data\spectrogram_dataset\train\Rufous-necked-Hornbill\Rufous-necked-Hornbill-13.png,Rufous-necked-Hornbill
data\spectrogram_dataset\train\Rufous-necked-Hornbill\Rufous-necked-Hornbill-14.png,Rufous-necked-Hornbill
data\spectrogram_dataset\train\Rufous-necked-Hornbill\Rufous-necked-Hornbill-15.png,Rufous-necked-Hornbill
data\spectrogram_dataset\train\Rufous-necked-Hornbill\Rufous-necked-Hornbill-16.png,Rufous-necked-Hornbill
data\spectrogram_dataset\train\Rufous-necked-Hornbill\Rufous-necked-Hornbill-17.png,Rufous-necked-Hornbill
data\spectrogram_dataset\train\Rufous-necked-Hornbill\Rufous-necked-Hornbill-18.png,Rufous-necked-Hornbill
data\spectrogram_dataset\train\Rufous-necked-Hornbill\Rufous-necked-Hornbill-19.png,Rufous-necked-Hornbill
data\spectrogram_dataset\train\Rufous-necked-Hornbill\Rufous-necked-Hornbill-2.png,Rufous-necked-Hornbill
data\spectrogram_dataset\train\Rufous-necked-Hornbill\Rufous-necked-Hornbill-20.png,Rufous-necked-Hornbill
data\spectrogram_dataset\train\Rufous-necked-Hornbill\Rufous-necked-Hornbill-21.png,Rufous-necked-Hornbill
data\spectrogram_dataset\train\Rufous-necked-Hornbill\Rufous-necked-Hornbill-22.png,Rufous-necked-Hornbill
data\spectrogram_dataset\train\Rufous-necked-Hornbill\Rufous-necked-Hornbill-23.png,Rufous-necked-Hornbill
data\spectrogram_dataset\train\Rufous-necked-Hornbill\Rufous-necked-Hornbill-24.png,Rufous-necked-Hornbill
data\spectrogram_dataset\train\Rufous-necked-Hornbill\Rufous-necked-Hornbill-25.png,Rufous-necked-Hornbill
data\spectrogram_dataset\train\Rufous-necked-Hornbill\Rufous-necked-Hornbill-26.png,Rufous-necked-Hornbill
data\spectrogram_dataset\train\Rufous-necked-Hornbill\Rufous-necked-Hornbill-27.png,Rufous-necked-Hornbill
data\spectrogram_dataset\train\Rufous-necked-Hornbill\Rufous-necked-Hornbill-28.png,Rufous-necked-Hornbill
data\spectrogram_dataset\train\Rufous-necked-Hornbill\Rufous-necked-Hornbill-29.png,Rufous-necked-Hornbill
data\spectrogram_dataset\train\Rufous-necked-Hornbill\Rufous-necked-Hornbill-3.png,Rufous-necked-Hornbill
data\spectrogram_dataset\train\Rufous-necked-Hornbill\Rufous-necked-Hornbill-30.png,Rufous-necked-Hornbill
data\spectrogram_dataset\train\Rufous-necked-Hornbill\Rufous-necked-Hornbill-31.png,Rufous-necked-Hornbill
data\spectrogram_dataset\train\Rufous-necked-Hornbill\Rufous-necked-Hornbill-32.png,Rufous-necked-Hornbill
data\spectrogram_dataset\train\Rufous-necked-Hornbill\Rufous-necked-Hornbill-33.png,Rufous-necked-Hornbill
data\spectrogram_dataset\train\Rufous-necked-Hornbill\Rufous-necked-Hornbill-34.png,Rufous-necked-Hornbill
data\spectrogram_dataset\train\Rufous-necked-Hornbill\Rufous-necked-Hornbill-35.png,Rufous-necked-Hornbill
data\spectrogram_dataset\train\Rufous-necked-Hornbill\Rufous-necked-Hornbill-4.png,Rufous-necked-Hornbill
data\spectrogram_dataset\train\Rufous-necked-Hornbill\Rufous-necked-Hornbill-5.png,Rufous-necked-Hornbill
data\spectrogram_dataset\train\Rufous-necked-Hornbill\Rufous-necked-Hornbill-6.png,Rufous-necked-Hornbill
data\spectrogram_dataset\train\Rufous-necked-Hornbill\Rufous-necked-Hornbill-7.png,Rufous-necked-Hornbill
data\spectrogram_dataset\train\Rufous-necked-Hornbill\Rufous-necked-Hornbill-8.png,Rufous-necked-Hornbill
data\spectrogram_dataset\train\Rufous-necked-Hornbill\Rufous-necked-Hornbill-9.png,Rufous-necked-Hornbill
data\spectrogram_dataset\train\Rufous-Treepie\Rufous-Treepie-0.png,Rufous-Treepie
data\spectrogram_dataset\train\Rufous-Treepie\Rufous-Treepie-1.png,Rufous-Treepie
data\spectrogram_dataset\train\Rufous-Treepie\Rufous-Treepie-10.png,Rufous-Treepie
data\spectrogram_dataset\train\Rufous-Treepie\Rufous-Treepie-100.png,Rufous-Treepie
data\spectrogram_dataset\train\Rufous-Treepie\Rufous-Treepie-101.png,Rufous-Treepie
data\spectrogram_dataset\train\Rufous-Treepie\Rufous-Treepie-102.png,Rufous-Treepie
data\spectrogram_dataset\train\Rufous-Treepie\Rufous-Treepie-103.png,Rufous-Treepie
data\spectrogram_dataset\train\Rufous-Treepie\Rufous-Treepie-104.png,Rufous-Treepie
data\spectrogram_dataset\train\Rufous-Treepie\Rufous-Treepie-105.png,Rufous-Treepie
data\spectrogram_dataset\train\Rufous-Treepie\Rufous-Treepie-106.png,Rufous-Treepie
data\spectrogram_dataset\train\Rufous-Treepie\Rufous-Treepie-107.png,Rufous-Treepie
data\spectrogram_dataset\train\Rufous-Treepie\Rufous-Treepie-108.png,Rufous-Treepie
data\spectrogram_dataset\train\Rufous-Treepie\Rufous-Treepie-109.png,Rufous-Treepie
data\spectrogram_dataset\train\Rufous-Treepie\Rufous-Treepie-11.png,Rufous-Treepie
data\spectrogram_dataset\train\Rufous-Treepie\Rufous-Treepie-110.png,Rufous-Treepie
data\spectrogram_dataset\train\Rufous-Treepie\Rufous-Treepie-111.png,Rufous-Treepie
data\spectrogram_dataset\train\Rufous-Treepie\Rufous-Treepie-112.png,Rufous-Treepie
data\spectrogram_dataset\train\Rufous-Treepie\Rufous-Treepie-113.png,Rufous-Treepie
data\spectrogram_dataset\train\Rufous-Treepie\Rufous-Treepie-114.png,Rufous-Treepie
data\spectrogram_dataset\train\Rufous-Treepie\Rufous-Treepie-115.png,Rufous-Treepie
data\spectrogram_dataset\train\Rufous-Treepie\Rufous-Treepie-116.png,Rufous-Treepie
data\spectrogram_dataset\train\Rufous-Treepie\Rufous-Treepie-117.png,Rufous-Treepie
data\spectrogram_dataset\train\Rufous-Treepie\Rufous-Treepie-118.png,Rufous-Treepie
data\spectrogram_dataset\train\Rufous-Treepie\Rufous-Treepie-119.png,Rufous-Treepie
data\spectrogram_dataset\train\Rufous-Treepie\Rufous-Treepie-12.png,Rufous-Treepie
data\spectrogram_dataset\train\Rufous-Treepie\Rufous-Treepie-120.png,Rufous-Treepie
data\spectrogram_dataset\train\Rufous-Treepie\Rufous-Treepie-121.png,Rufous-Treepie
data\spectrogram_dataset\train\Rufous-Treepie\Rufous-Treepie-122.png,Rufous-Treepie
data\spectrogram_dataset\train\Rufous-Treepie\Rufous-Treepie-123.png,Rufous-Treepie
data\spectrogram_dataset\train\Rufous-Treepie\Rufous-Treepie-124.png,Rufous-Treepie
data\spectrogram_dataset\train\Rufous-Treepie\Rufous-Treepie-125.png,Rufous-Treepie
data\spectrogram_dataset\train\Rufous-Treepie\Rufous-Treepie-126.png,Rufous-Treepie
data\spectrogram_dataset\train\Rufous-Treepie\Rufous-Treepie-127.png,Rufous-Treepie
data\spectrogram_dataset\train\Rufous-Treepie\Rufous-Treepie-128.png,Rufous-Treepie
data\spectrogram_dataset\train\Rufous-Treepie\Rufous-Treepie-129.png,Rufous-Treepie
data\spectrogram_dataset\train\Rufous-Treepie\Rufous-Treepie-13.png,Rufous-Treepie
data\spectrogram_dataset\train\Rufous-Treepie\Rufous-Treepie-130.png,Rufous-Treepie
data\spectrogram_dataset\train\Rufous-Treepie\Rufous-Treepie-131.png,Rufous-Treepie
data\spectrogram_dataset\train\Rufous-Treepie\Rufous-Treepie-132.png,Rufous-Treepie
data\spectrogram_dataset\train\Rufous-Treepie\Rufous-Treepie-133.png,Rufous-Treepie
data\spectrogram_dataset\train\Rufous-Treepie\Rufous-Treepie-134.png,Rufous-Treepie
data\spectrogram_dataset\train\Rufous-Treepie\Rufous-Treepie-135.png,Rufous-Treepie
data\spectrogram_dataset\train\Rufous-Treepie\Rufous-Treepie-136.png,Rufous-Treepie
data\spectrogram_dataset\train\Rufous-Treepie\Rufous-Treepie-137.png,Rufous-Treepie
data\spectrogram_dataset\train\Rufous-Treepie\Rufous-Treepie-138.png,Rufous-Treepie
data\spectrogram_dataset\train\Rufous-Treepie\Rufous-Treepie-139.png,Rufous-Treepie
data\spectrogram_dataset\train\Rufous-Treepie\Rufous-Treepie-14.png,Rufous-Treepie
data\spectrogram_dataset\train\Rufous-Treepie\Rufous-Treepie-140.png,Rufous-Treepie
data\spectrogram_dataset\train\Rufous-Treepie\Rufous-Treepie-141.png,Rufous-Treepie
data\spectrogram_dataset\train\Rufous-Treepie\Rufous-Treepie-142.png,Rufous-Treepie
data\spectrogram_dataset\train\Rufous-Treepie\Rufous-Treepie-143.png,Rufous-Treepie
data\spectrogram_dataset\train\Rufous-Treepie\Rufous-Treepie-144.png,Rufous-Treepie
data\spectrogram_dataset\train\Rufous-Treepie\Rufous-Treepie-145.png,Rufous-Treepie
data\spectrogram_dataset\train\Rufous-Treepie\Rufous-Treepie-146.png,Rufous-Treepie
data\spectrogram_dataset\train\Rufous-Treepie\Rufous-Treepie-147.png,Rufous-Treepie
data\spectrogram_dataset\train\Rufous-Treepie\Rufous-Treepie-148.png,Rufous-Treepie
data\spectrogram_dataset\train\Rufous-Treepie\Rufous-Treepie-149.png,Rufous-Treepie
data\spectrogram_dataset\train\Rufous-Treepie\Rufous-Treepie-15.png,Rufous-Treepie
data\spectrogram_dataset\train\Rufous-Treepie\Rufous-Treepie-150.png,Rufous-Treepie
data\spectrogram_dataset\train\Rufous-Treepie\Rufous-Treepie-151.png,Rufous-Treepie
data\spectrogram_dataset\train\Rufous-Treepie\Rufous-Treepie-152.png,Rufous-Treepie
data\spectrogram_dataset\train\Rufous-Treepie\Rufous-Treepie-153.png,Rufous-Treepie
data\spectrogram_dataset\train\Rufous-Treepie\Rufous-Treepie-154.png,Rufous-Treepie
data\spectrogram_dataset\train\Rufous-Treepie\Rufous-Treepie-155.png,Rufous-Treepie
data\spectrogram_dataset\train\Rufous-Treepie\Rufous-Treepie-156.png,Rufous-Treepie
data\spectrogram_dataset\train\Rufous-Treepie\Rufous-Treepie-157.png,Rufous-Treepie
data\spectrogram_dataset\train\Rufous-Treepie\Rufous-Treepie-158.png,Rufous-Treepie
data\spectrogram_dataset\train\Rufous-Treepie\Rufous-Treepie-159.png,Rufous-Treepie
data\spectrogram_dataset\train\Rufous-Treepie\Rufous-Treepie-16.png,Rufous-Treepie
data\spectrogram_dataset\train\Rufous-Treepie\Rufous-Treepie-160.png,Rufous-Treepie
data\spectrogram_dataset\train\Rufous-Treepie\Rufous-Treepie-161.png,Rufous-Treepie
data\spectrogram_dataset\train\Rufous-Treepie\Rufous-Treepie-162.png,Rufous-Treepie
data\spectrogram_dataset\train\Rufous-Treepie\Rufous-Treepie-163.png,Rufous-Treepie
data\spectrogram_dataset\train\Rufous-Treepie\Rufous-Treepie-164.png,Rufous-Treepie
data\spectrogram_dataset\train\Rufous-Treepie\Rufous-Treepie-165.png,Rufous-Treepie
data\spectrogram_dataset\train\Rufous-Treepie\Rufous-Treepie-166.png,Rufous-Treepie
data\spectrogram_dataset\train\Rufous-Treepie\Rufous-Treepie-167.png,Rufous-Treepie
data\spectrogram_dataset\train\Rufous-Treepie\Rufous-Treepie-168.png,Rufous-Treepie
data\spectrogram_dataset\train\Rufous-Treepie\Rufous-Treepie-169.png,Rufous-Treepie
data\spectrogram_dataset\train\Rufous-Treepie\Rufous-Treepie-17.png,Rufous-Treepie
data\spectrogram_dataset\train\Rufous-Treepie\Rufous-Treepie-170.png,Rufous-Treepie
data\spectrogram_dataset\train\Rufous-Treepie\Rufous-Treepie-171.png,Rufous-Treepie
data\spectrogram_dataset\train\Rufous-Treepie\Rufous-Treepie-172.png,Rufous-Treepie
data\spectrogram_dataset\train\Rufous-Treepie\Rufous-Treepie-173.png,Rufous-Treepie
data\spectrogram_dataset\train\Rufous-Treepie\Rufous-Treepie-174.png,Rufous-Treepie
data\spectrogram_dataset\train\Rufous-Treepie\Rufous-Treepie-175.png,Rufous-Treepie
data\spectrogram_dataset\train\Rufous-Treepie\Rufous-Treepie-176.png,Rufous-Treepie
data\spectrogram_dataset\train\Rufous-Treepie\Rufous-Treepie-177.png,Rufous-Treepie
data\spectrogram_dataset\train\Rufous-Treepie\Rufous-Treepie-178.png,Rufous-Treepie
data\spectrogram_dataset\train\Rufous-Treepie\Rufous-Treepie-179.png,Rufous-Treepie
data\spectrogram_dataset\train\Rufous-Treepie\Rufous-Treepie-18.png,Rufous-Treepie
data\spectrogram_dataset\train\Rufous-Treepie\Rufous-Treepie-180.png,Rufous-Treepie
data\spectrogram_dataset\train\Rufous-Treepie\Rufous-Treepie-181.png,Rufous-Treepie
data\spectrogram_dataset\train\Rufous-Treepie\Rufous-Treepie-182.png,Rufous-Treepie
data\spectrogram_dataset\train\Rufous-Treepie\Rufous-Treepie-183.png,Rufous-Treepie
data\spectrogram_dataset\train\Rufous-Treepie\Rufous-Treepie-184.png,Rufous-Treepie
data\spectrogram_dataset\train\Rufous-Treepie\Rufous-Treepie-185.png,Rufous-Treepie
data\spectrogram_dataset\train\Rufous-Treepie\Rufous-Treepie-186.png,Rufous-Treepie
data\spectrogram_dataset\train\Rufous-Treepie\Rufous-Treepie-187.png,Rufous-Treepie
data\spectrogram_dataset\train\Rufous-Treepie\Rufous-Treepie-188.png,Rufous-Treepie
data\spectrogram_dataset\train\Rufous-Treepie\Rufous-Treepie-189.png,Rufous-Treepie
data\spectrogram_dataset\train\Rufous-Treepie\Rufous-Treepie-19.png,Rufous-Treepie
data\spectrogram_dataset\train\Rufous-Treepie\Rufous-Treepie-190.png,Rufous-Treepie
data\spectrogram_dataset\train\Rufous-Treepie\Rufous-Treepie-191.png,Rufous-Treepie
data\spectrogram_dataset\train\Rufous-Treepie\Rufous-Treepie-192.png,Rufous-Treepie
data\spectrogram_dataset\train\Rufous-Treepie\Rufous-Treepie-193.png,Rufous-Treepie
data\spectrogram_dataset\train\Rufous-Treepie\Rufous-Treepie-194.png,Rufous-Treepie
data\spectrogram_dataset\train\Rufous-Treepie\Rufous-Treepie-195.png,Rufous-Treepie
data\spectrogram_dataset\train\Rufous-Treepie\Rufous-Treepie-196.png,Rufous-Treepie
data\spectrogram_dataset\train\Rufous-Treepie\Rufous-Treepie-197.png,Rufous-Treepie
data\spectrogram_dataset\train\Rufous-Treepie\Rufous-Treepie-198.png,Rufous-Treepie
data\spectrogram_dataset\train\Rufous-Treepie\Rufous-Treepie-199.png,Rufous-Treepie
data\spectrogram_dataset\train\Rufous-Treepie\Rufous-Treepie-2.png,Rufous-Treepie
data\spectrogram_dataset\train\Rufous-Treepie\Rufous-Treepie-20.png,Rufous-Treepie
data\spectrogram_dataset\train\Rufous-Treepie\Rufous-Treepie-200.png,Rufous-Treepie
data\spectrogram_dataset\train\Rufous-Treepie\Rufous-Treepie-201.png,Rufous-Treepie
data\spectrogram_dataset\train\Rufous-Treepie\Rufous-Treepie-202.png,Rufous-Treepie
data\spectrogram_dataset\train\Rufous-Treepie\Rufous-Treepie-203.png,Rufous-Treepie
data\spectrogram_dataset\train\Rufous-Treepie\Rufous-Treepie-204.png,Rufous-Treepie
data\spectrogram_dataset\train\Rufous-Treepie\Rufous-Treepie-205.png,Rufous-Treepie
data\spectrogram_dataset\train\Rufous-Treepie\Rufous-Treepie-206.png,Rufous-Treepie
data\spectrogram_dataset\train\Rufous-Treepie\Rufous-Treepie-207.png,Rufous-Treepie
data\spectrogram_dataset\train\Rufous-Treepie\Rufous-Treepie-208.png,Rufous-Treepie
data\spectrogram_dataset\train\Rufous-Treepie\Rufous-Treepie-209.png,Rufous-Treepie
data\spectrogram_dataset\train\Rufous-Treepie\Rufous-Treepie-21.png,Rufous-Treepie
data\spectrogram_dataset\train\Rufous-Treepie\Rufous-Treepie-210.png,Rufous-Treepie
data\spectrogram_dataset\train\Rufous-Treepie\Rufous-Treepie-211.png,Rufous-Treepie
data\spectrogram_dataset\train\Rufous-Treepie\Rufous-Treepie-212.png,Rufous-Treepie
data\spectrogram_dataset\train\Rufous-Treepie\Rufous-Treepie-213.png,Rufous-Treepie
data\spectrogram_dataset\train\Rufous-Treepie\Rufous-Treepie-214.png,Rufous-Treepie
data\spectrogram_dataset\train\Rufous-Treepie\Rufous-Treepie-215.png,Rufous-Treepie
data\spectrogram_dataset\train\Rufous-Treepie\Rufous-Treepie-216.png,Rufous-Treepie
data\spectrogram_dataset\train\Rufous-Treepie\Rufous-Treepie-217.png,Rufous-Treepie
data\spectrogram_dataset\train\Rufous-Treepie\Rufous-Treepie-218.png,Rufous-Treepie
data\spectrogram_dataset\train\Rufous-Treepie\Rufous-Treepie-219.png,Rufous-Treepie
data\spectrogram_dataset\train\Rufous-Treepie\Rufous-Treepie-22.png,Rufous-Treepie
data\spectrogram_dataset\train\Rufous-Treepie\Rufous-Treepie-220.png,Rufous-Treepie
data\spectrogram_dataset\train\Rufous-Treepie\Rufous-Treepie-221.png,Rufous-Treepie
data\spectrogram_dataset\train\Rufous-Treepie\Rufous-Treepie-222.png,Rufous-Treepie
data\spectrogram_dataset\train\Rufous-Treepie\Rufous-Treepie-223.png,Rufous-Treepie
data\spectrogram_dataset\train\Rufous-Treepie\Rufous-Treepie-224.png,Rufous-Treepie
data\spectrogram_dataset\train\Rufous-Treepie\Rufous-Treepie-225.png,Rufous-Treepie
data\spectrogram_dataset\train\Rufous-Treepie\Rufous-Treepie-226.png,Rufous-Treepie
data\spectrogram_dataset\train\Rufous-Treepie\Rufous-Treepie-227.png,Rufous-Treepie
data\spectrogram_dataset\train\Rufous-Treepie\Rufous-Treepie-228.png,Rufous-Treepie
data\spectrogram_dataset\train\Rufous-Treepie\Rufous-Treepie-229.png,Rufous-Treepie
data\spectrogram_dataset\train\Rufous-Treepie\Rufous-Treepie-23.png,Rufous-Treepie
data\spectrogram_dataset\train\Rufous-Treepie\Rufous-Treepie-230.png,Rufous-Treepie
data\spectrogram_dataset\train\Rufous-Treepie\Rufous-Treepie-231.png,Rufous-Treepie
data\spectrogram_dataset\train\Rufous-Treepie\Rufous-Treepie-232.png,Rufous-Treepie
data\spectrogram_dataset\train\Rufous-Treepie\Rufous-Treepie-233.png,Rufous-Treepie
data\spectrogram_dataset\train\Rufous-Treepie\Rufous-Treepie-234.png,Rufous-Treepie
data\spectrogram_dataset\train\Rufous-Treepie\Rufous-Treepie-235.png,Rufous-Treepie
data\spectrogram_dataset\train\Rufous-Treepie\Rufous-Treepie-236.png,Rufous-Treepie
data\spectrogram_dataset\train\Rufous-Treepie\Rufous-Treepie-237.png,Rufous-Treepie
data\spectrogram_dataset\train\Rufous-Treepie\Rufous-Treepie-238.png,Rufous-Treepie
data\spectrogram_dataset\train\Rufous-Treepie\Rufous-Treepie-24.png,Rufous-Treepie
data\spectrogram_dataset\train\Rufous-Treepie\Rufous-Treepie-25.png,Rufous-Treepie
data\spectrogram_dataset\train\Rufous-Treepie\Rufous-Treepie-26.png,Rufous-Treepie
data\spectrogram_dataset\train\Rufous-Treepie\Rufous-Treepie-27.png,Rufous-Treepie
data\spectrogram_dataset\train\Rufous-Treepie\Rufous-Treepie-28.png,Rufous-Treepie
data\spectrogram_dataset\train\Rufous-Treepie\Rufous-Treepie-29.png,Rufous-Treepie
data\spectrogram_dataset\train\Rufous-Treepie\Rufous-Treepie-3.png,Rufous-Treepie
data\spectrogram_dataset\train\Rufous-Treepie\Rufous-Treepie-30.png,Rufous-Treepie
data\spectrogram_dataset\train\Rufous-Treepie\Rufous-Treepie-31.png,Rufous-Treepie
data\spectrogram_dataset\train\Rufous-Treepie\Rufous-Treepie-32.png,Rufous-Treepie
data\spectrogram_dataset\train\Rufous-Treepie\Rufous-Treepie-33.png,Rufous-Treepie
data\spectrogram_dataset\train\Rufous-Treepie\Rufous-Treepie-34.png,Rufous-Treepie
data\spectrogram_dataset\train\Rufous-Treepie\Rufous-Treepie-35.png,Rufous-Treepie
data\spectrogram_dataset\train\Rufous-Treepie\Rufous-Treepie-36.png,Rufous-Treepie
data\spectrogram_dataset\train\Rufous-Treepie\Rufous-Treepie-37.png,Rufous-Treepie
data\spectrogram_dataset\train\Rufous-Treepie\Rufous-Treepie-38.png,Rufous-Treepie
data\spectrogram_dataset\train\Rufous-Treepie\Rufous-Treepie-39.png,Rufous-Treepie
data\spectrogram_dataset\train\Rufous-Treepie\Rufous-Treepie-4.png,Rufous-Treepie
data\spectrogram_dataset\train\Rufous-Treepie\Rufous-Treepie-40.png,Rufous-Treepie
data\spectrogram_dataset\train\Rufous-Treepie\Rufous-Treepie-41.png,Rufous-Treepie
data\spectrogram_dataset\train\Rufous-Treepie\Rufous-Treepie-42.png,Rufous-Treepie
data\spectrogram_dataset\train\Rufous-Treepie\Rufous-Treepie-43.png,Rufous-Treepie
data\spectrogram_dataset\train\Rufous-Treepie\Rufous-Treepie-44.png,Rufous-Treepie
data\spectrogram_dataset\train\Rufous-Treepie\Rufous-Treepie-45.png,Rufous-Treepie
data\spectrogram_dataset\train\Rufous-Treepie\Rufous-Treepie-46.png,Rufous-Treepie
data\spectrogram_dataset\train\Rufous-Treepie\Rufous-Treepie-47.png,Rufous-Treepie
data\spectrogram_dataset\train\Rufous-Treepie\Rufous-Treepie-48.png,Rufous-Treepie
data\spectrogram_dataset\train\Rufous-Treepie\Rufous-Treepie-49.png,Rufous-Treepie
data\spectrogram_dataset\train\Rufous-Treepie\Rufous-Treepie-5.png,Rufous-Treepie
data\spectrogram_dataset\train\Rufous-Treepie\Rufous-Treepie-50.png,Rufous-Treepie
data\spectrogram_dataset\train\Rufous-Treepie\Rufous-Treepie-51.png,Rufous-Treepie
data\spectrogram_dataset\train\Rufous-Treepie\Rufous-Treepie-52.png,Rufous-Treepie
data\spectrogram_dataset\train\Rufous-Treepie\Rufous-Treepie-53.png,Rufous-Treepie
data\spectrogram_dataset\train\Rufous-Treepie\Rufous-Treepie-54.png,Rufous-Treepie
data\spectrogram_dataset\train\Rufous-Treepie\Rufous-Treepie-55.png,Rufous-Treepie
data\spectrogram_dataset\train\Rufous-Treepie\Rufous-Treepie-56.png,Rufous-Treepie
data\spectrogram_dataset\train\Rufous-Treepie\Rufous-Treepie-57.png,Rufous-Treepie
data\spectrogram_dataset\train\Rufous-Treepie\Rufous-Treepie-58.png,Rufous-Treepie
data\spectrogram_dataset\train\Rufous-Treepie\Rufous-Treepie-59.png,Rufous-Treepie
data\spectrogram_dataset\train\Rufous-Treepie\Rufous-Treepie-6.png,Rufous-Treepie
data\spectrogram_dataset\train\Rufous-Treepie\Rufous-Treepie-60.png,Rufous-Treepie
data\spectrogram_dataset\train\Rufous-Treepie\Rufous-Treepie-61.png,Rufous-Treepie
data\spectrogram_dataset\train\Rufous-Treepie\Rufous-Treepie-62.png,Rufous-Treepie
data\spectrogram_dataset\train\Rufous-Treepie\Rufous-Treepie-63.png,Rufous-Treepie
data\spectrogram_dataset\train\Rufous-Treepie\Rufous-Treepie-64.png,Rufous-Treepie
data\spectrogram_dataset\train\Rufous-Treepie\Rufous-Treepie-65.png,Rufous-Treepie
data\spectrogram_dataset\train\Rufous-Treepie\Rufous-Treepie-66.png,Rufous-Treepie
data\spectrogram_dataset\train\Rufous-Treepie\Rufous-Treepie-67.png,Rufous-Treepie
data\spectrogram_dataset\train\Rufous-Treepie\Rufous-Treepie-68.png,Rufous-Treepie
data\spectrogram_dataset\train\Rufous-Treepie\Rufous-Treepie-69.png,Rufous-Treepie
data\spectrogram_dataset\train\Rufous-Treepie\Rufous-Treepie-7.png,Rufous-Treepie
data\spectrogram_dataset\train\Rufous-Treepie\Rufous-Treepie-70.png,Rufous-Treepie
data\spectrogram_dataset\train\Rufous-Treepie\Rufous-Treepie-71.png,Rufous-Treepie
data\spectrogram_dataset\train\Rufous-Treepie\Rufous-Treepie-72.png,Rufous-Treepie
data\spectrogram_dataset\train\Rufous-Treepie\Rufous-Treepie-73.png,Rufous-Treepie
data\spectrogram_dataset\train\Rufous-Treepie\Rufous-Treepie-74.png,Rufous-Treepie
data\spectrogram_dataset\train\Rufous-Treepie\Rufous-Treepie-75.png,Rufous-Treepie
data\spectrogram_dataset\train\Rufous-Treepie\Rufous-Treepie-76.png,Rufous-Treepie
data\spectrogram_dataset\train\Rufous-Treepie\Rufous-Treepie-77.png,Rufous-Treepie
data\spectrogram_dataset\train\Rufous-Treepie\Rufous-Treepie-78.png,Rufous-Treepie
data\spectrogram_dataset\train\Rufous-Treepie\Rufous-Treepie-79.png,Rufous-Treepie
data\spectrogram_dataset\train\Rufous-Treepie\Rufous-Treepie-8.png,Rufous-Treepie
data\spectrogram_dataset\train\Rufous-Treepie\Rufous-Treepie-80.png,Rufous-Treepie
data\spectrogram_dataset\train\Rufous-Treepie\Rufous-Treepie-81.png,Rufous-Treepie
data\spectrogram_dataset\train\Rufous-Treepie\Rufous-Treepie-82.png,Rufous-Treepie
data\spectrogram_dataset\train\Rufous-Treepie\Rufous-Treepie-83.png,Rufous-Treepie
data\spectrogram_dataset\train\Rufous-Treepie\Rufous-Treepie-84.png,Rufous-Treepie
data\spectrogram_dataset\train\Rufous-Treepie\Rufous-Treepie-85.png,Rufous-Treepie
data\spectrogram_dataset\train\Rufous-Treepie\Rufous-Treepie-86.png,Rufous-Treepie
data\spectrogram_dataset\train\Rufous-Treepie\Rufous-Treepie-87.png,Rufous-Treepie
data\spectrogram_dataset\train\Rufous-Treepie\Rufous-Treepie-88.png,Rufous-Treepie
data\spectrogram_dataset\train\Rufous-Treepie\Rufous-Treepie-89.png,Rufous-Treepie
data\spectrogram_dataset\train\Rufous-Treepie\Rufous-Treepie-9.png,Rufous-Treepie
data\spectrogram_dataset\train\Rufous-Treepie\Rufous-Treepie-90.png,Rufous-Treepie
data\spectrogram_dataset\train\Rufous-Treepie\Rufous-Treepie-91.png,Rufous-Treepie
data\spectrogram_dataset\train\Rufous-Treepie\Rufous-Treepie-92.png,Rufous-Treepie
data\spectrogram_dataset\train\Rufous-Treepie\Rufous-Treepie-93.png,Rufous-Treepie
data\spectrogram_dataset\train\Rufous-Treepie\Rufous-Treepie-94.png,Rufous-Treepie
data\spectrogram_dataset\train\Rufous-Treepie\Rufous-Treepie-95.png,Rufous-Treepie
data\spectrogram_dataset\train\Rufous-Treepie\Rufous-Treepie-96.png,Rufous-Treepie
data\spectrogram_dataset\train\Rufous-Treepie\Rufous-Treepie-97.png,Rufous-Treepie
data\spectrogram_dataset\train\Rufous-Treepie\Rufous-Treepie-98.png,Rufous-Treepie
data\spectrogram_dataset\train\Rufous-Treepie\Rufous-Treepie-99.png,Rufous-Treepie
data\spectrogram_dataset\train\Rustic-Bunting\Rustic-Bunting-0.png,Rustic-Bunting
data\spectrogram_dataset\train\Rustic-Bunting\Rustic-Bunting-1.png,Rustic-Bunting
data\spectrogram_dataset\train\Rustic-Bunting\Rustic-Bunting-10.png,Rustic-Bunting
data\spectrogram_dataset\train\Rustic-Bunting\Rustic-Bunting-100.png,Rustic-Bunting
data\spectrogram_dataset\train\Rustic-Bunting\Rustic-Bunting-101.png,Rustic-Bunting
data\spectrogram_dataset\train\Rustic-Bunting\Rustic-Bunting-102.png,Rustic-Bunting
data\spectrogram_dataset\train\Rustic-Bunting\Rustic-Bunting-103.png,Rustic-Bunting
data\spectrogram_dataset\train\Rustic-Bunting\Rustic-Bunting-104.png,Rustic-Bunting
data\spectrogram_dataset\train\Rustic-Bunting\Rustic-Bunting-105.png,Rustic-Bunting
data\spectrogram_dataset\train\Rustic-Bunting\Rustic-Bunting-106.png,Rustic-Bunting
data\spectrogram_dataset\train\Rustic-Bunting\Rustic-Bunting-107.png,Rustic-Bunting
data\spectrogram_dataset\train\Rustic-Bunting\Rustic-Bunting-108.png,Rustic-Bunting
data\spectrogram_dataset\train\Rustic-Bunting\Rustic-Bunting-109.png,Rustic-Bunting
data\spectrogram_dataset\train\Rustic-Bunting\Rustic-Bunting-11.png,Rustic-Bunting
data\spectrogram_dataset\train\Rustic-Bunting\Rustic-Bunting-110.png,Rustic-Bunting
data\spectrogram_dataset\train\Rustic-Bunting\Rustic-Bunting-111.png,Rustic-Bunting
data\spectrogram_dataset\train\Rustic-Bunting\Rustic-Bunting-112.png,Rustic-Bunting
data\spectrogram_dataset\train\Rustic-Bunting\Rustic-Bunting-113.png,Rustic-Bunting
data\spectrogram_dataset\train\Rustic-Bunting\Rustic-Bunting-114.png,Rustic-Bunting
data\spectrogram_dataset\train\Rustic-Bunting\Rustic-Bunting-115.png,Rustic-Bunting
data\spectrogram_dataset\train\Rustic-Bunting\Rustic-Bunting-116.png,Rustic-Bunting
data\spectrogram_dataset\train\Rustic-Bunting\Rustic-Bunting-117.png,Rustic-Bunting
data\spectrogram_dataset\train\Rustic-Bunting\Rustic-Bunting-118.png,Rustic-Bunting
data\spectrogram_dataset\train\Rustic-Bunting\Rustic-Bunting-119.png,Rustic-Bunting
data\spectrogram_dataset\train\Rustic-Bunting\Rustic-Bunting-12.png,Rustic-Bunting
data\spectrogram_dataset\train\Rustic-Bunting\Rustic-Bunting-120.png,Rustic-Bunting
data\spectrogram_dataset\train\Rustic-Bunting\Rustic-Bunting-121.png,Rustic-Bunting
data\spectrogram_dataset\train\Rustic-Bunting\Rustic-Bunting-122.png,Rustic-Bunting
data\spectrogram_dataset\train\Rustic-Bunting\Rustic-Bunting-123.png,Rustic-Bunting
data\spectrogram_dataset\train\Rustic-Bunting\Rustic-Bunting-124.png,Rustic-Bunting
data\spectrogram_dataset\train\Rustic-Bunting\Rustic-Bunting-125.png,Rustic-Bunting
data\spectrogram_dataset\train\Rustic-Bunting\Rustic-Bunting-126.png,Rustic-Bunting
data\spectrogram_dataset\train\Rustic-Bunting\Rustic-Bunting-127.png,Rustic-Bunting
data\spectrogram_dataset\train\Rustic-Bunting\Rustic-Bunting-128.png,Rustic-Bunting
data\spectrogram_dataset\train\Rustic-Bunting\Rustic-Bunting-129.png,Rustic-Bunting
data\spectrogram_dataset\train\Rustic-Bunting\Rustic-Bunting-13.png,Rustic-Bunting
data\spectrogram_dataset\train\Rustic-Bunting\Rustic-Bunting-130.png,Rustic-Bunting
data\spectrogram_dataset\train\Rustic-Bunting\Rustic-Bunting-131.png,Rustic-Bunting
data\spectrogram_dataset\train\Rustic-Bunting\Rustic-Bunting-132.png,Rustic-Bunting
data\spectrogram_dataset\train\Rustic-Bunting\Rustic-Bunting-133.png,Rustic-Bunting
data\spectrogram_dataset\train\Rustic-Bunting\Rustic-Bunting-134.png,Rustic-Bunting
data\spectrogram_dataset\train\Rustic-Bunting\Rustic-Bunting-135.png,Rustic-Bunting
data\spectrogram_dataset\train\Rustic-Bunting\Rustic-Bunting-136.png,Rustic-Bunting
data\spectrogram_dataset\train\Rustic-Bunting\Rustic-Bunting-137.png,Rustic-Bunting
data\spectrogram_dataset\train\Rustic-Bunting\Rustic-Bunting-138.png,Rustic-Bunting
data\spectrogram_dataset\train\Rustic-Bunting\Rustic-Bunting-139.png,Rustic-Bunting
data\spectrogram_dataset\train\Rustic-Bunting\Rustic-Bunting-14.png,Rustic-Bunting
data\spectrogram_dataset\train\Rustic-Bunting\Rustic-Bunting-140.png,Rustic-Bunting
data\spectrogram_dataset\train\Rustic-Bunting\Rustic-Bunting-141.png,Rustic-Bunting
data\spectrogram_dataset\train\Rustic-Bunting\Rustic-Bunting-142.png,Rustic-Bunting
data\spectrogram_dataset\train\Rustic-Bunting\Rustic-Bunting-143.png,Rustic-Bunting
data\spectrogram_dataset\train\Rustic-Bunting\Rustic-Bunting-144.png,Rustic-Bunting
data\spectrogram_dataset\train\Rustic-Bunting\Rustic-Bunting-145.png,Rustic-Bunting
data\spectrogram_dataset\train\Rustic-Bunting\Rustic-Bunting-146.png,Rustic-Bunting
data\spectrogram_dataset\train\Rustic-Bunting\Rustic-Bunting-147.png,Rustic-Bunting
data\spectrogram_dataset\train\Rustic-Bunting\Rustic-Bunting-148.png,Rustic-Bunting
data\spectrogram_dataset\train\Rustic-Bunting\Rustic-Bunting-149.png,Rustic-Bunting
data\spectrogram_dataset\train\Rustic-Bunting\Rustic-Bunting-15.png,Rustic-Bunting
data\spectrogram_dataset\train\Rustic-Bunting\Rustic-Bunting-150.png,Rustic-Bunting
data\spectrogram_dataset\train\Rustic-Bunting\Rustic-Bunting-151.png,Rustic-Bunting
data\spectrogram_dataset\train\Rustic-Bunting\Rustic-Bunting-152.png,Rustic-Bunting
data\spectrogram_dataset\train\Rustic-Bunting\Rustic-Bunting-153.png,Rustic-Bunting
data\spectrogram_dataset\train\Rustic-Bunting\Rustic-Bunting-154.png,Rustic-Bunting
data\spectrogram_dataset\train\Rustic-Bunting\Rustic-Bunting-155.png,Rustic-Bunting
data\spectrogram_dataset\train\Rustic-Bunting\Rustic-Bunting-156.png,Rustic-Bunting
data\spectrogram_dataset\train\Rustic-Bunting\Rustic-Bunting-157.png,Rustic-Bunting
data\spectrogram_dataset\train\Rustic-Bunting\Rustic-Bunting-158.png,Rustic-Bunting
data\spectrogram_dataset\train\Rustic-Bunting\Rustic-Bunting-159.png,Rustic-Bunting
data\spectrogram_dataset\train\Rustic-Bunting\Rustic-Bunting-16.png,Rustic-Bunting
data\spectrogram_dataset\train\Rustic-Bunting\Rustic-Bunting-160.png,Rustic-Bunting
data\spectrogram_dataset\train\Rustic-Bunting\Rustic-Bunting-161.png,Rustic-Bunting
data\spectrogram_dataset\train\Rustic-Bunting\Rustic-Bunting-162.png,Rustic-Bunting
data\spectrogram_dataset\train\Rustic-Bunting\Rustic-Bunting-163.png,Rustic-Bunting
data\spectrogram_dataset\train\Rustic-Bunting\Rustic-Bunting-164.png,Rustic-Bunting
data\spectrogram_dataset\train\Rustic-Bunting\Rustic-Bunting-165.png,Rustic-Bunting
data\spectrogram_dataset\train\Rustic-Bunting\Rustic-Bunting-166.png,Rustic-Bunting
data\spectrogram_dataset\train\Rustic-Bunting\Rustic-Bunting-167.png,Rustic-Bunting
data\spectrogram_dataset\train\Rustic-Bunting\Rustic-Bunting-168.png,Rustic-Bunting
data\spectrogram_dataset\train\Rustic-Bunting\Rustic-Bunting-169.png,Rustic-Bunting
data\spectrogram_dataset\train\Rustic-Bunting\Rustic-Bunting-17.png,Rustic-Bunting
data\spectrogram_dataset\train\Rustic-Bunting\Rustic-Bunting-170.png,Rustic-Bunting
data\spectrogram_dataset\train\Rustic-Bunting\Rustic-Bunting-171.png,Rustic-Bunting
data\spectrogram_dataset\train\Rustic-Bunting\Rustic-Bunting-172.png,Rustic-Bunting
data\spectrogram_dataset\train\Rustic-Bunting\Rustic-Bunting-173.png,Rustic-Bunting
data\spectrogram_dataset\train\Rustic-Bunting\Rustic-Bunting-174.png,Rustic-Bunting
data\spectrogram_dataset\train\Rustic-Bunting\Rustic-Bunting-175.png,Rustic-Bunting
data\spectrogram_dataset\train\Rustic-Bunting\Rustic-Bunting-176.png,Rustic-Bunting
data\spectrogram_dataset\train\Rustic-Bunting\Rustic-Bunting-177.png,Rustic-Bunting
data\spectrogram_dataset\train\Rustic-Bunting\Rustic-Bunting-178.png,Rustic-Bunting
data\spectrogram_dataset\train\Rustic-Bunting\Rustic-Bunting-179.png,Rustic-Bunting
data\spectrogram_dataset\train\Rustic-Bunting\Rustic-Bunting-18.png,Rustic-Bunting
data\spectrogram_dataset\train\Rustic-Bunting\Rustic-Bunting-180.png,Rustic-Bunting
data\spectrogram_dataset\train\Rustic-Bunting\Rustic-Bunting-181.png,Rustic-Bunting
data\spectrogram_dataset\train\Rustic-Bunting\Rustic-Bunting-182.png,Rustic-Bunting
data\spectrogram_dataset\train\Rustic-Bunting\Rustic-Bunting-183.png,Rustic-Bunting
data\spectrogram_dataset\train\Rustic-Bunting\Rustic-Bunting-184.png,Rustic-Bunting
data\spectrogram_dataset\train\Rustic-Bunting\Rustic-Bunting-185.png,Rustic-Bunting
data\spectrogram_dataset\train\Rustic-Bunting\Rustic-Bunting-186.png,Rustic-Bunting
data\spectrogram_dataset\train\Rustic-Bunting\Rustic-Bunting-187.png,Rustic-Bunting
data\spectrogram_dataset\train\Rustic-Bunting\Rustic-Bunting-188.png,Rustic-Bunting
data\spectrogram_dataset\train\Rustic-Bunting\Rustic-Bunting-189.png,Rustic-Bunting
data\spectrogram_dataset\train\Rustic-Bunting\Rustic-Bunting-19.png,Rustic-Bunting
data\spectrogram_dataset\train\Rustic-Bunting\Rustic-Bunting-190.png,Rustic-Bunting
data\spectrogram_dataset\train\Rustic-Bunting\Rustic-Bunting-191.png,Rustic-Bunting
data\spectrogram_dataset\train\Rustic-Bunting\Rustic-Bunting-192.png,Rustic-Bunting
data\spectrogram_dataset\train\Rustic-Bunting\Rustic-Bunting-193.png,Rustic-Bunting
data\spectrogram_dataset\train\Rustic-Bunting\Rustic-Bunting-194.png,Rustic-Bunting
data\spectrogram_dataset\train\Rustic-Bunting\Rustic-Bunting-195.png,Rustic-Bunting
data\spectrogram_dataset\train\Rustic-Bunting\Rustic-Bunting-196.png,Rustic-Bunting
data\spectrogram_dataset\train\Rustic-Bunting\Rustic-Bunting-197.png,Rustic-Bunting
data\spectrogram_dataset\train\Rustic-Bunting\Rustic-Bunting-198.png,Rustic-Bunting
data\spectrogram_dataset\train\Rustic-Bunting\Rustic-Bunting-199.png,Rustic-Bunting
data\spectrogram_dataset\train\Rustic-Bunting\Rustic-Bunting-2.png,Rustic-Bunting
data\spectrogram_dataset\train\Rustic-Bunting\Rustic-Bunting-20.png,Rustic-Bunting
data\spectrogram_dataset\train\Rustic-Bunting\Rustic-Bunting-200.png,Rustic-Bunting
data\spectrogram_dataset\train\Rustic-Bunting\Rustic-Bunting-201.png,Rustic-Bunting
data\spectrogram_dataset\train\Rustic-Bunting\Rustic-Bunting-202.png,Rustic-Bunting
data\spectrogram_dataset\train\Rustic-Bunting\Rustic-Bunting-203.png,Rustic-Bunting
data\spectrogram_dataset\train\Rustic-Bunting\Rustic-Bunting-204.png,Rustic-Bunting
data\spectrogram_dataset\train\Rustic-Bunting\Rustic-Bunting-205.png,Rustic-Bunting
data\spectrogram_dataset\train\Rustic-Bunting\Rustic-Bunting-206.png,Rustic-Bunting
data\spectrogram_dataset\train\Rustic-Bunting\Rustic-Bunting-207.png,Rustic-Bunting
data\spectrogram_dataset\train\Rustic-Bunting\Rustic-Bunting-208.png,Rustic-Bunting
data\spectrogram_dataset\train\Rustic-Bunting\Rustic-Bunting-209.png,Rustic-Bunting
data\spectrogram_dataset\train\Rustic-Bunting\Rustic-Bunting-21.png,Rustic-Bunting
data\spectrogram_dataset\train\Rustic-Bunting\Rustic-Bunting-210.png,Rustic-Bunting
data\spectrogram_dataset\train\Rustic-Bunting\Rustic-Bunting-211.png,Rustic-Bunting
data\spectrogram_dataset\train\Rustic-Bunting\Rustic-Bunting-212.png,Rustic-Bunting
data\spectrogram_dataset\train\Rustic-Bunting\Rustic-Bunting-213.png,Rustic-Bunting
data\spectrogram_dataset\train\Rustic-Bunting\Rustic-Bunting-214.png,Rustic-Bunting
data\spectrogram_dataset\train\Rustic-Bunting\Rustic-Bunting-215.png,Rustic-Bunting
data\spectrogram_dataset\train\Rustic-Bunting\Rustic-Bunting-216.png,Rustic-Bunting
data\spectrogram_dataset\train\Rustic-Bunting\Rustic-Bunting-217.png,Rustic-Bunting
data\spectrogram_dataset\train\Rustic-Bunting\Rustic-Bunting-218.png,Rustic-Bunting
data\spectrogram_dataset\train\Rustic-Bunting\Rustic-Bunting-219.png,Rustic-Bunting
data\spectrogram_dataset\train\Rustic-Bunting\Rustic-Bunting-22.png,Rustic-Bunting
data\spectrogram_dataset\train\Rustic-Bunting\Rustic-Bunting-220.png,Rustic-Bunting
data\spectrogram_dataset\train\Rustic-Bunting\Rustic-Bunting-221.png,Rustic-Bunting
data\spectrogram_dataset\train\Rustic-Bunting\Rustic-Bunting-222.png,Rustic-Bunting
data\spectrogram_dataset\train\Rustic-Bunting\Rustic-Bunting-223.png,Rustic-Bunting
data\spectrogram_dataset\train\Rustic-Bunting\Rustic-Bunting-224.png,Rustic-Bunting
data\spectrogram_dataset\train\Rustic-Bunting\Rustic-Bunting-225.png,Rustic-Bunting
data\spectrogram_dataset\train\Rustic-Bunting\Rustic-Bunting-226.png,Rustic-Bunting
data\spectrogram_dataset\train\Rustic-Bunting\Rustic-Bunting-227.png,Rustic-Bunting
data\spectrogram_dataset\train\Rustic-Bunting\Rustic-Bunting-228.png,Rustic-Bunting
data\spectrogram_dataset\train\Rustic-Bunting\Rustic-Bunting-229.png,Rustic-Bunting
data\spectrogram_dataset\train\Rustic-Bunting\Rustic-Bunting-23.png,Rustic-Bunting
data\spectrogram_dataset\train\Rustic-Bunting\Rustic-Bunting-230.png,Rustic-Bunting
data\spectrogram_dataset\train\Rustic-Bunting\Rustic-Bunting-231.png,Rustic-Bunting
data\spectrogram_dataset\train\Rustic-Bunting\Rustic-Bunting-232.png,Rustic-Bunting
data\spectrogram_dataset\train\Rustic-Bunting\Rustic-Bunting-233.png,Rustic-Bunting
data\spectrogram_dataset\train\Rustic-Bunting\Rustic-Bunting-234.png,Rustic-Bunting
data\spectrogram_dataset\train\Rustic-Bunting\Rustic-Bunting-235.png,Rustic-Bunting
data\spectrogram_dataset\train\Rustic-Bunting\Rustic-Bunting-236.png,Rustic-Bunting
data\spectrogram_dataset\train\Rustic-Bunting\Rustic-Bunting-237.png,Rustic-Bunting
data\spectrogram_dataset\train\Rustic-Bunting\Rustic-Bunting-238.png,Rustic-Bunting
data\spectrogram_dataset\train\Rustic-Bunting\Rustic-Bunting-239.png,Rustic-Bunting
data\spectrogram_dataset\train\Rustic-Bunting\Rustic-Bunting-24.png,Rustic-Bunting
data\spectrogram_dataset\train\Rustic-Bunting\Rustic-Bunting-240.png,Rustic-Bunting
data\spectrogram_dataset\train\Rustic-Bunting\Rustic-Bunting-241.png,Rustic-Bunting
data\spectrogram_dataset\train\Rustic-Bunting\Rustic-Bunting-25.png,Rustic-Bunting
data\spectrogram_dataset\train\Rustic-Bunting\Rustic-Bunting-26.png,Rustic-Bunting
data\spectrogram_dataset\train\Rustic-Bunting\Rustic-Bunting-27.png,Rustic-Bunting
data\spectrogram_dataset\train\Rustic-Bunting\Rustic-Bunting-28.png,Rustic-Bunting
data\spectrogram_dataset\train\Rustic-Bunting\Rustic-Bunting-29.png,Rustic-Bunting
data\spectrogram_dataset\train\Rustic-Bunting\Rustic-Bunting-3.png,Rustic-Bunting
data\spectrogram_dataset\train\Rustic-Bunting\Rustic-Bunting-30.png,Rustic-Bunting
data\spectrogram_dataset\train\Rustic-Bunting\Rustic-Bunting-31.png,Rustic-Bunting
data\spectrogram_dataset\train\Rustic-Bunting\Rustic-Bunting-32.png,Rustic-Bunting
data\spectrogram_dataset\train\Rustic-Bunting\Rustic-Bunting-33.png,Rustic-Bunting
data\spectrogram_dataset\train\Rustic-Bunting\Rustic-Bunting-34.png,Rustic-Bunting
data\spectrogram_dataset\train\Rustic-Bunting\Rustic-Bunting-35.png,Rustic-Bunting
data\spectrogram_dataset\train\Rustic-Bunting\Rustic-Bunting-36.png,Rustic-Bunting
data\spectrogram_dataset\train\Rustic-Bunting\Rustic-Bunting-37.png,Rustic-Bunting
data\spectrogram_dataset\train\Rustic-Bunting\Rustic-Bunting-38.png,Rustic-Bunting
data\spectrogram_dataset\train\Rustic-Bunting\Rustic-Bunting-39.png,Rustic-Bunting
data\spectrogram_dataset\train\Rustic-Bunting\Rustic-Bunting-4.png,Rustic-Bunting
data\spectrogram_dataset\train\Rustic-Bunting\Rustic-Bunting-40.png,Rustic-Bunting
data\spectrogram_dataset\train\Rustic-Bunting\Rustic-Bunting-41.png,Rustic-Bunting
data\spectrogram_dataset\train\Rustic-Bunting\Rustic-Bunting-42.png,Rustic-Bunting
data\spectrogram_dataset\train\Rustic-Bunting\Rustic-Bunting-43.png,Rustic-Bunting
data\spectrogram_dataset\train\Rustic-Bunting\Rustic-Bunting-44.png,Rustic-Bunting
data\spectrogram_dataset\train\Rustic-Bunting\Rustic-Bunting-45.png,Rustic-Bunting
data\spectrogram_dataset\train\Rustic-Bunting\Rustic-Bunting-46.png,Rustic-Bunting
data\spectrogram_dataset\train\Rustic-Bunting\Rustic-Bunting-47.png,Rustic-Bunting
data\spectrogram_dataset\train\Rustic-Bunting\Rustic-Bunting-48.png,Rustic-Bunting
data\spectrogram_dataset\train\Rustic-Bunting\Rustic-Bunting-49.png,Rustic-Bunting
data\spectrogram_dataset\train\Rustic-Bunting\Rustic-Bunting-5.png,Rustic-Bunting
data\spectrogram_dataset\train\Rustic-Bunting\Rustic-Bunting-50.png,Rustic-Bunting
data\spectrogram_dataset\train\Rustic-Bunting\Rustic-Bunting-51.png,Rustic-Bunting
data\spectrogram_dataset\train\Rustic-Bunting\Rustic-Bunting-52.png,Rustic-Bunting
data\spectrogram_dataset\train\Rustic-Bunting\Rustic-Bunting-53.png,Rustic-Bunting
data\spectrogram_dataset\train\Rustic-Bunting\Rustic-Bunting-54.png,Rustic-Bunting
data\spectrogram_dataset\train\Rustic-Bunting\Rustic-Bunting-55.png,Rustic-Bunting
data\spectrogram_dataset\train\Rustic-Bunting\Rustic-Bunting-56.png,Rustic-Bunting
data\spectrogram_dataset\train\Rustic-Bunting\Rustic-Bunting-57.png,Rustic-Bunting
data\spectrogram_dataset\train\Rustic-Bunting\Rustic-Bunting-58.png,Rustic-Bunting
data\spectrogram_dataset\train\Rustic-Bunting\Rustic-Bunting-59.png,Rustic-Bunting
data\spectrogram_dataset\train\Rustic-Bunting\Rustic-Bunting-6.png,Rustic-Bunting
data\spectrogram_dataset\train\Rustic-Bunting\Rustic-Bunting-60.png,Rustic-Bunting
data\spectrogram_dataset\train\Rustic-Bunting\Rustic-Bunting-61.png,Rustic-Bunting
data\spectrogram_dataset\train\Rustic-Bunting\Rustic-Bunting-62.png,Rustic-Bunting
data\spectrogram_dataset\train\Rustic-Bunting\Rustic-Bunting-63.png,Rustic-Bunting
data\spectrogram_dataset\train\Rustic-Bunting\Rustic-Bunting-64.png,Rustic-Bunting
data\spectrogram_dataset\train\Rustic-Bunting\Rustic-Bunting-65.png,Rustic-Bunting
data\spectrogram_dataset\train\Rustic-Bunting\Rustic-Bunting-66.png,Rustic-Bunting
data\spectrogram_dataset\train\Rustic-Bunting\Rustic-Bunting-67.png,Rustic-Bunting
data\spectrogram_dataset\train\Rustic-Bunting\Rustic-Bunting-68.png,Rustic-Bunting
data\spectrogram_dataset\train\Rustic-Bunting\Rustic-Bunting-69.png,Rustic-Bunting
data\spectrogram_dataset\train\Rustic-Bunting\Rustic-Bunting-7.png,Rustic-Bunting
data\spectrogram_dataset\train\Rustic-Bunting\Rustic-Bunting-70.png,Rustic-Bunting
data\spectrogram_dataset\train\Rustic-Bunting\Rustic-Bunting-71.png,Rustic-Bunting
data\spectrogram_dataset\train\Rustic-Bunting\Rustic-Bunting-72.png,Rustic-Bunting
data\spectrogram_dataset\train\Rustic-Bunting\Rustic-Bunting-73.png,Rustic-Bunting
data\spectrogram_dataset\train\Rustic-Bunting\Rustic-Bunting-74.png,Rustic-Bunting
data\spectrogram_dataset\train\Rustic-Bunting\Rustic-Bunting-75.png,Rustic-Bunting
data\spectrogram_dataset\train\Rustic-Bunting\Rustic-Bunting-76.png,Rustic-Bunting
data\spectrogram_dataset\train\Rustic-Bunting\Rustic-Bunting-77.png,Rustic-Bunting
data\spectrogram_dataset\train\Rustic-Bunting\Rustic-Bunting-78.png,Rustic-Bunting
data\spectrogram_dataset\train\Rustic-Bunting\Rustic-Bunting-79.png,Rustic-Bunting
data\spectrogram_dataset\train\Rustic-Bunting\Rustic-Bunting-8.png,Rustic-Bunting
data\spectrogram_dataset\train\Rustic-Bunting\Rustic-Bunting-80.png,Rustic-Bunting
data\spectrogram_dataset\train\Rustic-Bunting\Rustic-Bunting-81.png,Rustic-Bunting
data\spectrogram_dataset\train\Rustic-Bunting\Rustic-Bunting-82.png,Rustic-Bunting
data\spectrogram_dataset\train\Rustic-Bunting\Rustic-Bunting-83.png,Rustic-Bunting
data\spectrogram_dataset\train\Rustic-Bunting\Rustic-Bunting-84.png,Rustic-Bunting
data\spectrogram_dataset\train\Rustic-Bunting\Rustic-Bunting-85.png,Rustic-Bunting
data\spectrogram_dataset\train\Rustic-Bunting\Rustic-Bunting-86.png,Rustic-Bunting
data\spectrogram_dataset\train\Rustic-Bunting\Rustic-Bunting-87.png,Rustic-Bunting
data\spectrogram_dataset\train\Rustic-Bunting\Rustic-Bunting-88.png,Rustic-Bunting
data\spectrogram_dataset\train\Rustic-Bunting\Rustic-Bunting-89.png,Rustic-Bunting
data\spectrogram_dataset\train\Rustic-Bunting\Rustic-Bunting-9.png,Rustic-Bunting
data\spectrogram_dataset\train\Rustic-Bunting\Rustic-Bunting-90.png,Rustic-Bunting
data\spectrogram_dataset\train\Rustic-Bunting\Rustic-Bunting-91.png,Rustic-Bunting
data\spectrogram_dataset\train\Rustic-Bunting\Rustic-Bunting-92.png,Rustic-Bunting
data\spectrogram_dataset\train\Rustic-Bunting\Rustic-Bunting-93.png,Rustic-Bunting
data\spectrogram_dataset\train\Rustic-Bunting\Rustic-Bunting-94.png,Rustic-Bunting
data\spectrogram_dataset\train\Rustic-Bunting\Rustic-Bunting-95.png,Rustic-Bunting
data\spectrogram_dataset\train\Rustic-Bunting\Rustic-Bunting-96.png,Rustic-Bunting
data\spectrogram_dataset\train\Rustic-Bunting\Rustic-Bunting-97.png,Rustic-Bunting
data\spectrogram_dataset\train\Rustic-Bunting\Rustic-Bunting-98.png,Rustic-Bunting
data\spectrogram_dataset\train\Rustic-Bunting\Rustic-Bunting-99.png,Rustic-Bunting
data\spectrogram_dataset\train\Saker-Falcon\Saker-Falcon-0.png,Saker-Falcon
data\spectrogram_dataset\train\Saker-Falcon\Saker-Falcon-1.png,Saker-Falcon
data\spectrogram_dataset\train\Saker-Falcon\Saker-Falcon-10.png,Saker-Falcon
data\spectrogram_dataset\train\Saker-Falcon\Saker-Falcon-11.png,Saker-Falcon
data\spectrogram_dataset\train\Saker-Falcon\Saker-Falcon-12.png,Saker-Falcon
data\spectrogram_dataset\train\Saker-Falcon\Saker-Falcon-13.png,Saker-Falcon
data\spectrogram_dataset\train\Saker-Falcon\Saker-Falcon-14.png,Saker-Falcon
data\spectrogram_dataset\train\Saker-Falcon\Saker-Falcon-15.png,Saker-Falcon
data\spectrogram_dataset\train\Saker-Falcon\Saker-Falcon-16.png,Saker-Falcon
data\spectrogram_dataset\train\Saker-Falcon\Saker-Falcon-17.png,Saker-Falcon
data\spectrogram_dataset\train\Saker-Falcon\Saker-Falcon-18.png,Saker-Falcon
data\spectrogram_dataset\train\Saker-Falcon\Saker-Falcon-19.png,Saker-Falcon
data\spectrogram_dataset\train\Saker-Falcon\Saker-Falcon-2.png,Saker-Falcon
data\spectrogram_dataset\train\Saker-Falcon\Saker-Falcon-20.png,Saker-Falcon
data\spectrogram_dataset\train\Saker-Falcon\Saker-Falcon-21.png,Saker-Falcon
data\spectrogram_dataset\train\Saker-Falcon\Saker-Falcon-22.png,Saker-Falcon
data\spectrogram_dataset\train\Saker-Falcon\Saker-Falcon-23.png,Saker-Falcon
data\spectrogram_dataset\train\Saker-Falcon\Saker-Falcon-24.png,Saker-Falcon
data\spectrogram_dataset\train\Saker-Falcon\Saker-Falcon-25.png,Saker-Falcon
data\spectrogram_dataset\train\Saker-Falcon\Saker-Falcon-26.png,Saker-Falcon
data\spectrogram_dataset\train\Saker-Falcon\Saker-Falcon-27.png,Saker-Falcon
data\spectrogram_dataset\train\Saker-Falcon\Saker-Falcon-28.png,Saker-Falcon
data\spectrogram_dataset\train\Saker-Falcon\Saker-Falcon-29.png,Saker-Falcon
data\spectrogram_dataset\train\Saker-Falcon\Saker-Falcon-3.png,Saker-Falcon
data\spectrogram_dataset\train\Saker-Falcon\Saker-Falcon-30.png,Saker-Falcon
data\spectrogram_dataset\train\Saker-Falcon\Saker-Falcon-31.png,Saker-Falcon
data\spectrogram_dataset\train\Saker-Falcon\Saker-Falcon-32.png,Saker-Falcon
data\spectrogram_dataset\train\Saker-Falcon\Saker-Falcon-33.png,Saker-Falcon
data\spectrogram_dataset\train\Saker-Falcon\Saker-Falcon-34.png,Saker-Falcon
data\spectrogram_dataset\train\Saker-Falcon\Saker-Falcon-35.png,Saker-Falcon
data\spectrogram_dataset\train\Saker-Falcon\Saker-Falcon-36.png,Saker-Falcon
data\spectrogram_dataset\train\Saker-Falcon\Saker-Falcon-37.png,Saker-Falcon
data\spectrogram_dataset\train\Saker-Falcon\Saker-Falcon-38.png,Saker-Falcon
data\spectrogram_dataset\train\Saker-Falcon\Saker-Falcon-39.png,Saker-Falcon
data\spectrogram_dataset\train\Saker-Falcon\Saker-Falcon-4.png,Saker-Falcon
data\spectrogram_dataset\train\Saker-Falcon\Saker-Falcon-40.png,Saker-Falcon
data\spectrogram_dataset\train\Saker-Falcon\Saker-Falcon-41.png,Saker-Falcon
data\spectrogram_dataset\train\Saker-Falcon\Saker-Falcon-42.png,Saker-Falcon
data\spectrogram_dataset\train\Saker-Falcon\Saker-Falcon-43.png,Saker-Falcon
data\spectrogram_dataset\train\Saker-Falcon\Saker-Falcon-5.png,Saker-Falcon
data\spectrogram_dataset\train\Saker-Falcon\Saker-Falcon-6.png,Saker-Falcon
data\spectrogram_dataset\train\Saker-Falcon\Saker-Falcon-7.png,Saker-Falcon
data\spectrogram_dataset\train\Saker-Falcon\Saker-Falcon-8.png,Saker-Falcon
data\spectrogram_dataset\train\Saker-Falcon\Saker-Falcon-9.png,Saker-Falcon
data\spectrogram_dataset\train\Sarus-Crane\Sarus-Crane-0.png,Sarus-Crane
data\spectrogram_dataset\train\Sarus-Crane\Sarus-Crane-1.png,Sarus-Crane
data\spectrogram_dataset\train\Sarus-Crane\Sarus-Crane-10.png,Sarus-Crane
data\spectrogram_dataset\train\Sarus-Crane\Sarus-Crane-11.png,Sarus-Crane
data\spectrogram_dataset\train\Sarus-Crane\Sarus-Crane-12.png,Sarus-Crane
data\spectrogram_dataset\train\Sarus-Crane\Sarus-Crane-13.png,Sarus-Crane
data\spectrogram_dataset\train\Sarus-Crane\Sarus-Crane-14.png,Sarus-Crane
data\spectrogram_dataset\train\Sarus-Crane\Sarus-Crane-15.png,Sarus-Crane
data\spectrogram_dataset\train\Sarus-Crane\Sarus-Crane-16.png,Sarus-Crane
data\spectrogram_dataset\train\Sarus-Crane\Sarus-Crane-17.png,Sarus-Crane
data\spectrogram_dataset\train\Sarus-Crane\Sarus-Crane-18.png,Sarus-Crane
data\spectrogram_dataset\train\Sarus-Crane\Sarus-Crane-19.png,Sarus-Crane
data\spectrogram_dataset\train\Sarus-Crane\Sarus-Crane-2.png,Sarus-Crane
data\spectrogram_dataset\train\Sarus-Crane\Sarus-Crane-20.png,Sarus-Crane
data\spectrogram_dataset\train\Sarus-Crane\Sarus-Crane-21.png,Sarus-Crane
data\spectrogram_dataset\train\Sarus-Crane\Sarus-Crane-22.png,Sarus-Crane
data\spectrogram_dataset\train\Sarus-Crane\Sarus-Crane-23.png,Sarus-Crane
data\spectrogram_dataset\train\Sarus-Crane\Sarus-Crane-24.png,Sarus-Crane
data\spectrogram_dataset\train\Sarus-Crane\Sarus-Crane-25.png,Sarus-Crane
data\spectrogram_dataset\train\Sarus-Crane\Sarus-Crane-26.png,Sarus-Crane
data\spectrogram_dataset\train\Sarus-Crane\Sarus-Crane-27.png,Sarus-Crane
data\spectrogram_dataset\train\Sarus-Crane\Sarus-Crane-28.png,Sarus-Crane
data\spectrogram_dataset\train\Sarus-Crane\Sarus-Crane-29.png,Sarus-Crane
data\spectrogram_dataset\train\Sarus-Crane\Sarus-Crane-3.png,Sarus-Crane
data\spectrogram_dataset\train\Sarus-Crane\Sarus-Crane-30.png,Sarus-Crane
data\spectrogram_dataset\train\Sarus-Crane\Sarus-Crane-31.png,Sarus-Crane
data\spectrogram_dataset\train\Sarus-Crane\Sarus-Crane-32.png,Sarus-Crane
data\spectrogram_dataset\train\Sarus-Crane\Sarus-Crane-33.png,Sarus-Crane
data\spectrogram_dataset\train\Sarus-Crane\Sarus-Crane-34.png,Sarus-Crane
data\spectrogram_dataset\train\Sarus-Crane\Sarus-Crane-35.png,Sarus-Crane
data\spectrogram_dataset\train\Sarus-Crane\Sarus-Crane-36.png,Sarus-Crane
data\spectrogram_dataset\train\Sarus-Crane\Sarus-Crane-37.png,Sarus-Crane
data\spectrogram_dataset\train\Sarus-Crane\Sarus-Crane-38.png,Sarus-Crane
data\spectrogram_dataset\train\Sarus-Crane\Sarus-Crane-39.png,Sarus-Crane
data\spectrogram_dataset\train\Sarus-Crane\Sarus-Crane-4.png,Sarus-Crane
data\spectrogram_dataset\train\Sarus-Crane\Sarus-Crane-40.png,Sarus-Crane
data\spectrogram_dataset\train\Sarus-Crane\Sarus-Crane-41.png,Sarus-Crane
data\spectrogram_dataset\train\Sarus-Crane\Sarus-Crane-42.png,Sarus-Crane
data\spectrogram_dataset\train\Sarus-Crane\Sarus-Crane-43.png,Sarus-Crane
data\spectrogram_dataset\train\Sarus-Crane\Sarus-Crane-44.png,Sarus-Crane
data\spectrogram_dataset\train\Sarus-Crane\Sarus-Crane-45.png,Sarus-Crane
data\spectrogram_dataset\train\Sarus-Crane\Sarus-Crane-46.png,Sarus-Crane
data\spectrogram_dataset\train\Sarus-Crane\Sarus-Crane-47.png,Sarus-Crane
data\spectrogram_dataset\train\Sarus-Crane\Sarus-Crane-48.png,Sarus-Crane
data\spectrogram_dataset\train\Sarus-Crane\Sarus-Crane-49.png,Sarus-Crane
data\spectrogram_dataset\train\Sarus-Crane\Sarus-Crane-5.png,Sarus-Crane
data\spectrogram_dataset\train\Sarus-Crane\Sarus-Crane-50.png,Sarus-Crane
data\spectrogram_dataset\train\Sarus-Crane\Sarus-Crane-51.png,Sarus-Crane
data\spectrogram_dataset\train\Sarus-Crane\Sarus-Crane-52.png,Sarus-Crane
data\spectrogram_dataset\train\Sarus-Crane\Sarus-Crane-53.png,Sarus-Crane
data\spectrogram_dataset\train\Sarus-Crane\Sarus-Crane-54.png,Sarus-Crane
data\spectrogram_dataset\train\Sarus-Crane\Sarus-Crane-55.png,Sarus-Crane
data\spectrogram_dataset\train\Sarus-Crane\Sarus-Crane-56.png,Sarus-Crane
data\spectrogram_dataset\train\Sarus-Crane\Sarus-Crane-57.png,Sarus-Crane
data\spectrogram_dataset\train\Sarus-Crane\Sarus-Crane-58.png,Sarus-Crane
data\spectrogram_dataset\train\Sarus-Crane\Sarus-Crane-59.png,Sarus-Crane
data\spectrogram_dataset\train\Sarus-Crane\Sarus-Crane-6.png,Sarus-Crane
data\spectrogram_dataset\train\Sarus-Crane\Sarus-Crane-60.png,Sarus-Crane
data\spectrogram_dataset\train\Sarus-Crane\Sarus-Crane-61.png,Sarus-Crane
data\spectrogram_dataset\train\Sarus-Crane\Sarus-Crane-62.png,Sarus-Crane
data\spectrogram_dataset\train\Sarus-Crane\Sarus-Crane-63.png,Sarus-Crane
data\spectrogram_dataset\train\Sarus-Crane\Sarus-Crane-64.png,Sarus-Crane
data\spectrogram_dataset\train\Sarus-Crane\Sarus-Crane-65.png,Sarus-Crane
data\spectrogram_dataset\train\Sarus-Crane\Sarus-Crane-7.png,Sarus-Crane
data\spectrogram_dataset\train\Sarus-Crane\Sarus-Crane-8.png,Sarus-Crane
data\spectrogram_dataset\train\Sarus-Crane\Sarus-Crane-9.png,Sarus-Crane
data\spectrogram_dataset\train\Satyr-Tragopan\Satyr-Tragopan-0.png,Satyr-Tragopan
data\spectrogram_dataset\train\Satyr-Tragopan\Satyr-Tragopan-1.png,Satyr-Tragopan
data\spectrogram_dataset\train\Satyr-Tragopan\Satyr-Tragopan-10.png,Satyr-Tragopan
data\spectrogram_dataset\train\Satyr-Tragopan\Satyr-Tragopan-11.png,Satyr-Tragopan
data\spectrogram_dataset\train\Satyr-Tragopan\Satyr-Tragopan-12.png,Satyr-Tragopan
data\spectrogram_dataset\train\Satyr-Tragopan\Satyr-Tragopan-13.png,Satyr-Tragopan
data\spectrogram_dataset\train\Satyr-Tragopan\Satyr-Tragopan-14.png,Satyr-Tragopan
data\spectrogram_dataset\train\Satyr-Tragopan\Satyr-Tragopan-15.png,Satyr-Tragopan
data\spectrogram_dataset\train\Satyr-Tragopan\Satyr-Tragopan-16.png,Satyr-Tragopan
data\spectrogram_dataset\train\Satyr-Tragopan\Satyr-Tragopan-17.png,Satyr-Tragopan
data\spectrogram_dataset\train\Satyr-Tragopan\Satyr-Tragopan-18.png,Satyr-Tragopan
data\spectrogram_dataset\train\Satyr-Tragopan\Satyr-Tragopan-19.png,Satyr-Tragopan
data\spectrogram_dataset\train\Satyr-Tragopan\Satyr-Tragopan-2.png,Satyr-Tragopan
data\spectrogram_dataset\train\Satyr-Tragopan\Satyr-Tragopan-20.png,Satyr-Tragopan
data\spectrogram_dataset\train\Satyr-Tragopan\Satyr-Tragopan-21.png,Satyr-Tragopan
data\spectrogram_dataset\train\Satyr-Tragopan\Satyr-Tragopan-22.png,Satyr-Tragopan
data\spectrogram_dataset\train\Satyr-Tragopan\Satyr-Tragopan-23.png,Satyr-Tragopan
data\spectrogram_dataset\train\Satyr-Tragopan\Satyr-Tragopan-24.png,Satyr-Tragopan
data\spectrogram_dataset\train\Satyr-Tragopan\Satyr-Tragopan-3.png,Satyr-Tragopan
data\spectrogram_dataset\train\Satyr-Tragopan\Satyr-Tragopan-4.png,Satyr-Tragopan
data\spectrogram_dataset\train\Satyr-Tragopan\Satyr-Tragopan-5.png,Satyr-Tragopan
data\spectrogram_dataset\train\Satyr-Tragopan\Satyr-Tragopan-6.png,Satyr-Tragopan
data\spectrogram_dataset\train\Satyr-Tragopan\Satyr-Tragopan-7.png,Satyr-Tragopan
data\spectrogram_dataset\train\Satyr-Tragopan\Satyr-Tragopan-8.png,Satyr-Tragopan
data\spectrogram_dataset\train\Satyr-Tragopan\Satyr-Tragopan-9.png,Satyr-Tragopan
data\spectrogram_dataset\train\Slender-billed-Babbler\Slender-billed-Babbler-0.png,Slender-billed-Babbler
data\spectrogram_dataset\train\Slender-billed-Babbler\Slender-billed-Babbler-1.png,Slender-billed-Babbler
data\spectrogram_dataset\train\Slender-billed-Babbler\Slender-billed-Babbler-10.png,Slender-billed-Babbler
data\spectrogram_dataset\train\Slender-billed-Babbler\Slender-billed-Babbler-11.png,Slender-billed-Babbler
data\spectrogram_dataset\train\Slender-billed-Babbler\Slender-billed-Babbler-12.png,Slender-billed-Babbler
data\spectrogram_dataset\train\Slender-billed-Babbler\Slender-billed-Babbler-13.png,Slender-billed-Babbler
data\spectrogram_dataset\train\Slender-billed-Babbler\Slender-billed-Babbler-14.png,Slender-billed-Babbler
data\spectrogram_dataset\train\Slender-billed-Babbler\Slender-billed-Babbler-15.png,Slender-billed-Babbler
data\spectrogram_dataset\train\Slender-billed-Babbler\Slender-billed-Babbler-16.png,Slender-billed-Babbler
data\spectrogram_dataset\train\Slender-billed-Babbler\Slender-billed-Babbler-17.png,Slender-billed-Babbler
data\spectrogram_dataset\train\Slender-billed-Babbler\Slender-billed-Babbler-18.png,Slender-billed-Babbler
data\spectrogram_dataset\train\Slender-billed-Babbler\Slender-billed-Babbler-19.png,Slender-billed-Babbler
data\spectrogram_dataset\train\Slender-billed-Babbler\Slender-billed-Babbler-2.png,Slender-billed-Babbler
data\spectrogram_dataset\train\Slender-billed-Babbler\Slender-billed-Babbler-20.png,Slender-billed-Babbler
data\spectrogram_dataset\train\Slender-billed-Babbler\Slender-billed-Babbler-21.png,Slender-billed-Babbler
data\spectrogram_dataset\train\Slender-billed-Babbler\Slender-billed-Babbler-22.png,Slender-billed-Babbler
data\spectrogram_dataset\train\Slender-billed-Babbler\Slender-billed-Babbler-23.png,Slender-billed-Babbler
data\spectrogram_dataset\train\Slender-billed-Babbler\Slender-billed-Babbler-24.png,Slender-billed-Babbler
data\spectrogram_dataset\train\Slender-billed-Babbler\Slender-billed-Babbler-25.png,Slender-billed-Babbler
data\spectrogram_dataset\train\Slender-billed-Babbler\Slender-billed-Babbler-26.png,Slender-billed-Babbler
data\spectrogram_dataset\train\Slender-billed-Babbler\Slender-billed-Babbler-27.png,Slender-billed-Babbler
data\spectrogram_dataset\train\Slender-billed-Babbler\Slender-billed-Babbler-28.png,Slender-billed-Babbler
data\spectrogram_dataset\train\Slender-billed-Babbler\Slender-billed-Babbler-3.png,Slender-billed-Babbler
data\spectrogram_dataset\train\Slender-billed-Babbler\Slender-billed-Babbler-4.png,Slender-billed-Babbler
data\spectrogram_dataset\train\Slender-billed-Babbler\Slender-billed-Babbler-5.png,Slender-billed-Babbler
data\spectrogram_dataset\train\Slender-billed-Babbler\Slender-billed-Babbler-6.png,Slender-billed-Babbler
data\spectrogram_dataset\train\Slender-billed-Babbler\Slender-billed-Babbler-7.png,Slender-billed-Babbler
data\spectrogram_dataset\train\Slender-billed-Babbler\Slender-billed-Babbler-8.png,Slender-billed-Babbler
data\spectrogram_dataset\train\Slender-billed-Babbler\Slender-billed-Babbler-9.png,Slender-billed-Babbler
data\spectrogram_dataset\train\Spiny-Babbler\Spiny-Babbler-0.png,Spiny-Babbler
data\spectrogram_dataset\train\Spiny-Babbler\Spiny-Babbler-1.png,Spiny-Babbler
data\spectrogram_dataset\train\Spiny-Babbler\Spiny-Babbler-10.png,Spiny-Babbler
data\spectrogram_dataset\train\Spiny-Babbler\Spiny-Babbler-11.png,Spiny-Babbler
data\spectrogram_dataset\train\Spiny-Babbler\Spiny-Babbler-12.png,Spiny-Babbler
data\spectrogram_dataset\train\Spiny-Babbler\Spiny-Babbler-13.png,Spiny-Babbler
data\spectrogram_dataset\train\Spiny-Babbler\Spiny-Babbler-14.png,Spiny-Babbler
data\spectrogram_dataset\train\Spiny-Babbler\Spiny-Babbler-15.png,Spiny-Babbler
data\spectrogram_dataset\train\Spiny-Babbler\Spiny-Babbler-16.png,Spiny-Babbler
data\spectrogram_dataset\train\Spiny-Babbler\Spiny-Babbler-17.png,Spiny-Babbler
data\spectrogram_dataset\train\Spiny-Babbler\Spiny-Babbler-18.png,Spiny-Babbler
data\spectrogram_dataset\train\Spiny-Babbler\Spiny-Babbler-19.png,Spiny-Babbler
data\spectrogram_dataset\train\Spiny-Babbler\Spiny-Babbler-2.png,Spiny-Babbler
data\spectrogram_dataset\train\Spiny-Babbler\Spiny-Babbler-20.png,Spiny-Babbler
data\spectrogram_dataset\train\Spiny-Babbler\Spiny-Babbler-21.png,Spiny-Babbler
data\spectrogram_dataset\train\Spiny-Babbler\Spiny-Babbler-22.png,Spiny-Babbler
data\spectrogram_dataset\train\Spiny-Babbler\Spiny-Babbler-23.png,Spiny-Babbler
data\spectrogram_dataset\train\Spiny-Babbler\Spiny-Babbler-24.png,Spiny-Babbler
data\spectrogram_dataset\train\Spiny-Babbler\Spiny-Babbler-25.png,Spiny-Babbler
data\spectrogram_dataset\train\Spiny-Babbler\Spiny-Babbler-26.png,Spiny-Babbler
data\spectrogram_dataset\train\Spiny-Babbler\Spiny-Babbler-27.png,Spiny-Babbler
data\spectrogram_dataset\train\Spiny-Babbler\Spiny-Babbler-28.png,Spiny-Babbler
data\spectrogram_dataset\train\Spiny-Babbler\Spiny-Babbler-29.png,Spiny-Babbler
data\spectrogram_dataset\train\Spiny-Babbler\Spiny-Babbler-3.png,Spiny-Babbler
data\spectrogram_dataset\train\Spiny-Babbler\Spiny-Babbler-30.png,Spiny-Babbler
data\spectrogram_dataset\train\Spiny-Babbler\Spiny-Babbler-31.png,Spiny-Babbler
data\spectrogram_dataset\train\Spiny-Babbler\Spiny-Babbler-32.png,Spiny-Babbler
data\spectrogram_dataset\train\Spiny-Babbler\Spiny-Babbler-33.png,Spiny-Babbler
data\spectrogram_dataset\train\Spiny-Babbler\Spiny-Babbler-34.png,Spiny-Babbler
data\spectrogram_dataset\train\Spiny-Babbler\Spiny-Babbler-35.png,Spiny-Babbler
data\spectrogram_dataset\train\Spiny-Babbler\Spiny-Babbler-36.png,Spiny-Babbler
data\spectrogram_dataset\train\Spiny-Babbler\Spiny-Babbler-37.png,Spiny-Babbler
data\spectrogram_dataset\train\Spiny-Babbler\Spiny-Babbler-38.png,Spiny-Babbler
data\spectrogram_dataset\train\Spiny-Babbler\Spiny-Babbler-39.png,Spiny-Babbler
data\spectrogram_dataset\train\Spiny-Babbler\Spiny-Babbler-4.png,Spiny-Babbler
data\spectrogram_dataset\train\Spiny-Babbler\Spiny-Babbler-40.png,Spiny-Babbler
data\spectrogram_dataset\train\Spiny-Babbler\Spiny-Babbler-41.png,Spiny-Babbler
data\spectrogram_dataset\train\Spiny-Babbler\Spiny-Babbler-42.png,Spiny-Babbler
data\spectrogram_dataset\train\Spiny-Babbler\Spiny-Babbler-43.png,Spiny-Babbler
data\spectrogram_dataset\train\Spiny-Babbler\Spiny-Babbler-44.png,Spiny-Babbler
data\spectrogram_dataset\train\Spiny-Babbler\Spiny-Babbler-45.png,Spiny-Babbler
data\spectrogram_dataset\train\Spiny-Babbler\Spiny-Babbler-46.png,Spiny-Babbler
data\spectrogram_dataset\train\Spiny-Babbler\Spiny-Babbler-47.png,Spiny-Babbler
data\spectrogram_dataset\train\Spiny-Babbler\Spiny-Babbler-48.png,Spiny-Babbler
data\spectrogram_dataset\train\Spiny-Babbler\Spiny-Babbler-49.png,Spiny-Babbler
data\spectrogram_dataset\train\Spiny-Babbler\Spiny-Babbler-5.png,Spiny-Babbler
data\spectrogram_dataset\train\Spiny-Babbler\Spiny-Babbler-50.png,Spiny-Babbler
data\spectrogram_dataset\train\Spiny-Babbler\Spiny-Babbler-51.png,Spiny-Babbler
data\spectrogram_dataset\train\Spiny-Babbler\Spiny-Babbler-52.png,Spiny-Babbler
data\spectrogram_dataset\train\Spiny-Babbler\Spiny-Babbler-53.png,Spiny-Babbler
data\spectrogram_dataset\train\Spiny-Babbler\Spiny-Babbler-54.png,Spiny-Babbler
data\spectrogram_dataset\train\Spiny-Babbler\Spiny-Babbler-55.png,Spiny-Babbler
data\spectrogram_dataset\train\Spiny-Babbler\Spiny-Babbler-6.png,Spiny-Babbler
data\spectrogram_dataset\train\Spiny-Babbler\Spiny-Babbler-7.png,Spiny-Babbler
data\spectrogram_dataset\train\Spiny-Babbler\Spiny-Babbler-8.png,Spiny-Babbler
data\spectrogram_dataset\train\Spiny-Babbler\Spiny-Babbler-9.png,Spiny-Babbler
data\spectrogram_dataset\train\Steppe-Eagle\Steppe-Eagle-0.png,Steppe-Eagle
data\spectrogram_dataset\train\Steppe-Eagle\Steppe-Eagle-1.png,Steppe-Eagle
data\spectrogram_dataset\train\Steppe-Eagle\Steppe-Eagle-10.png,Steppe-Eagle
data\spectrogram_dataset\train\Steppe-Eagle\Steppe-Eagle-11.png,Steppe-Eagle
data\spectrogram_dataset\train\Steppe-Eagle\Steppe-Eagle-12.png,Steppe-Eagle
data\spectrogram_dataset\train\Steppe-Eagle\Steppe-Eagle-13.png,Steppe-Eagle
data\spectrogram_dataset\train\Steppe-Eagle\Steppe-Eagle-14.png,Steppe-Eagle
data\spectrogram_dataset\train\Steppe-Eagle\Steppe-Eagle-15.png,Steppe-Eagle
data\spectrogram_dataset\train\Steppe-Eagle\Steppe-Eagle-16.png,Steppe-Eagle
data\spectrogram_dataset\train\Steppe-Eagle\Steppe-Eagle-17.png,Steppe-Eagle
data\spectrogram_dataset\train\Steppe-Eagle\Steppe-Eagle-2.png,Steppe-Eagle
data\spectrogram_dataset\train\Steppe-Eagle\Steppe-Eagle-3.png,Steppe-Eagle
data\spectrogram_dataset\train\Steppe-Eagle\Steppe-Eagle-4.png,Steppe-Eagle
data\spectrogram_dataset\train\Steppe-Eagle\Steppe-Eagle-5.png,Steppe-Eagle
data\spectrogram_dataset\train\Steppe-Eagle\Steppe-Eagle-6.png,Steppe-Eagle
data\spectrogram_dataset\train\Steppe-Eagle\Steppe-Eagle-7.png,Steppe-Eagle
data\spectrogram_dataset\train\Steppe-Eagle\Steppe-Eagle-8.png,Steppe-Eagle
data\spectrogram_dataset\train\Steppe-Eagle\Steppe-Eagle-9.png,Steppe-Eagle
data\spectrogram_dataset\train\Swamp-Francolin\Swamp-Francolin-0.png,Swamp-Francolin
data\spectrogram_dataset\train\Swamp-Francolin\Swamp-Francolin-1.png,Swamp-Francolin
data\spectrogram_dataset\train\Swamp-Francolin\Swamp-Francolin-10.png,Swamp-Francolin
data\spectrogram_dataset\train\Swamp-Francolin\Swamp-Francolin-11.png,Swamp-Francolin
data\spectrogram_dataset\train\Swamp-Francolin\Swamp-Francolin-12.png,Swamp-Francolin
data\spectrogram_dataset\train\Swamp-Francolin\Swamp-Francolin-13.png,Swamp-Francolin
data\spectrogram_dataset\train\Swamp-Francolin\Swamp-Francolin-14.png,Swamp-Francolin
data\spectrogram_dataset\train\Swamp-Francolin\Swamp-Francolin-15.png,Swamp-Francolin
data\spectrogram_dataset\train\Swamp-Francolin\Swamp-Francolin-16.png,Swamp-Francolin
data\spectrogram_dataset\train\Swamp-Francolin\Swamp-Francolin-17.png,Swamp-Francolin
data\spectrogram_dataset\train\Swamp-Francolin\Swamp-Francolin-18.png,Swamp-Francolin
data\spectrogram_dataset\train\Swamp-Francolin\Swamp-Francolin-19.png,Swamp-Francolin
data\spectrogram_dataset\train\Swamp-Francolin\Swamp-Francolin-2.png,Swamp-Francolin
data\spectrogram_dataset\train\Swamp-Francolin\Swamp-Francolin-20.png,Swamp-Francolin
data\spectrogram_dataset\train\Swamp-Francolin\Swamp-Francolin-21.png,Swamp-Francolin
data\spectrogram_dataset\train\Swamp-Francolin\Swamp-Francolin-22.png,Swamp-Francolin
data\spectrogram_dataset\train\Swamp-Francolin\Swamp-Francolin-23.png,Swamp-Francolin
data\spectrogram_dataset\train\Swamp-Francolin\Swamp-Francolin-24.png,Swamp-Francolin
data\spectrogram_dataset\train\Swamp-Francolin\Swamp-Francolin-25.png,Swamp-Francolin
data\spectrogram_dataset\train\Swamp-Francolin\Swamp-Francolin-26.png,Swamp-Francolin
data\spectrogram_dataset\train\Swamp-Francolin\Swamp-Francolin-27.png,Swamp-Francolin
data\spectrogram_dataset\train\Swamp-Francolin\Swamp-Francolin-28.png,Swamp-Francolin
data\spectrogram_dataset\train\Swamp-Francolin\Swamp-Francolin-29.png,Swamp-Francolin
data\spectrogram_dataset\train\Swamp-Francolin\Swamp-Francolin-3.png,Swamp-Francolin
data\spectrogram_dataset\train\Swamp-Francolin\Swamp-Francolin-30.png,Swamp-Francolin
data\spectrogram_dataset\train\Swamp-Francolin\Swamp-Francolin-31.png,Swamp-Francolin
data\spectrogram_dataset\train\Swamp-Francolin\Swamp-Francolin-32.png,Swamp-Francolin
data\spectrogram_dataset\train\Swamp-Francolin\Swamp-Francolin-33.png,Swamp-Francolin
data\spectrogram_dataset\train\Swamp-Francolin\Swamp-Francolin-34.png,Swamp-Francolin
data\spectrogram_dataset\train\Swamp-Francolin\Swamp-Francolin-35.png,Swamp-Francolin
data\spectrogram_dataset\train\Swamp-Francolin\Swamp-Francolin-36.png,Swamp-Francolin
data\spectrogram_dataset\train\Swamp-Francolin\Swamp-Francolin-37.png,Swamp-Francolin
data\spectrogram_dataset\train\Swamp-Francolin\Swamp-Francolin-38.png,Swamp-Francolin
data\spectrogram_dataset\train\Swamp-Francolin\Swamp-Francolin-39.png,Swamp-Francolin
data\spectrogram_dataset\train\Swamp-Francolin\Swamp-Francolin-4.png,Swamp-Francolin
data\spectrogram_dataset\train\Swamp-Francolin\Swamp-Francolin-5.png,Swamp-Francolin
data\spectrogram_dataset\train\Swamp-Francolin\Swamp-Francolin-6.png,Swamp-Francolin
data\spectrogram_dataset\train\Swamp-Francolin\Swamp-Francolin-7.png,Swamp-Francolin
data\spectrogram_dataset\train\Swamp-Francolin\Swamp-Francolin-8.png,Swamp-Francolin
data\spectrogram_dataset\train\Swamp-Francolin\Swamp-Francolin-9.png,Swamp-Francolin
data\spectrogram_dataset\train\Swamp-Grass-babbler\Swamp-Grass-babbler-0.png,Swamp-Grass-babbler
data\spectrogram_dataset\train\Swamp-Grass-babbler\Swamp-Grass-babbler-1.png,Swamp-Grass-babbler
data\spectrogram_dataset\train\Swamp-Grass-babbler\Swamp-Grass-babbler-10.png,Swamp-Grass-babbler
data\spectrogram_dataset\train\Swamp-Grass-babbler\Swamp-Grass-babbler-11.png,Swamp-Grass-babbler
data\spectrogram_dataset\train\Swamp-Grass-babbler\Swamp-Grass-babbler-12.png,Swamp-Grass-babbler
data\spectrogram_dataset\train\Swamp-Grass-babbler\Swamp-Grass-babbler-13.png,Swamp-Grass-babbler
data\spectrogram_dataset\train\Swamp-Grass-babbler\Swamp-Grass-babbler-14.png,Swamp-Grass-babbler
data\spectrogram_dataset\train\Swamp-Grass-babbler\Swamp-Grass-babbler-15.png,Swamp-Grass-babbler
data\spectrogram_dataset\train\Swamp-Grass-babbler\Swamp-Grass-babbler-16.png,Swamp-Grass-babbler
data\spectrogram_dataset\train\Swamp-Grass-babbler\Swamp-Grass-babbler-17.png,Swamp-Grass-babbler
data\spectrogram_dataset\train\Swamp-Grass-babbler\Swamp-Grass-babbler-18.png,Swamp-Grass-babbler
data\spectrogram_dataset\train\Swamp-Grass-babbler\Swamp-Grass-babbler-19.png,Swamp-Grass-babbler
data\spectrogram_dataset\train\Swamp-Grass-babbler\Swamp-Grass-babbler-2.png,Swamp-Grass-babbler
data\spectrogram_dataset\train\Swamp-Grass-babbler\Swamp-Grass-babbler-20.png,Swamp-Grass-babbler
data\spectrogram_dataset\train\Swamp-Grass-babbler\Swamp-Grass-babbler-21.png,Swamp-Grass-babbler
data\spectrogram_dataset\train\Swamp-Grass-babbler\Swamp-Grass-babbler-22.png,Swamp-Grass-babbler
data\spectrogram_dataset\train\Swamp-Grass-babbler\Swamp-Grass-babbler-23.png,Swamp-Grass-babbler
data\spectrogram_dataset\train\Swamp-Grass-babbler\Swamp-Grass-babbler-24.png,Swamp-Grass-babbler
data\spectrogram_dataset\train\Swamp-Grass-babbler\Swamp-Grass-babbler-25.png,Swamp-Grass-babbler
data\spectrogram_dataset\train\Swamp-Grass-babbler\Swamp-Grass-babbler-26.png,Swamp-Grass-babbler
data\spectrogram_dataset\train\Swamp-Grass-babbler\Swamp-Grass-babbler-27.png,Swamp-Grass-babbler
data\spectrogram_dataset\train\Swamp-Grass-babbler\Swamp-Grass-babbler-28.png,Swamp-Grass-babbler
data\spectrogram_dataset\train\Swamp-Grass-babbler\Swamp-Grass-babbler-29.png,Swamp-Grass-babbler
data\spectrogram_dataset\train\Swamp-Grass-babbler\Swamp-Grass-babbler-3.png,Swamp-Grass-babbler
data\spectrogram_dataset\train\Swamp-Grass-babbler\Swamp-Grass-babbler-30.png,Swamp-Grass-babbler
data\spectrogram_dataset\train\Swamp-Grass-babbler\Swamp-Grass-babbler-31.png,Swamp-Grass-babbler
data\spectrogram_dataset\train\Swamp-Grass-babbler\Swamp-Grass-babbler-32.png,Swamp-Grass-babbler
data\spectrogram_dataset\train\Swamp-Grass-babbler\Swamp-Grass-babbler-33.png,Swamp-Grass-babbler
data\spectrogram_dataset\train\Swamp-Grass-babbler\Swamp-Grass-babbler-34.png,Swamp-Grass-babbler
data\spectrogram_dataset\train\Swamp-Grass-babbler\Swamp-Grass-babbler-35.png,Swamp-Grass-babbler
data\spectrogram_dataset\train\Swamp-Grass-babbler\Swamp-Grass-babbler-36.png,Swamp-Grass-babbler
data\spectrogram_dataset\train\Swamp-Grass-babbler\Swamp-Grass-babbler-37.png,Swamp-Grass-babbler
data\spectrogram_dataset\train\Swamp-Grass-babbler\Swamp-Grass-babbler-38.png,Swamp-Grass-babbler
data\spectrogram_dataset\train\Swamp-Grass-babbler\Swamp-Grass-babbler-39.png,Swamp-Grass-babbler
data\spectrogram_dataset\train\Swamp-Grass-babbler\Swamp-Grass-babbler-4.png,Swamp-Grass-babbler
data\spectrogram_dataset\train\Swamp-Grass-babbler\Swamp-Grass-babbler-40.png,Swamp-Grass-babbler
data\spectrogram_dataset\train\Swamp-Grass-babbler\Swamp-Grass-babbler-41.png,Swamp-Grass-babbler
data\spectrogram_dataset\train\Swamp-Grass-babbler\Swamp-Grass-babbler-42.png,Swamp-Grass-babbler
data\spectrogram_dataset\train\Swamp-Grass-babbler\Swamp-Grass-babbler-43.png,Swamp-Grass-babbler
data\spectrogram_dataset\train\Swamp-Grass-babbler\Swamp-Grass-babbler-5.png,Swamp-Grass-babbler
data\spectrogram_dataset\train\Swamp-Grass-babbler\Swamp-Grass-babbler-6.png,Swamp-Grass-babbler
data\spectrogram_dataset\train\Swamp-Grass-babbler\Swamp-Grass-babbler-7.png,Swamp-Grass-babbler
data\spectrogram_dataset\train\Swamp-Grass-babbler\Swamp-Grass-babbler-8.png,Swamp-Grass-babbler
data\spectrogram_dataset\train\Swamp-Grass-babbler\Swamp-Grass-babbler-9.png,Swamp-Grass-babbler
data\spectrogram_dataset\train\White-throated-Bushchat\White-throated-Bushchat-0.png,White-throated-Bushchat
data\spectrogram_dataset\train\White-throated-Bushchat\White-throated-Bushchat-1.png,White-throated-Bushchat
data\spectrogram_dataset\train\White-throated-Bushchat\White-throated-Bushchat-10.png,White-throated-Bushchat
data\spectrogram_dataset\train\White-throated-Bushchat\White-throated-Bushchat-11.png,White-throated-Bushchat
data\spectrogram_dataset\train\White-throated-Bushchat\White-throated-Bushchat-12.png,White-throated-Bushchat
data\spectrogram_dataset\train\White-throated-Bushchat\White-throated-Bushchat-13.png,White-throated-Bushchat
data\spectrogram_dataset\train\White-throated-Bushchat\White-throated-Bushchat-14.png,White-throated-Bushchat
data\spectrogram_dataset\train\White-throated-Bushchat\White-throated-Bushchat-15.png,White-throated-Bushchat
data\spectrogram_dataset\train\White-throated-Bushchat\White-throated-Bushchat-16.png,White-throated-Bushchat
data\spectrogram_dataset\train\White-throated-Bushchat\White-throated-Bushchat-17.png,White-throated-Bushchat
data\spectrogram_dataset\train\White-throated-Bushchat\White-throated-Bushchat-18.png,White-throated-Bushchat
data\spectrogram_dataset\train\White-throated-Bushchat\White-throated-Bushchat-19.png,White-throated-Bushchat
data\spectrogram_dataset\train\White-throated-Bushchat\White-throated-Bushchat-2.png,White-throated-Bushchat
data\spectrogram_dataset\train\White-throated-Bushchat\White-throated-Bushchat-3.png,White-throated-Bushchat
data\spectrogram_dataset\train\White-throated-Bushchat\White-throated-Bushchat-4.png,White-throated-Bushchat
data\spectrogram_dataset\train\White-throated-Bushchat\White-throated-Bushchat-5.png,White-throated-Bushchat
data\spectrogram_dataset\train\White-throated-Bushchat\White-throated-Bushchat-6.png,White-throated-Bushchat
data\spectrogram_dataset\train\White-throated-Bushchat\White-throated-Bushchat-7.png,White-throated-Bushchat
data\spectrogram_dataset\train\White-throated-Bushchat\White-throated-Bushchat-8.png,White-throated-Bushchat
data\spectrogram_dataset\train\White-throated-Bushchat\White-throated-Bushchat-9.png,White-throated-Bushchat
data\spectrogram_dataset\train\Wood-Snipe\Wood-Snipe-0.png,Wood-Snipe
data\spectrogram_dataset\train\Wood-Snipe\Wood-Snipe-1.png,Wood-Snipe
data\spectrogram_dataset\train\Wood-Snipe\Wood-Snipe-10.png,Wood-Snipe
data\spectrogram_dataset\train\Wood-Snipe\Wood-Snipe-11.png,Wood-Snipe
data\spectrogram_dataset\train\Wood-Snipe\Wood-Snipe-12.png,Wood-Snipe
data\spectrogram_dataset\train\Wood-Snipe\Wood-Snipe-13.png,Wood-Snipe
data\spectrogram_dataset\train\Wood-Snipe\Wood-Snipe-14.png,Wood-Snipe
data\spectrogram_dataset\train\Wood-Snipe\Wood-Snipe-15.png,Wood-Snipe
data\spectrogram_dataset\train\Wood-Snipe\Wood-Snipe-16.png,Wood-Snipe
data\spectrogram_dataset\train\Wood-Snipe\Wood-Snipe-17.png,Wood-Snipe
data\spectrogram_dataset\train\Wood-Snipe\Wood-Snipe-18.png,Wood-Snipe
data\spectrogram_dataset\train\Wood-Snipe\Wood-Snipe-19.png,Wood-Snipe
data\spectrogram_dataset\train\Wood-Snipe\Wood-Snipe-2.png,Wood-Snipe
data\spectrogram_dataset\train\Wood-Snipe\Wood-Snipe-20.png,Wood-Snipe
data\spectrogram_dataset\train\Wood-Snipe\Wood-Snipe-21.png,Wood-Snipe
data\spectrogram_dataset\train\Wood-Snipe\Wood-Snipe-22.png,Wood-Snipe
data\spectrogram_dataset\train\Wood-Snipe\Wood-Snipe-23.png,Wood-Snipe
data\spectrogram_dataset\train\Wood-Snipe\Wood-Snipe-24.png,Wood-Snipe
data\spectrogram_dataset\train\Wood-Snipe\Wood-Snipe-25.png,Wood-Snipe
data\spectrogram_dataset\train\Wood-Snipe\Wood-Snipe-26.png,Wood-Snipe
data\spectrogram_dataset\train\Wood-Snipe\Wood-Snipe-27.png,Wood-Snipe
data\spectrogram_dataset\train\Wood-Snipe\Wood-Snipe-28.png,Wood-Snipe
data\spectrogram_dataset\train\Wood-Snipe\Wood-Snipe-29.png,Wood-Snipe
data\spectrogram_dataset\train\Wood-Snipe\Wood-Snipe-3.png,Wood-Snipe
data\spectrogram_dataset\train\Wood-Snipe\Wood-Snipe-30.png,Wood-Snipe
data\spectrogram_dataset\train\Wood-Snipe\Wood-Snipe-31.png,Wood-Snipe
data\spectrogram_dataset\train\Wood-Snipe\Wood-Snipe-4.png,Wood-Snipe
data\spectrogram_dataset\train\Wood-Snipe\Wood-Snipe-5.png,Wood-Snipe
data\spectrogram_dataset\train\Wood-Snipe\Wood-Snipe-6.png,Wood-Snipe
data\spectrogram_dataset\train\Wood-Snipe\Wood-Snipe-7.png,Wood-Snipe
data\spectrogram_dataset\train\Wood-Snipe\Wood-Snipe-8.png,Wood-Snipe
data\spectrogram_dataset\train\Wood-Snipe\Wood-Snipe-9.png,Wood-Snipe
